Timestamp,Chiller ID,Chiller kW,CHW Flow L/s,LCHWT,ECHWT,ECWT,Aux kW
2026-07-01 00:00,CH1,118.24,26.00,6.50,12.00,27.17,40.67
2026-07-01 00:00,CH2,130.92,25.15,6.50,12.00,26.59,40.62
2026-07-01 00:05,CH1,120.69,26.54,6.50,12.00,26.57,40.88
2026-07-01 00:05,CH2,136.65,26.30,6.50,12.00,26.52,40.50
2026-07-01 00:10,CH1,119.28,26.20,6.50,12.00,26.33,40.47
2026-07-01 00:10,CH2,137.43,26.50,6.50,12.00,26.91,40.03
2026-07-01 00:15,CH1,115.06,25.39,6.50,12.00,26.51,40.78
2026-07-01 00:15,CH2,134.37,25.91,6.50,12.00,26.50,40.84
2026-07-01 00:20,CH1,117.98,25.87,6.50,12.00,26.65,40.45
2026-07-01 00:20,CH2,129.49,24.97,6.50,12.00,26.88,40.60
2026-07-01 00:25,CH1,115.85,25.44,6.50,12.00,26.54,40.30
2026-07-01 00:25,CH2,137.83,26.43,6.50,12.00,26.84,40.20
2026-07-01 00:30,CH1,116.13,25.58,6.50,12.00,26.41,40.66
2026-07-01 00:30,CH2,137.39,26.38,6.50,12.00,27.26,40.09
2026-07-01 00:35,CH1,122.57,26.98,6.50,12.00,27.28,40.14
2026-07-01 00:35,CH2,131.19,25.32,6.50,12.00,26.70,40.48
2026-07-01 00:40,CH1,120.42,26.41,6.50,12.00,26.42,40.72
2026-07-01 00:40,CH2,140.43,27.05,6.50,12.00,27.05,40.18
2026-07-01 00:45,CH1,119.94,26.32,6.50,12.00,26.47,41.00
2026-07-01 00:45,CH2,137.71,26.41,6.50,12.00,26.79,40.58
2026-07-01 00:50,CH1,118.53,26.07,6.50,12.00,26.68,40.73
2026-07-01 00:50,CH2,135.02,25.99,6.50,12.00,27.20,40.70
2026-07-01 00:55,CH1,125.30,27.51,6.50,12.00,26.80,40.55
2026-07-01 00:55,CH2,135.29,26.11,6.50,12.00,27.06,40.31
2026-07-01 01:00,CH1,124.01,27.23,6.50,12.00,26.47,40.48
2026-07-01 01:00,CH2,141.43,27.30,6.50,12.00,27.35,40.18
2026-07-01 01:05,CH1,123.74,27.23,6.50,12.00,26.61,40.41
2026-07-01 01:05,CH2,135.87,26.13,6.50,12.00,26.72,40.21
2026-07-01 01:10,CH1,123.87,27.22,6.50,12.00,26.72,40.79
2026-07-01 01:10,CH2,138.50,26.75,6.50,12.00,27.26,40.37
2026-07-01 01:15,CH1,118.85,26.16,6.50,12.00,27.04,40.88
2026-07-01 01:15,CH2,144.74,27.95,6.50,12.00,27.01,40.49
2026-07-01 01:20,CH1,120.51,26.69,6.50,12.00,27.13,40.71
2026-07-01 01:20,CH2,139.32,26.90,6.50,12.00,26.76,40.03
2026-07-01 01:25,CH1,122.60,26.96,6.50,12.00,27.01,40.99
2026-07-01 01:25,CH2,138.84,26.84,6.50,12.00,27.00,40.29
2026-07-01 01:30,CH1,124.47,27.51,6.50,12.00,26.87,40.69
2026-07-01 01:30,CH2,142.42,27.52,6.50,12.00,27.34,40.33
2026-07-01 01:35,CH1,126.46,27.92,6.50,12.00,27.01,40.59
2026-07-01 01:35,CH2,141.78,27.40,6.50,12.00,26.76,40.32
2026-07-01 01:40,CH1,128.59,28.50,6.50,12.00,26.65,40.69
2026-07-01 01:40,CH2,143.49,27.79,6.50,12.00,26.79,40.04
2026-07-01 01:45,CH1,128.75,28.55,6.50,12.00,26.97,40.38
2026-07-01 01:45,CH2,149.54,28.82,6.50,12.00,27.30,40.44
2026-07-01 01:50,CH1,126.64,27.96,6.50,12.00,27.04,40.84
2026-07-01 01:50,CH2,152.16,29.44,6.50,12.00,26.66,40.62
2026-07-01 01:55,CH1,132.95,29.52,6.50,12.00,26.92,40.55
2026-07-01 01:55,CH2,154.38,29.88,6.50,12.00,27.39,40.84
2026-07-01 02:00,CH1,133.34,29.66,6.50,12.00,26.61,40.17
2026-07-01 02:00,CH2,150.94,29.19,6.50,12.00,27.31,40.99
2026-07-01 02:05,CH1,135.74,30.09,6.50,12.00,27.40,40.85
2026-07-01 02:05,CH2,152.92,29.65,6.50,12.00,27.01,40.88
2026-07-01 02:10,CH1,135.45,30.11,6.50,12.00,27.52,40.63
2026-07-01 02:10,CH2,152.04,29.41,6.50,12.00,26.73,40.37
2026-07-01 02:15,CH1,130.51,29.09,6.50,12.00,27.25,40.73
2026-07-01 02:15,CH2,159.96,30.96,6.50,12.00,27.07,40.71
2026-07-01 02:20,CH1,133.11,29.65,6.50,12.00,26.76,40.05
2026-07-01 02:20,CH2,154.18,29.94,6.50,12.00,27.19,40.72
2026-07-01 02:25,CH1,140.76,31.26,6.50,12.00,26.84,40.67
2026-07-01 02:25,CH2,158.05,30.71,6.50,12.00,27.11,40.46
2026-07-01 02:30,CH1,138.37,30.86,6.50,12.00,26.97,40.15
2026-07-01 02:30,CH2,159.32,31.02,6.50,12.00,27.20,40.55
2026-07-01 02:35,CH1,141.86,31.64,6.50,12.00,26.82,40.00
2026-07-01 02:35,CH2,157.97,30.64,6.50,12.00,26.76,40.87
2026-07-01 02:40,CH1,141.43,31.56,6.50,12.00,26.81,40.82
2026-07-01 02:40,CH2,158.13,30.81,6.50,12.00,26.94,40.70
2026-07-01 02:45,CH1,143.69,32.18,6.50,12.00,27.70,40.75
2026-07-01 02:45,CH2,166.45,32.38,6.50,12.00,27.29,40.80
2026-07-01 02:50,CH1,144.95,32.47,6.50,12.00,26.84,40.10
2026-07-01 02:50,CH2,161.51,31.54,6.50,12.00,27.43,40.67
2026-07-01 02:55,CH1,147.59,32.92,6.50,12.00,26.81,40.40
2026-07-01 02:55,CH2,166.17,32.47,6.50,12.00,27.62,40.54
2026-07-01 03:00,CH1,145.96,32.59,6.50,12.00,27.76,40.27
2026-07-01 03:00,CH2,170.41,33.22,6.50,12.00,27.75,40.68
2026-07-01 03:05,CH1,150.67,33.71,6.50,12.00,27.15,40.49
2026-07-01 03:05,CH2,174.33,34.07,6.50,12.00,27.53,40.55
2026-07-01 03:10,CH1,152.26,34.07,6.50,12.00,27.85,40.77
2026-07-01 03:10,CH2,171.81,33.59,6.50,12.00,27.53,40.86
2026-07-01 03:15,CH1,152.42,34.16,6.50,12.00,27.21,40.88
2026-07-01 03:15,CH2,174.51,34.21,6.50,12.00,27.43,40.84
2026-07-01 03:20,CH1,156.15,35.04,6.50,12.00,27.61,40.15
2026-07-01 03:20,CH2,175.81,34.38,6.50,12.00,27.41,40.27
2026-07-01 03:25,CH1,157.89,35.49,6.50,12.00,27.69,40.71
2026-07-01 03:25,CH2,176.68,34.60,6.50,12.00,27.85,40.54
2026-07-01 03:30,CH1,157.53,35.60,6.50,12.00,27.48,40.89
2026-07-01 03:30,CH2,183.25,36.01,6.50,12.00,27.42,40.62
2026-07-01 03:35,CH1,161.92,36.53,6.50,12.00,27.05,40.17
2026-07-01 03:35,CH2,179.15,35.29,6.50,12.00,27.38,40.83
2026-07-01 03:40,CH1,164.94,37.22,6.50,12.00,27.12,40.03
2026-07-01 03:40,CH2,183.57,36.09,6.50,12.00,27.31,40.86
2026-07-01 03:45,CH1,165.11,37.25,6.50,12.00,27.95,40.35
2026-07-01 03:45,CH2,183.89,36.20,6.50,12.00,27.31,40.48
2026-07-01 03:50,CH1,163.25,37.02,6.50,12.00,27.82,40.52
2026-07-01 03:50,CH2,189.93,37.44,6.50,12.00,27.21,40.78
2026-07-01 03:55,CH1,169.38,38.31,6.50,12.00,27.25,40.06
2026-07-01 03:55,CH2,187.25,36.99,6.50,12.00,27.37,40.23
2026-07-01 04:00,CH1,173.57,39.38,6.50,12.00,28.00,40.34
2026-07-01 04:00,CH2,195.36,38.70,6.50,12.00,27.89,40.80
2026-07-01 04:05,CH1,169.70,38.63,6.50,12.00,27.98,40.51
2026-07-01 04:05,CH2,192.47,38.16,6.50,12.00,27.96,40.43
2026-07-01 04:10,CH1,176.54,40.10,6.50,12.00,27.72,40.95
2026-07-01 04:10,CH2,195.14,38.71,6.50,12.00,27.78,40.67
2026-07-01 04:15,CH1,172.64,39.27,6.50,12.00,27.50,40.13
2026-07-01 04:15,CH2,202.74,40.17,6.50,12.00,27.81,40.21
2026-07-01 04:20,CH1,180.60,41.19,6.50,12.00,28.04,40.05
2026-07-01 04:20,CH2,207.98,41.27,6.50,12.00,27.57,40.05
2026-07-01 04:25,CH1,177.55,40.50,6.50,12.00,28.08,40.25
2026-07-01 04:25,CH2,209.19,41.58,6.50,12.00,27.51,40.64
2026-07-01 04:30,CH1,180.59,41.37,6.50,12.00,28.21,40.09
2026-07-01 04:30,CH2,204.75,40.63,6.50,12.00,27.57,40.47
2026-07-01 04:35,CH1,183.02,41.88,6.50,12.00,27.88,40.67
2026-07-01 04:35,CH2,207.29,41.18,6.50,12.00,28.22,40.35
2026-07-01 04:40,CH1,182.28,41.79,6.50,12.00,28.19,40.45
2026-07-01 04:40,CH2,212.17,42.35,6.50,12.00,27.92,40.03
2026-07-01 04:45,CH1,189.84,43.62,6.50,12.00,27.89,40.25
2026-07-01 04:45,CH2,214.50,42.91,6.50,12.00,28.13,40.06
2026-07-01 04:50,CH1,192.60,44.22,6.50,12.00,28.15,40.81
2026-07-01 04:50,CH2,212.92,42.53,6.50,12.00,28.04,40.48
2026-07-01 04:55,CH1,190.97,43.97,6.50,12.00,27.98,40.58
2026-07-01 04:55,CH2,215.05,42.98,6.50,12.00,27.53,40.69
2026-07-01 05:00,CH1,190.06,43.84,6.50,12.00,28.29,40.93
2026-07-01 05:00,CH2,219.96,44.04,6.50,12.00,28.47,40.46
2026-07-01 05:05,CH1,191.11,44.10,6.50,12.00,28.10,40.44
2026-07-01 05:05,CH2,224.37,44.95,6.50,12.00,27.72,40.71
2026-07-01 05:10,CH1,198.28,45.74,6.50,12.00,28.47,40.48
2026-07-01 05:10,CH2,222.36,44.56,6.50,12.00,27.70,40.52
2026-07-01 05:15,CH1,199.14,46.06,6.50,12.00,28.23,40.61
2026-07-01 05:15,CH2,232.89,46.79,6.50,12.00,28.66,40.98
2026-07-01 05:20,CH1,205.45,47.56,6.50,12.00,28.67,40.81
2026-07-01 05:20,CH2,227.86,45.94,6.50,12.00,28.70,40.03
2026-07-01 05:25,CH1,203.47,47.15,6.50,12.00,28.42,40.78
2026-07-01 05:25,CH2,232.69,46.82,6.50,12.00,28.20,40.92
2026-07-01 05:30,CH1,206.32,48.02,6.50,12.00,27.94,40.37
2026-07-01 05:30,CH2,238.24,48.16,6.50,12.00,27.92,40.24
2026-07-01 05:35,CH1,208.20,48.50,6.50,12.00,28.45,40.97
2026-07-01 05:35,CH2,238.28,48.08,6.50,12.00,28.56,40.02
2026-07-01 05:40,CH1,211.29,49.17,6.50,12.00,28.11,40.59
2026-07-01 05:40,CH2,245.20,49.60,6.50,12.00,28.23,40.84
2026-07-01 05:45,CH1,212.33,49.61,6.50,12.00,28.35,40.53
2026-07-01 05:45,CH2,248.26,50.34,6.50,12.00,28.48,40.07
2026-07-01 05:50,CH1,214.96,50.19,6.50,12.00,28.36,40.60
2026-07-01 05:50,CH2,249.29,50.57,6.50,12.00,28.52,40.17
2026-07-01 05:55,CH1,219.22,51.40,6.50,12.00,28.64,40.71
2026-07-01 05:55,CH2,249.21,50.58,6.50,12.00,28.59,40.90
2026-07-01 06:00,CH1,219.33,51.54,6.50,12.00,28.06,40.10
2026-07-01 06:00,CH2,254.43,51.82,6.50,12.00,28.03,40.52
2026-07-01 06:05,CH1,216.03,50.66,6.50,12.00,28.67,40.00
2026-07-01 06:05,CH2,252.69,51.36,6.50,12.00,28.38,40.20
2026-07-01 06:10,CH1,223.78,52.58,6.50,12.00,28.12,40.63
2026-07-01 06:10,CH2,256.90,52.28,6.50,12.00,28.65,40.42
2026-07-01 06:15,CH1,224.24,52.82,6.50,12.00,28.70,40.19
2026-07-01 06:15,CH2,254.69,51.92,6.50,12.00,28.84,40.28
2026-07-01 06:20,CH1,229.61,54.04,6.50,12.00,28.58,40.60
2026-07-01 06:20,CH2,259.00,52.87,6.50,12.00,29.13,40.89
2026-07-01 06:25,CH1,229.06,54.13,6.50,12.00,29.09,40.51
2026-07-01 06:25,CH2,266.57,54.58,6.50,12.00,28.33,40.32
2026-07-01 06:30,CH1,233.64,55.25,6.50,12.00,29.20,40.02
2026-07-01 06:30,CH2,266.69,54.59,6.50,12.00,29.21,40.25
2026-07-01 06:35,CH1,235.16,55.76,6.50,12.00,29.20,40.31
2026-07-01 06:35,CH2,267.44,54.86,6.50,12.00,28.47,40.29
2026-07-01 06:40,CH1,237.36,56.26,6.50,12.00,28.61,40.51
2026-07-01 06:40,CH2,268.37,55.10,6.50,12.00,28.47,40.57
2026-07-01 06:45,CH1,238.96,56.72,6.50,12.00,28.87,40.89
2026-07-01 06:45,CH2,273.24,56.09,6.50,12.00,28.77,40.63
2026-07-01 06:50,CH1,237.07,56.36,6.50,12.00,29.02,40.63
2026-07-01 06:50,CH2,273.11,56.27,6.50,12.00,28.37,40.71
2026-07-01 06:55,CH1,238.12,56.75,6.50,12.00,28.42,40.13
2026-07-01 06:55,CH2,277.81,57.29,6.50,12.00,28.44,40.46
2026-07-01 07:00,CH1,242.48,57.92,6.50,12.00,29.14,40.22
2026-07-01 07:00,CH2,276.81,57.08,6.50,12.00,28.78,40.35
2026-07-01 07:05,CH1,243.99,58.28,6.50,12.00,29.29,40.08
2026-07-01 07:05,CH2,278.00,57.45,6.50,12.00,29.35,40.86
2026-07-01 07:10,CH1,248.66,59.48,6.50,12.00,28.68,40.66
2026-07-01 07:10,CH2,284.60,58.80,6.50,12.00,29.45,40.41
2026-07-01 07:15,CH1,245.39,58.85,6.50,12.00,29.44,40.57
2026-07-01 07:15,CH2,281.84,58.45,6.50,12.00,29.40,40.09
2026-07-01 07:20,CH1,248.89,59.69,6.50,12.00,29.17,40.98
2026-07-01 07:20,CH2,288.04,59.67,6.50,12.00,29.10,40.90
2026-07-01 07:25,CH1,253.17,60.90,6.50,12.00,28.83,40.92
2026-07-01 07:25,CH2,288.88,59.91,6.50,12.00,29.15,40.44
2026-07-01 07:30,CH1,250.59,60.29,6.50,12.00,28.98,40.64
2026-07-01 07:30,CH2,295.82,61.39,6.50,12.00,28.88,40.59
2026-07-01 07:35,CH1,253.89,61.13,6.50,12.00,29.41,40.57
2026-07-01 07:35,CH2,293.58,60.97,6.50,12.00,28.90,40.43
2026-07-01 07:40,CH1,251.54,60.73,6.50,12.00,28.76,40.12
2026-07-01 07:40,CH2,294.75,61.33,6.50,12.00,29.24,40.45
2026-07-01 07:45,CH1,256.88,61.90,6.50,12.00,29.47,40.44
2026-07-01 07:45,CH2,296.87,61.84,6.50,12.00,29.03,40.58
2026-07-01 07:50,CH1,256.74,62.16,6.50,12.00,29.62,40.38
2026-07-01 07:50,CH2,296.88,61.87,6.50,12.00,28.82,40.75
2026-07-01 07:55,CH1,260.93,63.27,6.50,12.00,29.43,40.88
2026-07-01 07:55,CH2,299.45,62.50,6.50,12.00,29.03,40.97
2026-07-01 08:00,CH1,261.90,63.50,6.50,12.00,28.86,40.39
2026-07-01 08:00,CH2,299.64,62.70,6.50,12.00,29.32,40.40
2026-07-01 08:05,CH1,260.49,63.11,6.50,12.00,29.64,40.23
2026-07-01 08:05,CH2,302.06,63.32,6.50,12.00,29.56,40.79
2026-07-01 08:10,CH1,269.86,65.49,6.50,12.00,29.79,40.25
2026-07-01 08:10,CH2,309.82,64.95,6.50,12.00,29.73,40.21
2026-07-01 08:15,CH1,263.41,64.00,6.50,12.00,29.84,40.93
2026-07-01 08:15,CH2,306.75,64.45,6.50,12.00,28.94,40.95
2026-07-01 08:20,CH1,270.24,65.80,6.50,12.00,29.05,40.63
2026-07-01 08:20,CH2,313.63,65.83,6.50,12.00,28.98,40.85
2026-07-01 08:25,CH1,267.99,65.35,6.50,12.00,29.36,40.08
2026-07-01 08:25,CH2,311.61,65.45,6.50,12.00,29.99,40.56
2026-07-01 08:30,CH1,268.82,65.75,6.50,12.00,29.83,40.04
2026-07-01 08:30,CH2,319.00,67.19,6.50,12.00,29.98,40.95
2026-07-01 08:35,CH1,274.98,67.31,6.50,12.00,29.41,40.28
2026-07-01 08:35,CH2,312.91,65.91,6.50,12.00,29.60,40.60
2026-07-01 08:40,CH1,275.95,67.51,6.50,12.00,29.14,40.88
2026-07-01 08:40,CH2,320.43,67.57,6.50,12.00,29.50,40.81
2026-07-01 08:45,CH1,273.64,67.06,6.50,12.00,29.21,40.94
2026-07-01 08:45,CH2,317.11,67.01,6.50,12.00,29.71,40.61
2026-07-01 08:50,CH1,277.73,68.14,6.50,12.00,29.54,40.35
2026-07-01 08:50,CH2,321.41,67.88,6.50,12.00,29.22,40.62
2026-07-01 08:55,CH1,280.02,68.73,6.50,12.00,30.04,40.85
2026-07-01 08:55,CH2,323.59,68.40,6.50,12.00,29.31,40.46
2026-07-01 09:00,CH1,281.10,69.13,6.50,12.00,29.38,40.98
2026-07-01 09:00,CH2,328.93,69.66,6.50,12.00,30.11,40.91
2026-07-01 09:05,CH1,277.96,68.40,6.50,12.00,30.08,40.27
2026-07-01 09:05,CH2,326.77,69.19,6.50,12.00,29.56,40.72
2026-07-01 09:10,CH1,281.75,69.29,6.50,12.00,29.30,40.95
2026-07-01 09:10,CH2,330.25,70.06,6.50,12.00,29.54,40.27
2026-07-01 09:15,CH1,282.38,69.68,6.50,12.00,29.47,40.03
2026-07-01 09:15,CH2,331.09,70.36,6.50,12.00,29.52,40.04
2026-07-01 09:20,CH1,286.85,70.90,6.50,12.00,30.02,40.55
2026-07-01 09:20,CH2,330.27,70.21,6.50,12.00,29.93,40.59
2026-07-01 09:25,CH1,284.67,70.25,6.50,12.00,30.18,40.74
2026-07-01 09:25,CH2,333.79,70.99,6.50,12.00,29.68,40.60
2026-07-01 09:30,CH1,290.79,71.96,6.50,12.00,29.74,40.41
2026-07-01 09:30,CH2,331.81,70.58,6.50,12.00,29.69,40.19
2026-07-01 09:35,CH1,289.63,71.61,6.50,12.00,29.92,40.99
2026-07-01 09:35,CH2,338.75,72.06,6.50,12.00,29.95,40.51
2026-07-01 09:40,CH1,288.68,71.42,6.50,12.00,29.63,40.06
2026-07-01 09:40,CH2,336.63,71.85,6.50,12.00,29.51,40.73
2026-07-01 09:45,CH1,287.29,71.29,6.50,12.00,29.57,40.38
2026-07-01 09:45,CH2,341.70,72.89,6.50,12.00,30.11,40.86
2026-07-01 09:50,CH1,293.46,72.87,6.50,12.00,30.24,40.37
2026-07-01 09:50,CH2,335.77,71.76,6.50,12.00,30.14,40.75
2026-07-01 09:55,CH1,295.27,73.33,6.50,12.00,29.69,40.62
2026-07-01 09:55,CH2,340.67,72.82,6.50,12.00,30.33,40.80
2026-07-01 10:00,CH1,294.19,73.08,6.50,12.00,29.97,40.91
2026-07-01 10:00,CH2,340.31,72.64,6.50,12.00,30.27,40.09
2026-07-01 10:05,CH1,297.14,73.85,6.50,12.00,30.31,40.24
2026-07-01 10:05,CH2,338.54,72.33,6.50,12.00,29.87,40.57
2026-07-01 10:10,CH1,297.59,74.08,6.50,12.00,29.86,40.53
2026-07-01 10:10,CH2,338.30,72.44,6.50,12.00,30.46,40.96
2026-07-01 10:15,CH1,296.11,73.74,6.50,12.00,29.70,40.09
2026-07-01 10:15,CH2,347.03,74.36,6.50,12.00,29.79,41.00
2026-07-01 10:20,CH1,297.34,74.16,6.50,12.00,29.83,40.21
2026-07-01 10:20,CH2,342.47,73.29,6.50,12.00,30.51,40.64
2026-07-01 10:25,CH1,296.37,73.84,6.50,12.00,29.71,40.58
2026-07-01 10:25,CH2,345.24,73.99,6.50,12.00,29.89,40.49
2026-07-01 10:30,CH1,297.51,74.23,6.50,12.00,30.21,40.22
2026-07-01 10:30,CH2,348.37,74.65,6.50,12.00,30.17,40.14
2026-07-01 10:35,CH1,296.69,74.15,6.50,12.00,30.44,40.10
2026-07-01 10:35,CH2,347.68,74.55,6.50,12.00,29.84,40.03
2026-07-01 10:40,CH1,298.55,74.68,6.50,12.00,30.37,40.48
2026-07-01 10:40,CH2,345.53,74.15,6.50,12.00,30.14,40.53
2026-07-01 10:45,CH1,302.75,75.54,6.50,12.00,29.76,40.00
2026-07-01 10:45,CH2,351.89,75.51,6.50,12.00,30.11,40.08
2026-07-01 10:50,CH1,298.03,74.58,6.50,12.00,30.41,40.46
2026-07-01 10:50,CH2,345.59,74.30,6.50,12.00,30.23,40.73
2026-07-01 10:55,CH1,302.94,75.66,6.50,12.00,30.11,40.86
2026-07-01 10:55,CH2,353.87,76.02,6.50,12.00,30.47,40.36
2026-07-01 11:00,CH1,298.21,74.73,6.50,12.00,30.13,40.62
2026-07-01 11:00,CH2,348.81,74.90,6.50,12.00,30.59,40.72
2026-07-01 11:05,CH1,305.07,76.43,6.50,12.00,30.43,40.07
2026-07-01 11:05,CH2,349.09,75.08,6.50,12.00,30.27,41.00
2026-07-01 11:10,CH1,304.24,76.12,6.50,12.00,30.45,40.99
2026-07-01 11:10,CH2,354.58,76.21,6.50,12.00,30.24,40.90
2026-07-01 11:15,CH1,301.33,75.47,6.50,12.00,29.69,40.37
2026-07-01 11:15,CH2,349.29,75.12,6.50,12.00,29.86,40.68
2026-07-01 11:20,CH1,300.65,75.26,6.50,12.00,29.95,40.02
2026-07-01 11:20,CH2,348.63,75.11,6.50,12.00,30.60,40.97
2026-07-01 11:25,CH1,301.45,75.59,6.50,12.00,30.56,40.74
2026-07-01 11:25,CH2,349.85,75.36,6.50,12.00,29.83,40.58
2026-07-01 11:30,CH1,306.49,76.78,6.50,12.00,30.47,40.84
2026-07-01 11:30,CH2,354.89,76.38,6.50,12.00,29.91,40.26
2026-07-01 11:35,CH1,302.35,75.87,6.50,12.00,30.63,40.16
2026-07-01 11:35,CH2,354.01,76.18,6.50,12.00,30.01,40.91
2026-07-01 11:40,CH1,307.27,77.00,6.50,12.00,29.86,40.20
2026-07-01 11:40,CH2,353.78,76.12,6.50,12.00,30.07,40.83
2026-07-01 11:45,CH1,299.69,75.27,6.50,12.00,30.29,40.39
2026-07-01 11:45,CH2,350.18,75.41,6.50,12.00,30.55,40.20
2026-07-01 11:50,CH1,299.88,75.33,6.50,12.00,29.87,40.24
2026-07-01 11:50,CH2,358.05,77.05,6.50,12.00,30.07,40.50
2026-07-01 11:55,CH1,302.45,75.86,6.50,12.00,29.91,40.26
2026-07-01 11:55,CH2,355.38,76.57,6.50,12.00,30.16,40.97
2026-07-01 12:00,CH1,303.64,76.27,6.50,12.00,30.57,40.51
2026-07-01 12:00,CH2,354.70,76.50,6.50,12.00,29.83,40.55
2026-07-01 12:05,CH1,307.40,77.15,6.50,12.00,29.91,40.22
2026-07-01 12:05,CH2,353.38,76.16,6.50,12.00,30.02,40.52
2026-07-01 12:10,CH1,302.88,76.07,6.50,12.00,30.17,40.74
2026-07-01 12:10,CH2,349.71,75.44,6.50,12.00,29.96,40.23
2026-07-01 12:15,CH1,303.52,76.01,6.50,12.00,30.55,40.63
2026-07-01 12:15,CH2,352.84,75.98,6.50,12.00,29.90,40.92
2026-07-01 12:20,CH1,301.29,75.50,6.50,12.00,30.50,40.52
2026-07-01 12:20,CH2,354.21,76.33,6.50,12.00,30.33,40.57
2026-07-01 12:25,CH1,301.35,75.56,6.50,12.00,29.90,40.37
2026-07-01 12:25,CH2,352.38,75.97,6.50,12.00,30.17,40.34
2026-07-01 12:30,CH1,300.90,75.46,6.50,12.00,29.99,40.24
2026-07-01 12:30,CH2,355.01,76.55,6.50,12.00,30.10,40.82
2026-07-01 12:35,CH1,304.12,76.23,6.50,12.00,29.75,40.56
2026-07-01 12:35,CH2,348.78,75.16,6.50,12.00,30.49,40.22
2026-07-01 12:40,CH1,302.98,75.94,6.50,12.00,30.42,40.57
2026-07-01 12:40,CH2,352.49,75.81,6.50,12.00,30.28,40.39
2026-07-01 12:45,CH1,300.37,75.19,6.50,12.00,30.58,40.93
2026-07-01 12:45,CH2,354.64,76.25,6.50,12.00,30.29,40.19
2026-07-01 12:50,CH1,299.01,74.97,6.50,12.00,30.55,40.71
2026-07-01 12:50,CH2,351.30,75.57,6.50,12.00,29.93,40.61
2026-07-01 12:55,CH1,304.31,76.23,6.50,12.00,30.05,40.99
2026-07-01 12:55,CH2,354.65,76.23,6.50,12.00,29.64,40.53
2026-07-01 13:00,CH1,304.16,76.18,6.50,12.00,29.73,40.05
2026-07-01 13:00,CH2,349.50,75.19,6.50,12.00,30.46,40.86
2026-07-01 13:05,CH1,301.01,75.40,6.50,12.00,30.55,40.34
2026-07-01 13:05,CH2,350.69,75.41,6.50,12.00,30.10,40.80
2026-07-01 13:10,CH1,302.31,75.50,6.50,12.00,29.92,40.18
2026-07-01 13:10,CH2,345.53,74.24,6.50,12.00,29.82,40.78
2026-07-01 13:15,CH1,300.09,74.97,6.50,12.00,30.52,40.63
2026-07-01 13:15,CH2,350.59,75.34,6.50,12.00,29.75,40.05
2026-07-01 13:20,CH1,295.43,73.72,6.50,12.00,29.64,40.04
2026-07-01 13:20,CH2,343.73,73.83,6.50,12.00,30.07,40.45
2026-07-01 13:25,CH1,295.39,73.68,6.50,12.00,30.53,40.48
2026-07-01 13:25,CH2,346.74,74.43,6.50,12.00,29.65,40.99
2026-07-01 13:30,CH1,297.90,74.43,6.50,12.00,29.71,40.08
2026-07-01 13:30,CH2,341.70,73.35,6.50,12.00,30.28,40.72
2026-07-01 13:35,CH1,295.80,73.83,6.50,12.00,29.94,40.75
2026-07-01 13:35,CH2,341.61,73.30,6.50,12.00,29.98,40.95
2026-07-01 13:40,CH1,295.10,73.65,6.50,12.00,29.62,40.97
2026-07-01 13:40,CH2,345.91,74.00,6.50,12.00,29.98,40.42
2026-07-01 13:45,CH1,294.45,73.43,6.50,12.00,30.30,40.67
2026-07-01 13:45,CH2,341.15,72.96,6.50,12.00,30.45,40.61
2026-07-01 13:50,CH1,293.95,73.21,6.50,12.00,30.19,40.21
2026-07-01 13:50,CH2,339.99,72.72,6.50,12.00,30.42,40.38
2026-07-01 13:55,CH1,297.12,73.97,6.50,12.00,30.38,40.36
2026-07-01 13:55,CH2,340.71,72.89,6.50,12.00,29.84,40.51
2026-07-01 14:00,CH1,297.11,73.77,6.50,12.00,29.91,40.04
2026-07-01 14:00,CH2,337.05,72.13,6.50,12.00,30.26,40.51
2026-07-01 14:05,CH1,288.62,71.60,6.50,12.00,30.18,40.74
2026-07-01 14:05,CH2,339.49,72.48,6.50,12.00,30.17,40.88
2026-07-01 14:10,CH1,288.87,71.60,6.50,12.00,29.85,40.51
2026-07-01 14:10,CH2,343.17,73.19,6.50,12.00,29.98,40.19
2026-07-01 14:15,CH1,289.49,71.86,6.50,12.00,30.28,40.96
2026-07-01 14:15,CH2,338.42,72.09,6.50,12.00,29.67,40.17
2026-07-01 14:20,CH1,291.07,72.09,6.50,12.00,29.48,40.16
2026-07-01 14:20,CH2,336.12,71.72,6.50,12.00,30.37,40.96
2026-07-01 14:25,CH1,288.25,71.39,6.50,12.00,29.82,40.45
2026-07-01 14:25,CH2,332.31,70.82,6.50,12.00,29.65,40.11
2026-07-01 14:30,CH1,290.69,71.97,6.50,12.00,29.80,40.07
2026-07-01 14:30,CH2,330.89,70.33,6.50,12.00,29.76,40.54
2026-07-01 14:35,CH1,287.73,70.98,6.50,12.00,29.72,40.74
2026-07-01 14:35,CH2,332.65,70.75,6.50,12.00,29.36,40.30
2026-07-01 14:40,CH1,282.18,69.54,6.50,12.00,30.07,40.76
2026-07-01 14:40,CH2,330.72,70.32,6.50,12.00,29.59,40.57
2026-07-01 14:45,CH1,285.38,70.45,6.50,12.00,30.21,40.93
2026-07-01 14:45,CH2,325.05,69.04,6.50,12.00,30.14,40.54
2026-07-01 14:50,CH1,279.79,69.03,6.50,12.00,30.05,40.95
2026-07-01 14:50,CH2,330.16,70.10,6.50,12.00,29.54,40.32
2026-07-01 14:55,CH1,278.64,68.62,6.50,12.00,30.21,40.10
2026-07-01 14:55,CH2,324.91,68.94,6.50,12.00,29.40,40.20
2026-07-01 15:00,CH1,278.30,68.29,6.50,12.00,29.45,40.32
2026-07-01 15:00,CH2,326.86,69.27,6.50,12.00,30.08,40.53
2026-07-01 15:05,CH1,279.89,68.82,6.50,12.00,30.05,40.51
2026-07-01 15:05,CH2,320.47,67.73,6.50,12.00,29.81,40.07
2026-07-01 15:10,CH1,273.54,67.20,6.50,12.00,30.13,40.69
2026-07-01 15:10,CH2,320.89,67.77,6.50,12.00,29.30,40.31
2026-07-01 15:15,CH1,273.18,66.85,6.50,12.00,29.43,40.30
2026-07-01 15:15,CH2,322.04,68.01,6.50,12.00,29.45,40.13
2026-07-01 15:20,CH1,275.67,67.44,6.50,12.00,29.79,40.71
2026-07-01 15:20,CH2,313.85,66.24,6.50,12.00,29.56,40.69
2026-07-01 15:25,CH1,270.19,65.96,6.50,12.00,29.66,40.77
2026-07-01 15:25,CH2,317.80,66.96,6.50,12.00,30.00,40.19
2026-07-01 15:30,CH1,267.89,65.35,6.50,12.00,29.14,40.99
2026-07-01 15:30,CH2,318.54,67.06,6.50,12.00,29.03,40.90
2026-07-01 15:35,CH1,272.83,66.61,6.50,12.00,29.07,40.94
2026-07-01 15:35,CH2,312.19,65.73,6.50,12.00,29.66,40.39
2026-07-01 15:40,CH1,267.05,65.13,6.50,12.00,29.88,40.90
2026-07-01 15:40,CH2,307.51,64.52,6.50,12.00,29.31,40.30
2026-07-01 15:45,CH1,269.71,65.51,6.50,12.00,29.43,40.92
2026-07-01 15:45,CH2,306.96,64.35,6.50,12.00,29.91,40.72
2026-07-01 15:50,CH1,263.73,64.01,6.50,12.00,29.79,40.50
2026-07-01 15:50,CH2,308.18,64.65,6.50,12.00,29.00,40.84
2026-07-01 15:55,CH1,267.35,65.00,6.50,12.00,29.61,40.61
2026-07-01 15:55,CH2,306.27,64.10,6.50,12.00,29.01,40.66
2026-07-01 16:00,CH1,261.38,63.32,6.50,12.00,29.01,40.11
2026-07-01 16:00,CH2,300.02,62.77,6.50,12.00,28.98,40.35
2026-07-01 16:05,CH1,262.92,63.74,6.50,12.00,29.45,40.03
2026-07-01 16:05,CH2,298.78,62.34,6.50,12.00,28.85,40.79
2026-07-01 16:10,CH1,256.68,62.12,6.50,12.00,29.03,40.55
2026-07-01 16:10,CH2,301.04,62.74,6.50,12.00,29.45,40.69
2026-07-01 16:15,CH1,256.54,61.91,6.50,12.00,29.21,40.08
2026-07-01 16:15,CH2,299.77,62.41,6.50,12.00,28.92,40.05
2026-07-01 16:20,CH1,259.45,62.49,6.50,12.00,28.94,40.06
2026-07-01 16:20,CH2,296.69,61.75,6.50,12.00,29.20,40.79
2026-07-01 16:25,CH1,250.68,60.29,6.50,12.00,29.11,40.14
2026-07-01 16:25,CH2,298.71,62.04,6.50,12.00,29.36,40.72
2026-07-01 16:30,CH1,253.17,60.90,6.50,12.00,28.67,40.28
2026-07-01 16:30,CH2,294.61,61.27,6.50,12.00,29.32,40.73
2026-07-01 16:35,CH1,251.42,60.46,6.50,12.00,29.50,40.50
2026-07-01 16:35,CH2,293.04,60.76,6.50,12.00,28.85,40.87
2026-07-01 16:40,CH1,248.78,59.78,6.50,12.00,28.77,40.64
2026-07-01 16:40,CH2,291.23,60.42,6.50,12.00,29.13,40.32
2026-07-01 16:45,CH1,247.39,59.36,6.50,12.00,28.82,40.53
2026-07-01 16:45,CH2,281.19,58.29,6.50,12.00,28.73,40.83
2026-07-01 16:50,CH1,241.74,57.89,6.50,12.00,29.25,40.44
2026-07-01 16:50,CH2,281.08,58.22,6.50,12.00,29.11,40.66
2026-07-01 16:55,CH1,244.55,58.50,6.50,12.00,29.08,40.81
2026-07-01 16:55,CH2,277.81,57.32,6.50,12.00,28.52,40.42
2026-07-01 17:00,CH1,240.15,57.25,6.50,12.00,28.75,40.07
2026-07-01 17:00,CH2,278.58,57.49,6.50,12.00,29.16,40.47
2026-07-01 17:05,CH1,243.45,57.96,6.50,12.00,29.19,40.54
2026-07-01 17:05,CH2,280.86,57.84,6.50,12.00,28.55,40.88
2026-07-01 17:10,CH1,240.29,57.26,6.50,12.00,28.76,40.95
2026-07-01 17:10,CH2,273.77,56.33,6.50,12.00,28.82,40.28
2026-07-01 17:15,CH1,235.37,55.94,6.50,12.00,29.23,40.28
2026-07-01 17:15,CH2,270.06,55.44,6.50,12.00,28.87,40.19
2026-07-01 17:20,CH1,235.12,55.80,6.50,12.00,28.97,40.62
2026-07-01 17:20,CH2,273.78,56.22,6.50,12.00,28.50,40.37
2026-07-01 17:25,CH1,230.26,54.47,6.50,12.00,29.05,40.49
2026-07-01 17:25,CH2,270.86,55.59,6.50,12.00,28.30,40.57
2026-07-01 17:30,CH1,232.98,55.09,6.50,12.00,28.88,40.82
2026-07-01 17:30,CH2,266.78,54.59,6.50,12.00,28.68,40.39
2026-07-01 17:35,CH1,225.99,53.28,6.50,12.00,28.30,40.39
2026-07-01 17:35,CH2,264.52,54.20,6.50,12.00,28.94,40.67
2026-07-01 17:40,CH1,224.79,53.01,6.50,12.00,28.26,40.40
2026-07-01 17:40,CH2,259.13,52.85,6.50,12.00,29.14,40.26
2026-07-01 17:45,CH1,225.81,53.28,6.50,12.00,29.00,40.73
2026-07-01 17:45,CH2,258.98,52.94,6.50,12.00,29.07,40.18
2026-07-01 17:50,CH1,217.50,51.22,6.50,12.00,28.28,40.97
2026-07-01 17:50,CH2,258.90,52.81,6.50,12.00,28.12,40.02
2026-07-01 17:55,CH1,223.96,52.53,6.50,12.00,28.91,40.94
2026-07-01 17:55,CH2,252.50,51.31,6.50,12.00,28.99,40.67
2026-07-01 18:00,CH1,215.11,50.37,6.50,12.00,28.07,40.56
2026-07-01 18:00,CH2,251.23,51.11,6.50,12.00,28.55,40.26
2026-07-01 18:05,CH1,214.39,50.27,6.50,12.00,28.70,40.82
2026-07-01 18:05,CH2,250.36,50.79,6.50,12.00,28.49,40.63
2026-07-01 18:10,CH1,213.96,50.01,6.50,12.00,28.02,40.21
2026-07-01 18:10,CH2,242.22,49.15,6.50,12.00,28.10,40.23
2026-07-01 18:15,CH1,208.43,48.57,6.50,12.00,28.29,40.67
2026-07-01 18:15,CH2,245.58,49.74,6.50,12.00,28.74,40.87
2026-07-01 18:20,CH1,206.48,48.03,6.50,12.00,28.80,40.85
2026-07-01 18:20,CH2,238.27,48.19,6.50,12.00,28.19,40.49
2026-07-01 18:25,CH1,208.72,48.59,6.50,12.00,28.09,40.67
2026-07-01 18:25,CH2,237.71,48.03,6.50,12.00,27.95,40.06
2026-07-01 18:30,CH1,202.52,47.09,6.50,12.00,27.90,40.97
2026-07-01 18:30,CH2,234.51,47.37,6.50,12.00,28.36,40.05
2026-07-01 18:35,CH1,204.26,47.50,6.50,12.00,27.87,40.25
2026-07-01 18:35,CH2,236.40,47.61,6.50,12.00,28.72,40.36
2026-07-01 18:40,CH1,199.91,46.34,6.50,12.00,27.84,40.82
2026-07-01 18:40,CH2,228.57,46.08,6.50,12.00,27.84,40.29
2026-07-01 18:45,CH1,197.37,45.67,6.50,12.00,28.39,40.22
2026-07-01 18:45,CH2,226.34,45.53,6.50,12.00,27.94,40.91
2026-07-01 18:50,CH1,195.56,45.28,6.50,12.00,27.82,40.20
2026-07-01 18:50,CH2,229.16,46.05,6.50,12.00,28.62,40.18
2026-07-01 18:55,CH1,194.79,44.89,6.50,12.00,28.28,40.63
2026-07-01 18:55,CH2,224.13,44.87,6.50,12.00,27.63,40.64
2026-07-01 19:00,CH1,194.07,44.70,6.50,12.00,28.55,40.90
2026-07-01 19:00,CH2,225.80,45.29,6.50,12.00,28.54,40.34
2026-07-01 19:05,CH1,188.71,43.51,6.50,12.00,27.61,40.98
2026-07-01 19:05,CH2,219.07,43.90,6.50,12.00,28.22,40.45
2026-07-01 19:10,CH1,186.62,42.83,6.50,12.00,28.10,40.18
2026-07-01 19:10,CH2,220.90,44.07,6.50,12.00,27.98,40.56
2026-07-01 19:15,CH1,185.91,42.77,6.50,12.00,27.62,40.46
2026-07-01 19:15,CH2,210.88,42.07,6.50,12.00,28.02,40.02
2026-07-01 19:20,CH1,186.23,42.75,6.50,12.00,27.55,40.93
2026-07-01 19:20,CH2,208.67,41.65,6.50,12.00,27.55,40.27
2026-07-01 19:25,CH1,184.74,42.41,6.50,12.00,28.04,40.93
2026-07-01 19:25,CH2,214.84,42.77,6.50,12.00,27.61,40.62
2026-07-01 19:30,CH1,178.59,40.83,6.50,12.00,27.37,40.25
2026-07-01 19:30,CH2,207.18,41.16,6.50,12.00,28.32,40.05
2026-07-01 19:35,CH1,179.61,41.11,6.50,12.00,27.42,40.65
2026-07-01 19:35,CH2,201.66,40.06,6.50,12.00,27.33,40.70
2026-07-01 19:40,CH1,176.53,40.27,6.50,12.00,28.25,40.97
2026-07-01 19:40,CH2,205.95,40.87,6.50,12.00,27.48,40.88
2026-07-01 19:45,CH1,177.47,40.46,6.50,12.00,27.94,40.55
2026-07-01 19:45,CH2,198.96,39.49,6.50,12.00,27.74,40.99
2026-07-01 19:50,CH1,177.21,40.33,6.50,12.00,27.76,40.73
2026-07-01 19:50,CH2,193.38,38.37,6.50,12.00,27.25,40.14
2026-07-01 19:55,CH1,174.41,39.63,6.50,12.00,28.09,40.38
2026-07-01 19:55,CH2,194.06,38.34,6.50,12.00,27.21,40.44
2026-07-01 20:00,CH1,167.65,37.98,6.50,12.00,27.64,40.02
2026-07-01 20:00,CH2,195.61,38.66,6.50,12.00,27.42,40.13
2026-07-01 20:05,CH1,170.07,38.55,6.50,12.00,27.82,40.99
2026-07-01 20:05,CH2,190.96,37.63,6.50,12.00,27.14,40.75
2026-07-01 20:10,CH1,162.03,36.59,6.50,12.00,27.40,40.15
2026-07-01 20:10,CH2,192.67,37.99,6.50,12.00,27.42,40.88
2026-07-01 20:15,CH1,167.48,37.86,6.50,12.00,27.85,40.52
2026-07-01 20:15,CH2,189.26,37.26,6.50,12.00,27.24,40.47
2026-07-01 20:20,CH1,159.72,36.18,6.50,12.00,27.72,40.97
2026-07-01 20:20,CH2,180.38,35.55,6.50,12.00,27.80,40.14
2026-07-01 20:25,CH1,164.10,36.96,6.50,12.00,27.39,40.25
2026-07-01 20:25,CH2,188.37,37.06,6.50,12.00,27.99,40.04
2026-07-01 20:30,CH1,156.40,35.32,6.50,12.00,27.59,40.04
2026-07-01 20:30,CH2,185.51,36.43,6.50,12.00,27.49,40.34
2026-07-01 20:35,CH1,157.79,35.52,6.50,12.00,27.82,40.69
2026-07-01 20:35,CH2,180.86,35.50,6.50,12.00,27.35,40.07
2026-07-01 20:40,CH1,154.81,34.77,6.50,12.00,27.47,40.97
2026-07-01 20:40,CH2,181.05,35.49,6.50,12.00,27.83,40.73
2026-07-01 20:45,CH1,155.68,35.08,6.50,12.00,27.15,40.65
2026-07-01 20:45,CH2,176.12,34.46,6.50,12.00,27.36,40.86
2026-07-01 20:50,CH1,150.65,33.88,6.50,12.00,27.30,40.19
2026-07-01 20:50,CH2,178.05,34.93,6.50,12.00,27.50,40.68
2026-07-01 20:55,CH1,151.81,33.95,6.50,12.00,27.31,40.29
2026-07-01 20:55,CH2,168.31,32.99,6.50,12.00,27.38,40.24
2026-07-01 21:00,CH1,144.41,32.26,6.50,12.00,27.42,40.37
2026-07-01 21:00,CH2,169.26,33.13,6.50,12.00,26.92,40.63
2026-07-01 21:05,CH1,142.82,32.03,6.50,12.00,26.82,40.11
2026-07-01 21:05,CH2,164.92,32.25,6.50,12.00,27.51,40.04
2026-07-01 21:10,CH1,148.12,33.14,6.50,12.00,27.63,40.09
2026-07-01 21:10,CH2,161.45,31.47,6.50,12.00,27.18,40.92
2026-07-01 21:15,CH1,141.49,31.51,6.50,12.00,27.63,40.23
2026-07-01 21:15,CH2,159.81,31.14,6.50,12.00,26.87,40.98
2026-07-01 21:20,CH1,137.89,30.81,6.50,12.00,27.31,40.54
2026-07-01 21:20,CH2,166.38,32.30,6.50,12.00,27.03,40.54
2026-07-01 21:25,CH1,136.94,30.43,6.50,12.00,26.70,40.69
2026-07-01 21:25,CH2,164.23,31.93,6.50,12.00,27.63,40.56
2026-07-01 21:30,CH1,136.62,30.36,6.50,12.00,27.24,40.06
2026-07-01 21:30,CH2,155.79,30.31,6.50,12.00,26.87,40.38
2026-07-01 21:35,CH1,137.94,30.67,6.50,12.00,26.85,40.31
2026-07-01 21:35,CH2,154.13,29.97,6.50,12.00,27.51,40.45
2026-07-01 21:40,CH1,139.02,30.86,6.50,12.00,27.51,40.47
2026-07-01 21:40,CH2,157.43,30.62,6.50,12.00,27.21,40.22
2026-07-01 21:45,CH1,132.77,29.43,6.50,12.00,26.96,40.61
2026-07-01 21:45,CH2,156.39,30.25,6.50,12.00,27.29,40.01
2026-07-01 21:50,CH1,138.22,30.61,6.50,12.00,27.15,40.82
2026-07-01 21:50,CH2,152.95,29.64,6.50,12.00,27.13,40.20
2026-07-01 21:55,CH1,136.37,30.28,6.50,12.00,27.53,40.89
2026-07-01 21:55,CH2,155.51,30.04,6.50,12.00,26.63,40.49
2026-07-01 22:00,CH1,129.15,28.56,6.50,12.00,27.34,40.29
2026-07-01 22:00,CH2,153.85,29.83,6.50,12.00,27.16,40.36
2026-07-01 22:05,CH1,132.80,29.33,6.50,12.00,27.38,40.64
2026-07-01 22:05,CH2,151.54,29.29,6.50,12.00,26.73,40.65
2026-07-01 22:10,CH1,131.47,29.02,6.50,12.00,26.61,40.30
2026-07-01 22:10,CH2,150.29,29.03,6.50,12.00,26.90,40.70
2026-07-01 22:15,CH1,130.42,28.96,6.50,12.00,26.85,40.99
2026-07-01 22:15,CH2,144.62,28.02,6.50,12.00,26.59,40.70
2026-07-01 22:20,CH1,131.10,28.99,6.50,12.00,26.83,40.58
2026-07-01 22:20,CH2,141.16,27.23,6.50,12.00,27.17,40.86
2026-07-01 22:25,CH1,131.05,28.88,6.50,12.00,27.14,40.13
2026-07-01 22:25,CH2,145.60,28.05,6.50,12.00,26.88,40.11
2026-07-01 22:30,CH1,128.28,28.37,6.50,12.00,26.93,40.26
2026-07-01 22:30,CH2,145.29,28.12,6.50,12.00,26.52,40.69
2026-07-01 22:35,CH1,125.39,27.70,6.50,12.00,26.45,40.80
2026-07-01 22:35,CH2,145.18,27.97,6.50,12.00,27.13,40.32
2026-07-01 22:40,CH1,121.41,26.83,6.50,12.00,26.60,40.84
2026-07-01 22:40,CH2,141.43,27.34,6.50,12.00,27.40,40.43
2026-07-01 22:45,CH1,118.62,26.19,6.50,12.00,26.50,40.40
2026-07-01 22:45,CH2,136.77,26.44,6.50,12.00,26.83,40.79
2026-07-01 22:50,CH1,119.01,26.13,6.50,12.00,27.29,40.57
2026-07-01 22:50,CH2,135.19,26.13,6.50,12.00,26.69,40.85
2026-07-01 22:55,CH1,123.97,27.30,6.50,12.00,26.71,40.60
2026-07-01 22:55,CH2,141.50,27.24,6.50,12.00,27.22,40.37
2026-07-01 23:00,CH1,122.59,27.05,6.50,12.00,27.36,40.68
2026-07-01 23:00,CH2,142.78,27.47,6.50,12.00,27.37,40.09
2026-07-01 23:05,CH1,116.30,25.58,6.50,12.00,27.33,40.05
2026-07-01 23:05,CH2,138.52,26.73,6.50,12.00,27.33,40.69
2026-07-01 23:10,CH1,119.00,26.24,6.50,12.00,27.03,40.87
2026-07-01 23:10,CH2,137.47,26.36,6.50,12.00,26.48,40.40
2026-07-01 23:15,CH1,117.58,25.81,6.50,12.00,26.86,40.75
2026-07-01 23:15,CH2,138.04,26.63,6.50,12.00,27.12,40.85
2026-07-01 23:20,CH1,120.71,26.47,6.50,12.00,26.46,40.14
2026-07-01 23:20,CH2,134.57,25.85,6.50,12.00,26.52,40.48
2026-07-01 23:25,CH1,115.28,25.25,6.50,12.00,26.89,40.72
2026-07-01 23:25,CH2,132.96,25.66,6.50,12.00,27.20,40.54
2026-07-01 23:30,CH1,115.24,25.44,6.50,12.00,26.41,40.86
2026-07-01 23:30,CH2,136.95,26.34,6.50,12.00,26.76,40.30
2026-07-01 23:35,CH1,117.34,25.78,6.50,12.00,26.51,40.53
2026-07-01 23:35,CH2,130.87,25.22,6.50,12.00,26.57,40.29
2026-07-01 23:40,CH1,114.82,25.27,6.50,12.00,27.09,40.17
2026-07-01 23:40,CH2,133.26,25.65,6.50,12.00,26.63,40.99
2026-07-01 23:45,CH1,114.29,25.05,6.50,12.00,26.51,40.48
2026-07-01 23:45,CH2,131.74,25.36,6.50,12.00,26.91,40.42
2026-07-01 23:50,CH1,120.49,26.47,6.50,12.00,27.21,40.06
2026-07-01 23:50,CH2,131.98,25.30,6.50,12.00,27.03,40.72
2026-07-01 23:55,CH1,114.98,25.23,6.50,12.00,27.21,40.41
2026-07-01 23:55,CH2,137.88,26.54,6.50,12.00,26.50,40.71
2026-07-02 00:00,CH1,117.18,25.85,6.50,12.00,26.63,40.86
2026-07-02 00:00,CH2,137.11,26.40,6.50,12.00,26.92,40.95
2026-07-02 00:05,CH1,116.20,25.55,6.50,12.00,26.82,40.56
2026-07-02 00:05,CH2,138.11,26.48,6.50,12.00,27.13,40.09
2026-07-02 00:10,CH1,113.63,24.92,6.50,12.00,27.07,40.98
2026-07-02 00:10,CH2,135.11,26.03,6.50,12.00,26.55,40.80
2026-07-02 00:15,CH1,116.54,25.57,6.50,12.00,26.44,40.39
2026-07-02 00:15,CH2,133.88,25.81,6.50,12.00,26.38,40.72
2026-07-02 00:20,CH1,117.07,25.70,6.50,12.00,26.38,40.68
2026-07-02 00:20,CH2,133.32,25.61,6.50,12.00,26.42,40.51
2026-07-02 00:25,CH1,116.09,25.43,6.50,12.00,26.89,40.12
2026-07-02 00:25,CH2,137.33,26.43,6.50,12.00,26.77,40.82
2026-07-02 00:30,CH1,114.02,25.10,6.50,12.00,26.98,40.06
2026-07-02 00:30,CH2,139.75,26.83,6.50,12.00,26.71,40.23
2026-07-02 00:35,CH1,122.46,27.02,6.50,12.00,26.57,40.31
2026-07-02 00:35,CH2,131.36,25.22,6.50,12.00,26.59,40.70
2026-07-02 00:40,CH1,118.57,26.08,6.50,12.00,26.52,40.82
2026-07-02 00:40,CH2,138.75,26.62,6.50,12.00,27.34,40.88
2026-07-02 00:45,CH1,115.92,25.56,6.50,12.00,26.88,40.52
2026-07-02 00:45,CH2,132.96,25.65,6.50,12.00,26.81,40.83
2026-07-02 00:50,CH1,121.06,26.54,6.50,12.00,26.49,40.84
2026-07-02 00:50,CH2,137.86,26.59,6.50,12.00,26.74,40.31
2026-07-02 00:55,CH1,118.62,26.11,6.50,12.00,27.00,40.17
2026-07-02 00:55,CH2,142.69,27.50,6.50,12.00,26.67,40.01
2026-07-02 01:00,CH1,123.18,27.05,6.50,12.00,26.71,40.37
2026-07-02 01:00,CH2,140.49,27.13,6.50,12.00,27.29,40.28
2026-07-02 01:05,CH1,120.22,26.58,6.50,12.00,26.94,40.76
2026-07-02 01:05,CH2,138.28,26.55,6.50,12.00,26.69,40.55
2026-07-02 01:10,CH1,126.09,27.75,6.50,12.00,26.69,40.79
2026-07-02 01:10,CH2,141.20,27.12,6.50,12.00,27.29,40.79
2026-07-02 01:15,CH1,120.48,26.63,6.50,12.00,27.27,40.36
2026-07-02 01:15,CH2,138.93,26.86,6.50,12.00,27.41,40.26
2026-07-02 01:20,CH1,122.65,27.13,6.50,12.00,26.82,40.29
2026-07-02 01:20,CH2,143.63,27.66,6.50,12.00,26.73,40.64
2026-07-02 01:25,CH1,126.00,27.74,6.50,12.00,27.11,40.75
2026-07-02 01:25,CH2,137.91,26.53,6.50,12.00,26.94,40.26
2026-07-02 01:30,CH1,128.73,28.38,6.50,12.00,27.05,40.03
2026-07-02 01:30,CH2,141.18,27.21,6.50,12.00,26.80,40.58
2026-07-02 01:35,CH1,130.39,28.83,6.50,12.00,26.96,40.87
2026-07-02 01:35,CH2,143.67,27.76,6.50,12.00,26.98,40.28
2026-07-02 01:40,CH1,129.73,28.78,6.50,12.00,26.56,40.52
2026-07-02 01:40,CH2,148.96,28.83,6.50,12.00,27.16,40.80
2026-07-02 01:45,CH1,124.59,27.57,6.50,12.00,27.47,40.06
2026-07-02 01:45,CH2,144.32,27.95,6.50,12.00,26.72,40.68
2026-07-02 01:50,CH1,133.35,29.45,6.50,12.00,27.04,40.77
2026-07-02 01:50,CH2,143.22,27.77,6.50,12.00,26.89,40.20
2026-07-02 01:55,CH1,134.08,29.66,6.50,12.00,26.53,40.50
2026-07-02 01:55,CH2,149.46,28.97,6.50,12.00,26.71,40.19
2026-07-02 02:00,CH1,133.92,29.71,6.50,12.00,26.94,40.99
2026-07-02 02:00,CH2,145.65,28.25,6.50,12.00,27.20,40.16
2026-07-02 02:05,CH1,135.97,30.09,6.50,12.00,27.38,40.00
2026-07-02 02:05,CH2,147.81,28.60,6.50,12.00,27.40,40.94
2026-07-02 02:10,CH1,130.28,28.96,6.50,12.00,27.34,40.17
2026-07-02 02:10,CH2,152.24,29.59,6.50,12.00,27.07,40.23
2026-07-02 02:15,CH1,136.43,30.39,6.50,12.00,27.48,40.11
2026-07-02 02:15,CH2,153.66,29.72,6.50,12.00,27.15,40.52
2026-07-02 02:20,CH1,133.52,29.65,6.50,12.00,27.43,40.14
2026-07-02 02:20,CH2,153.03,29.68,6.50,12.00,26.95,40.79
2026-07-02 02:25,CH1,140.43,31.31,6.50,12.00,26.97,40.87
2026-07-02 02:25,CH2,155.41,30.09,6.50,12.00,27.58,40.25
2026-07-02 02:30,CH1,143.89,32.00,6.50,12.00,26.90,40.29
2026-07-02 02:30,CH2,155.98,30.40,6.50,12.00,26.71,40.10
2026-07-02 02:35,CH1,144.39,32.28,6.50,12.00,27.04,40.84
2026-07-02 02:35,CH2,164.44,31.91,6.50,12.00,27.22,40.11
2026-07-02 02:40,CH1,143.54,32.00,6.50,12.00,27.61,40.55
2026-07-02 02:40,CH2,161.38,31.39,6.50,12.00,26.78,40.58
2026-07-02 02:45,CH1,140.03,31.31,6.50,12.00,27.44,40.38
2026-07-02 02:45,CH2,161.44,31.39,6.50,12.00,26.99,40.97
2026-07-02 02:50,CH1,141.37,31.58,6.50,12.00,26.85,40.03
2026-07-02 02:50,CH2,161.98,31.52,6.50,12.00,27.06,40.01
2026-07-02 02:55,CH1,151.26,33.80,6.50,12.00,27.40,40.66
2026-07-02 02:55,CH2,170.59,33.36,6.50,12.00,26.83,40.23
2026-07-02 03:00,CH1,149.45,33.40,6.50,12.00,27.76,40.97
2026-07-02 03:00,CH2,167.93,32.86,6.50,12.00,27.48,40.52
2026-07-02 03:05,CH1,151.69,34.01,6.50,12.00,27.62,40.99
2026-07-02 03:05,CH2,167.30,32.77,6.50,12.00,27.46,41.00
2026-07-02 03:10,CH1,150.04,33.76,6.50,12.00,27.63,40.14
2026-07-02 03:10,CH2,168.55,33.04,6.50,12.00,26.93,40.64
2026-07-02 03:15,CH1,150.36,33.82,6.50,12.00,27.40,40.72
2026-07-02 03:15,CH2,176.24,34.47,6.50,12.00,27.34,40.68
2026-07-02 03:20,CH1,158.84,35.76,6.50,12.00,27.68,40.55
2026-07-02 03:20,CH2,176.39,34.54,6.50,12.00,27.56,40.10
2026-07-02 03:25,CH1,159.59,35.98,6.50,12.00,27.68,40.93
2026-07-02 03:25,CH2,179.09,35.14,6.50,12.00,27.74,40.98
2026-07-02 03:30,CH1,156.57,35.33,6.50,12.00,27.65,40.51
2026-07-02 03:30,CH2,180.69,35.42,6.50,12.00,27.70,40.30
2026-07-02 03:35,CH1,164.06,37.00,6.50,12.00,27.75,40.60
2026-07-02 03:35,CH2,183.60,36.19,6.50,12.00,27.38,40.25
2026-07-02 03:40,CH1,157.94,35.64,6.50,12.00,27.37,40.95
2026-07-02 03:40,CH2,184.78,36.42,6.50,12.00,27.79,40.86
2026-07-02 03:45,CH1,166.73,37.78,6.50,12.00,27.31,40.83
2026-07-02 03:45,CH2,186.55,36.71,6.50,12.00,27.31,40.98
2026-07-02 03:50,CH1,169.70,38.44,6.50,12.00,27.72,40.85
2026-07-02 03:50,CH2,186.97,36.87,6.50,12.00,27.69,40.83
2026-07-02 03:55,CH1,162.47,36.93,6.50,12.00,27.75,40.42
2026-07-02 03:55,CH2,193.00,38.13,6.50,12.00,27.41,40.75
2026-07-02 04:00,CH1,165.52,37.64,6.50,12.00,27.50,40.48
2026-07-02 04:00,CH2,197.57,39.14,6.50,12.00,27.91,40.30
2026-07-02 04:05,CH1,168.83,38.38,6.50,12.00,27.78,40.58
2026-07-02 04:05,CH2,199.20,39.50,6.50,12.00,28.06,40.33
2026-07-02 04:10,CH1,169.01,38.51,6.50,12.00,28.00,40.25
2026-07-02 04:10,CH2,201.71,40.00,6.50,12.00,27.66,40.90
2026-07-02 04:15,CH1,176.48,40.11,6.50,12.00,27.72,40.47
2026-07-02 04:15,CH2,204.33,40.49,6.50,12.00,28.19,40.13
2026-07-02 04:20,CH1,173.24,39.61,6.50,12.00,27.81,40.75
2026-07-02 04:20,CH2,202.45,40.09,6.50,12.00,28.16,40.03
2026-07-02 04:25,CH1,179.38,41.07,6.50,12.00,27.63,40.37
2026-07-02 04:25,CH2,201.31,39.99,6.50,12.00,27.83,40.85
2026-07-02 04:30,CH1,181.59,41.57,6.50,12.00,27.71,40.94
2026-07-02 04:30,CH2,211.33,41.98,6.50,12.00,28.15,40.74
2026-07-02 04:35,CH1,184.32,42.21,6.50,12.00,27.64,40.80
2026-07-02 04:35,CH2,212.64,42.35,6.50,12.00,28.15,40.77
2026-07-02 04:40,CH1,185.70,42.51,6.50,12.00,28.06,40.46
2026-07-02 04:40,CH2,211.23,42.16,6.50,12.00,28.24,40.60
2026-07-02 04:45,CH1,187.74,43.13,6.50,12.00,28.19,40.34
2026-07-02 04:45,CH2,213.67,42.67,6.50,12.00,27.65,40.43
2026-07-02 04:50,CH1,187.80,43.27,6.50,12.00,27.64,40.95
2026-07-02 04:50,CH2,217.51,43.47,6.50,12.00,28.19,40.00
2026-07-02 04:55,CH1,193.10,44.49,6.50,12.00,28.38,40.69
2026-07-02 04:55,CH2,224.26,44.84,6.50,12.00,28.39,40.66
2026-07-02 05:00,CH1,190.86,43.98,6.50,12.00,27.88,40.29
2026-07-02 05:00,CH2,221.70,44.41,6.50,12.00,28.42,40.95
2026-07-02 05:05,CH1,190.93,44.12,6.50,12.00,27.99,40.82
2026-07-02 05:05,CH2,227.00,45.62,6.50,12.00,28.23,40.52
2026-07-02 05:10,CH1,198.56,45.91,6.50,12.00,28.55,40.25
2026-07-02 05:10,CH2,231.14,46.48,6.50,12.00,28.30,40.46
2026-07-02 05:15,CH1,198.93,46.07,6.50,12.00,28.17,40.31
2026-07-02 05:15,CH2,231.53,46.61,6.50,12.00,27.98,40.79
2026-07-02 05:20,CH1,196.73,45.68,6.50,12.00,28.33,40.20
2026-07-02 05:20,CH2,231.21,46.56,6.50,12.00,27.90,40.07
2026-07-02 05:25,CH1,199.49,46.25,6.50,12.00,28.53,40.97
2026-07-02 05:25,CH2,230.62,46.46,6.50,12.00,28.65,40.95
2026-07-02 05:30,CH1,205.87,47.76,6.50,12.00,28.64,40.83
2026-07-02 05:30,CH2,236.62,47.67,6.50,12.00,27.98,40.58
2026-07-02 05:35,CH1,211.12,49.19,6.50,12.00,28.82,40.70
2026-07-02 05:35,CH2,234.24,47.36,6.50,12.00,28.44,40.91
2026-07-02 05:40,CH1,211.92,49.50,6.50,12.00,28.32,40.93
2026-07-02 05:40,CH2,237.85,48.06,6.50,12.00,28.83,40.49
2026-07-02 05:45,CH1,208.00,48.50,6.50,12.00,28.17,40.71
2026-07-02 05:45,CH2,248.41,50.27,6.50,12.00,28.27,40.39
2026-07-02 05:50,CH1,211.95,49.64,6.50,12.00,28.54,40.59
2026-07-02 05:50,CH2,246.80,50.07,6.50,12.00,28.15,40.22
2026-07-02 05:55,CH1,216.75,50.74,6.50,12.00,28.90,40.43
2026-07-02 05:55,CH2,246.52,49.98,6.50,12.00,28.88,40.13
2026-07-02 06:00,CH1,215.28,50.49,6.50,12.00,28.78,40.48
2026-07-02 06:00,CH2,251.15,51.09,6.50,12.00,28.40,40.35
2026-07-02 06:05,CH1,218.31,51.19,6.50,12.00,28.99,40.13
2026-07-02 06:05,CH2,255.89,52.08,6.50,12.00,28.57,40.61
2026-07-02 06:10,CH1,222.17,52.32,6.50,12.00,28.34,40.82
2026-07-02 06:10,CH2,256.84,52.25,6.50,12.00,28.92,40.42
2026-07-02 06:15,CH1,223.44,52.55,6.50,12.00,29.10,40.64
2026-07-02 06:15,CH2,257.07,52.48,6.50,12.00,28.52,40.42
2026-07-02 06:20,CH1,225.90,53.26,6.50,12.00,28.55,40.41
2026-07-02 06:20,CH2,258.60,52.77,6.50,12.00,28.26,40.30
2026-07-02 06:25,CH1,224.74,53.14,6.50,12.00,28.24,40.90
2026-07-02 06:25,CH2,260.75,53.24,6.50,12.00,29.17,40.72
2026-07-02 06:30,CH1,233.17,55.19,6.50,12.00,28.54,40.40
2026-07-02 06:30,CH2,261.33,53.45,6.50,12.00,28.62,40.82
2026-07-02 06:35,CH1,227.32,53.91,6.50,12.00,28.74,40.31
2026-07-02 06:35,CH2,269.42,55.15,6.50,12.00,28.90,40.50
2026-07-02 06:40,CH1,234.42,55.64,6.50,12.00,29.24,40.17
2026-07-02 06:40,CH2,269.00,55.32,6.50,12.00,28.34,40.92
2026-07-02 06:45,CH1,238.45,56.65,6.50,12.00,29.30,40.21
2026-07-02 06:45,CH2,275.40,56.53,6.50,12.00,28.40,40.65
2026-07-02 06:50,CH1,241.12,57.45,6.50,12.00,29.02,40.78
2026-07-02 06:50,CH2,275.07,56.53,6.50,12.00,28.94,40.37
2026-07-02 06:55,CH1,239.05,56.90,6.50,12.00,28.66,40.80
2026-07-02 06:55,CH2,272.38,56.04,6.50,12.00,28.76,40.38
2026-07-02 07:00,CH1,240.11,57.20,6.50,12.00,28.74,40.77
2026-07-02 07:00,CH2,276.32,57.02,6.50,12.00,28.93,40.53
2026-07-02 07:05,CH1,240.41,57.47,6.50,12.00,28.62,40.05
2026-07-02 07:05,CH2,277.06,57.31,6.50,12.00,28.58,40.73
2026-07-02 07:10,CH1,247.63,59.20,6.50,12.00,28.92,40.84
2026-07-02 07:10,CH2,285.35,59.08,6.50,12.00,29.05,40.26
2026-07-02 07:15,CH1,243.56,58.34,6.50,12.00,29.15,40.43
2026-07-02 07:15,CH2,287.07,59.52,6.50,12.00,29.14,40.25
2026-07-02 07:20,CH1,245.31,58.73,6.50,12.00,29.42,40.24
2026-07-02 07:20,CH2,290.44,60.21,6.50,12.00,28.65,40.89
2026-07-02 07:25,CH1,248.06,59.59,6.50,12.00,29.29,40.80
2026-07-02 07:25,CH2,288.36,59.84,6.50,12.00,29.36,40.28
2026-07-02 07:30,CH1,250.28,60.16,6.50,12.00,29.44,40.61
2026-07-02 07:30,CH2,290.79,60.39,6.50,12.00,29.25,40.33
2026-07-02 07:35,CH1,252.81,60.89,6.50,12.00,29.63,40.51
2026-07-02 07:35,CH2,293.35,61.11,6.50,12.00,29.39,40.35
2026-07-02 07:40,CH1,251.96,60.70,6.50,12.00,29.52,40.21
2026-07-02 07:40,CH2,291.62,60.68,6.50,12.00,28.78,40.08
2026-07-02 07:45,CH1,261.40,63.01,6.50,12.00,29.19,40.91
2026-07-02 07:45,CH2,295.54,61.71,6.50,12.00,28.92,40.18
2026-07-02 07:50,CH1,258.22,62.42,6.50,12.00,29.65,40.71
2026-07-02 07:50,CH2,298.06,62.30,6.50,12.00,29.72,40.44
2026-07-02 07:55,CH1,257.30,62.17,6.50,12.00,29.10,40.03
2026-07-02 07:55,CH2,304.22,63.50,6.50,12.00,29.42,40.94
2026-07-02 08:00,CH1,265.21,64.25,6.50,12.00,29.47,40.40
2026-07-02 08:00,CH2,299.84,62.65,6.50,12.00,29.27,40.73
2026-07-02 08:05,CH1,260.84,63.27,6.50,12.00,29.13,40.17
2026-07-02 08:05,CH2,306.49,64.24,6.50,12.00,29.41,40.79
2026-07-02 08:10,CH1,264.31,64.32,6.50,12.00,29.89,40.74
2026-07-02 08:10,CH2,310.34,65.03,6.50,12.00,29.31,40.10
2026-07-02 08:15,CH1,267.70,65.08,6.50,12.00,29.82,40.07
2026-07-02 08:15,CH2,309.83,64.96,6.50,12.00,29.60,40.84
2026-07-02 08:20,CH1,271.02,65.92,6.50,12.00,29.72,40.07
2026-07-02 08:20,CH2,311.05,65.37,6.50,12.00,29.18,40.97
2026-07-02 08:25,CH1,267.61,65.26,6.50,12.00,29.91,40.33
2026-07-02 08:25,CH2,314.35,66.08,6.50,12.00,29.68,40.10
2026-07-02 08:30,CH1,270.55,65.95,6.50,12.00,29.49,40.10
2026-07-02 08:30,CH2,314.80,66.29,6.50,12.00,29.11,40.80
2026-07-02 08:35,CH1,273.55,66.84,6.50,12.00,29.72,40.27
2026-07-02 08:35,CH2,315.91,66.49,6.50,12.00,29.20,40.66
2026-07-02 08:40,CH1,274.54,67.20,6.50,12.00,29.43,40.29
2026-07-02 08:40,CH2,315.21,66.46,6.50,12.00,29.63,40.57
2026-07-02 08:45,CH1,276.36,67.70,6.50,12.00,29.28,40.96
2026-07-02 08:45,CH2,316.98,67.00,6.50,12.00,29.45,40.95
2026-07-02 08:50,CH1,281.07,68.92,6.50,12.00,29.61,40.28
2026-07-02 08:50,CH2,322.98,68.28,6.50,12.00,29.63,40.80
2026-07-02 08:55,CH1,277.15,68.12,6.50,12.00,29.34,40.61
2026-07-02 08:55,CH2,325.33,68.83,6.50,12.00,29.67,40.40
2026-07-02 09:00,CH1,279.50,68.82,6.50,12.00,29.69,40.58
2026-07-02 09:00,CH2,320.50,67.90,6.50,12.00,29.53,40.43
2026-07-02 09:05,CH1,277.61,68.32,6.50,12.00,29.89,40.51
2026-07-02 09:05,CH2,328.16,69.64,6.50,12.00,29.59,40.03
2026-07-02 09:10,CH1,285.71,70.38,6.50,12.00,30.19,40.94
2026-07-02 09:10,CH2,327.16,69.34,6.50,12.00,30.12,40.63
2026-07-02 09:15,CH1,281.89,69.39,6.50,12.00,29.86,40.22
2026-07-02 09:15,CH2,331.76,70.45,6.50,12.00,29.98,40.06
2026-07-02 09:20,CH1,283.75,69.98,6.50,12.00,29.30,40.40
2026-07-02 09:20,CH2,328.94,69.82,6.50,12.00,29.47,40.45
2026-07-02 09:25,CH1,282.30,69.67,6.50,12.00,30.19,40.89
2026-07-02 09:25,CH2,330.21,70.15,6.50,12.00,29.90,40.98
2026-07-02 09:30,CH1,290.09,71.78,6.50,12.00,29.64,40.56
2026-07-02 09:30,CH2,331.22,70.59,6.50,12.00,30.13,40.33
2026-07-02 09:35,CH1,288.65,71.36,6.50,12.00,30.31,40.32
2026-07-02 09:35,CH2,337.49,71.92,6.50,12.00,29.69,40.60
2026-07-02 09:40,CH1,288.80,71.65,6.50,12.00,30.01,40.38
2026-07-02 09:40,CH2,340.12,72.46,6.50,12.00,29.47,40.57
2026-07-02 09:45,CH1,292.99,72.66,6.50,12.00,30.35,40.48
2026-07-02 09:45,CH2,334.51,71.42,6.50,12.00,30.08,40.67
2026-07-02 09:50,CH1,287.48,71.40,6.50,12.00,29.62,40.93
2026-07-02 09:50,CH2,337.16,71.89,6.50,12.00,30.09,40.30
2026-07-02 09:55,CH1,290.89,72.31,6.50,12.00,29.79,40.60
2026-07-02 09:55,CH2,337.47,72.14,6.50,12.00,29.97,40.90
2026-07-02 10:00,CH1,295.36,73.46,6.50,12.00,29.49,40.78
2026-07-02 10:00,CH2,340.65,72.79,6.50,12.00,29.97,40.66
2026-07-02 10:05,CH1,297.26,73.90,6.50,12.00,30.29,40.60
2026-07-02 10:05,CH2,342.53,73.20,6.50,12.00,29.51,40.55
2026-07-02 10:10,CH1,297.52,74.11,6.50,12.00,29.97,40.17
2026-07-02 10:10,CH2,344.50,73.73,6.50,12.00,29.66,40.50
2026-07-02 10:15,CH1,293.52,73.17,6.50,12.00,30.42,40.66
2026-07-02 10:15,CH2,340.45,72.81,6.50,12.00,29.87,40.79
2026-07-02 10:20,CH1,298.31,74.33,6.50,12.00,30.44,40.96
2026-07-02 10:20,CH2,344.89,73.97,6.50,12.00,29.88,40.68
2026-07-02 10:25,CH1,298.51,74.44,6.50,12.00,29.60,40.84
2026-07-02 10:25,CH2,343.22,73.67,6.50,12.00,29.66,40.34
2026-07-02 10:30,CH1,299.02,74.68,6.50,12.00,30.46,40.99
2026-07-02 10:30,CH2,347.85,74.54,6.50,12.00,29.76,40.14
2026-07-02 10:35,CH1,294.86,73.57,6.50,12.00,30.48,40.75
2026-07-02 10:35,CH2,344.06,73.77,6.50,12.00,30.48,40.00
2026-07-02 10:40,CH1,297.38,74.29,6.50,12.00,30.11,40.38
2026-07-02 10:40,CH2,347.78,74.57,6.50,12.00,30.08,40.75
2026-07-02 10:45,CH1,296.50,74.14,6.50,12.00,29.88,40.03
2026-07-02 10:45,CH2,344.83,74.04,6.50,12.00,29.63,40.20
2026-07-02 10:50,CH1,297.57,74.36,6.50,12.00,30.53,40.89
2026-07-02 10:50,CH2,352.64,75.78,6.50,12.00,30.31,40.31
2026-07-02 10:55,CH1,304.39,76.11,6.50,12.00,30.19,40.49
2026-07-02 10:55,CH2,350.89,75.34,6.50,12.00,29.89,40.87
2026-07-02 11:00,CH1,301.75,75.44,6.50,12.00,30.56,40.04
2026-07-02 11:00,CH2,346.68,74.45,6.50,12.00,30.34,40.62
2026-07-02 11:05,CH1,302.40,75.61,6.50,12.00,29.64,40.14
2026-07-02 11:05,CH2,352.26,75.74,6.50,12.00,30.11,40.22
2026-07-02 11:10,CH1,299.68,75.08,6.50,12.00,30.33,40.68
2026-07-02 11:10,CH2,348.16,74.90,6.50,12.00,30.38,40.88
2026-07-02 11:15,CH1,303.88,76.17,6.50,12.00,29.81,40.06
2026-07-02 11:15,CH2,348.58,75.10,6.50,12.00,29.91,40.26
2026-07-02 11:20,CH1,302.83,75.91,6.50,12.00,30.61,40.68
2026-07-02 11:20,CH2,356.05,76.60,6.50,12.00,30.13,40.51
2026-07-02 11:25,CH1,306.02,76.78,6.50,12.00,30.12,40.55
2026-07-02 11:25,CH2,356.64,76.74,6.50,12.00,30.05,40.48
2026-07-02 11:30,CH1,302.93,76.03,6.50,12.00,30.45,40.38
2026-07-02 11:30,CH2,348.88,75.19,6.50,12.00,30.05,40.92
2026-07-02 11:35,CH1,300.00,75.23,6.50,12.00,30.31,40.49
2026-07-02 11:35,CH2,354.27,76.25,6.50,12.00,30.17,40.90
2026-07-02 11:40,CH1,304.40,76.37,6.50,12.00,30.58,40.96
2026-07-02 11:40,CH2,349.50,75.32,6.50,12.00,29.84,40.58
2026-07-02 11:45,CH1,302.31,75.73,6.50,12.00,30.01,40.25
2026-07-02 11:45,CH2,352.24,75.78,6.50,12.00,29.97,40.46
2026-07-02 11:50,CH1,301.09,75.50,6.50,12.00,30.45,40.09
2026-07-02 11:50,CH2,351.24,75.77,6.50,12.00,29.81,40.81
2026-07-02 11:55,CH1,301.60,75.60,6.50,12.00,29.69,40.63
2026-07-02 11:55,CH2,353.36,76.16,6.50,12.00,30.01,40.84
2026-07-02 12:00,CH1,301.78,75.75,6.50,12.00,30.36,40.61
2026-07-02 12:00,CH2,357.01,76.84,6.50,12.00,29.71,40.28
2026-07-02 12:05,CH1,300.77,75.39,6.50,12.00,30.54,40.83
2026-07-02 12:05,CH2,351.03,75.61,6.50,12.00,30.55,40.65
2026-07-02 12:10,CH1,307.21,77.12,6.50,12.00,30.07,40.35
2026-07-02 12:10,CH2,349.26,75.22,6.50,12.00,30.36,40.29
2026-07-02 12:15,CH1,299.41,75.18,6.50,12.00,30.45,40.36
2026-07-02 12:15,CH2,353.86,76.27,6.50,12.00,29.78,40.15
2026-07-02 12:20,CH1,303.84,76.24,6.50,12.00,30.39,40.95
2026-07-02 12:20,CH2,357.75,77.00,6.50,12.00,29.84,40.30
2026-07-02 12:25,CH1,302.76,75.99,6.50,12.00,30.48,40.57
2026-07-02 12:25,CH2,354.80,76.45,6.50,12.00,30.42,40.70
2026-07-02 12:30,CH1,303.91,76.08,6.50,12.00,30.53,40.68
2026-07-02 12:30,CH2,349.87,75.27,6.50,12.00,30.47,40.28
2026-07-02 12:35,CH1,300.04,75.20,6.50,12.00,30.30,40.90
2026-07-02 12:35,CH2,357.01,76.78,6.50,12.00,30.63,40.28
2026-07-02 12:40,CH1,303.55,76.05,6.50,12.00,29.74,41.00
2026-07-02 12:40,CH2,348.53,74.93,6.50,12.00,30.11,40.21
2026-07-02 12:45,CH1,300.90,75.28,6.50,12.00,29.84,40.81
2026-07-02 12:45,CH2,351.56,75.55,6.50,12.00,30.15,40.07
2026-07-02 12:50,CH1,304.28,76.10,6.50,12.00,29.96,40.07
2026-07-02 12:50,CH2,348.19,74.87,6.50,12.00,30.33,40.22
2026-07-02 12:55,CH1,300.55,75.20,6.50,12.00,29.91,40.97
2026-07-02 12:55,CH2,353.88,76.16,6.50,12.00,30.04,40.16
2026-07-02 13:00,CH1,300.26,75.11,6.50,12.00,30.01,40.51
2026-07-02 13:00,CH2,351.04,75.48,6.50,12.00,30.39,40.10
2026-07-02 13:05,CH1,299.61,74.94,6.50,12.00,30.23,40.95
2026-07-02 13:05,CH2,353.50,76.01,6.50,12.00,30.43,40.67
2026-07-02 13:10,CH1,300.47,75.00,6.50,12.00,30.09,40.58
2026-07-02 13:10,CH2,345.83,74.21,6.50,12.00,29.75,40.47
2026-07-02 13:15,CH1,303.53,75.78,6.50,12.00,30.12,40.91
2026-07-02 13:15,CH2,350.61,75.36,6.50,12.00,29.78,40.19
2026-07-02 13:20,CH1,298.56,74.59,6.50,12.00,30.07,40.82
2026-07-02 13:20,CH2,349.78,75.09,6.50,12.00,30.31,40.82
2026-07-02 13:25,CH1,297.93,74.34,6.50,12.00,29.66,40.67
2026-07-02 13:25,CH2,350.34,75.26,6.50,12.00,30.30,40.99
2026-07-02 13:30,CH1,299.54,74.67,6.50,12.00,30.23,40.11
2026-07-02 13:30,CH2,346.38,74.36,6.50,12.00,30.30,40.93
2026-07-02 13:35,CH1,297.58,74.22,6.50,12.00,30.01,40.95
2026-07-02 13:35,CH2,343.58,73.70,6.50,12.00,30.15,40.58
2026-07-02 13:40,CH1,297.06,74.11,6.50,12.00,29.78,40.26
2026-07-02 13:40,CH2,343.22,73.56,6.50,12.00,30.51,40.57
2026-07-02 13:45,CH1,293.15,72.98,6.50,12.00,29.74,40.52
2026-07-02 13:45,CH2,345.80,73.95,6.50,12.00,30.39,40.89
2026-07-02 13:50,CH1,291.00,72.52,6.50,12.00,30.03,40.59
2026-07-02 13:50,CH2,342.13,73.28,6.50,12.00,30.07,40.42
2026-07-02 13:55,CH1,291.63,72.43,6.50,12.00,29.68,40.54
2026-07-02 13:55,CH2,337.55,72.11,6.50,12.00,29.66,40.65
2026-07-02 14:00,CH1,291.16,72.23,6.50,12.00,29.68,40.25
2026-07-02 14:00,CH2,343.42,73.41,6.50,12.00,29.95,40.12
2026-07-02 14:05,CH1,292.72,72.70,6.50,12.00,29.57,40.92
2026-07-02 14:05,CH2,344.78,73.54,6.50,12.00,29.52,40.72
2026-07-02 14:10,CH1,294.80,73.21,6.50,12.00,30.28,40.46
2026-07-02 14:10,CH2,336.97,71.84,6.50,12.00,29.60,40.30
2026-07-02 14:15,CH1,286.86,71.15,6.50,12.00,30.02,40.24
2026-07-02 14:15,CH2,342.25,72.92,6.50,12.00,29.71,40.98
2026-07-02 14:20,CH1,288.05,71.36,6.50,12.00,29.57,40.48
2026-07-02 14:20,CH2,335.72,71.51,6.50,12.00,30.00,40.59
2026-07-02 14:25,CH1,292.44,72.28,6.50,12.00,29.83,40.52
2026-07-02 14:25,CH2,337.51,71.84,6.50,12.00,30.09,40.25
2026-07-02 14:30,CH1,289.04,71.39,6.50,12.00,29.79,40.91
2026-07-02 14:30,CH2,334.23,71.07,6.50,12.00,29.73,40.18
2026-07-02 14:35,CH1,287.29,70.99,6.50,12.00,29.37,40.77
2026-07-02 14:35,CH2,333.15,70.91,6.50,12.00,29.67,40.69
2026-07-02 14:40,CH1,285.32,70.44,6.50,12.00,29.41,40.95
2026-07-02 14:40,CH2,333.77,70.99,6.50,12.00,29.89,40.28
2026-07-02 14:45,CH1,280.57,69.26,6.50,12.00,29.93,40.39
2026-07-02 14:45,CH2,326.51,69.32,6.50,12.00,29.76,40.50
2026-07-02 14:50,CH1,283.74,69.78,6.50,12.00,29.39,40.30
2026-07-02 14:50,CH2,326.07,69.19,6.50,12.00,29.62,40.41
2026-07-02 14:55,CH1,279.07,68.64,6.50,12.00,29.76,40.39
2026-07-02 14:55,CH2,329.31,69.79,6.50,12.00,29.31,40.14
2026-07-02 15:00,CH1,282.54,69.39,6.50,12.00,29.83,40.07
2026-07-02 15:00,CH2,328.90,69.63,6.50,12.00,30.02,40.02
2026-07-02 15:05,CH1,279.98,68.65,6.50,12.00,29.69,40.32
2026-07-02 15:05,CH2,322.33,68.28,6.50,12.00,29.27,40.99
2026-07-02 15:10,CH1,279.67,68.71,6.50,12.00,29.44,40.64
2026-07-02 15:10,CH2,317.86,67.19,6.50,12.00,29.38,40.88
2026-07-02 15:15,CH1,275.72,67.56,6.50,12.00,29.48,40.37
2026-07-02 15:15,CH2,319.82,67.61,6.50,12.00,29.49,40.39
2026-07-02 15:20,CH1,270.96,66.29,6.50,12.00,29.81,40.56
2026-07-02 15:20,CH2,323.02,68.15,6.50,12.00,29.42,40.49
2026-07-02 15:25,CH1,270.03,66.07,6.50,12.00,29.08,40.21
2026-07-02 15:25,CH2,320.75,67.64,6.50,12.00,29.08,40.08
2026-07-02 15:30,CH1,270.76,66.17,6.50,12.00,29.90,40.31
2026-07-02 15:30,CH2,312.59,65.89,6.50,12.00,29.31,40.65
2026-07-02 15:35,CH1,272.24,66.48,6.50,12.00,29.31,40.78
2026-07-02 15:35,CH2,317.47,66.85,6.50,12.00,29.27,40.69
2026-07-02 15:40,CH1,269.24,65.65,6.50,12.00,29.21,40.15
2026-07-02 15:40,CH2,313.03,65.78,6.50,12.00,29.73,40.64
2026-07-02 15:45,CH1,266.60,64.90,6.50,12.00,29.84,40.34
2026-07-02 15:45,CH2,305.58,64.13,6.50,12.00,29.60,40.43
2026-07-02 15:50,CH1,264.69,64.32,6.50,12.00,29.06,40.71
2026-07-02 15:50,CH2,311.36,65.19,6.50,12.00,29.72,40.35
2026-07-02 15:55,CH1,263.30,63.92,6.50,12.00,29.55,40.26
2026-07-02 15:55,CH2,301.28,63.19,6.50,12.00,29.80,40.18
2026-07-02 16:00,CH1,258.73,62.65,6.50,12.00,28.98,40.84
2026-07-02 16:00,CH2,305.79,64.03,6.50,12.00,28.93,40.20
2026-07-02 16:05,CH1,260.01,62.89,6.50,12.00,29.69,40.96
2026-07-02 16:05,CH2,303.70,63.50,6.50,12.00,29.57,40.31
2026-07-02 16:10,CH1,260.21,62.91,6.50,12.00,29.30,40.66
2026-07-02 16:10,CH2,298.11,62.29,6.50,12.00,29.37,40.67
2026-07-02 16:15,CH1,258.63,62.40,6.50,12.00,29.15,40.02
2026-07-02 16:15,CH2,294.04,61.32,6.50,12.00,28.99,40.76
2026-07-02 16:20,CH1,258.43,62.30,6.50,12.00,28.93,40.54
2026-07-02 16:20,CH2,299.97,62.47,6.50,12.00,29.53,40.22
2026-07-02 16:25,CH1,257.79,62.05,6.50,12.00,29.66,40.87
2026-07-02 16:25,CH2,294.50,61.32,6.50,12.00,28.89,40.99
2026-07-02 16:30,CH1,252.21,60.74,6.50,12.00,29.05,40.53
2026-07-02 16:30,CH2,292.09,60.66,6.50,12.00,28.90,40.19
2026-07-02 16:35,CH1,247.93,59.66,6.50,12.00,28.72,40.45
2026-07-02 16:35,CH2,287.73,59.64,6.50,12.00,29.49,40.58
2026-07-02 16:40,CH1,249.00,59.74,6.50,12.00,28.87,40.22
2026-07-02 16:40,CH2,286.26,59.41,6.50,12.00,29.53,40.79
2026-07-02 16:45,CH1,246.89,59.12,6.50,12.00,28.56,40.25
2026-07-02 16:45,CH2,282.35,58.54,6.50,12.00,28.85,40.81
2026-07-02 16:50,CH1,246.10,58.98,6.50,12.00,28.64,40.74
2026-07-02 16:50,CH2,280.00,57.92,6.50,12.00,28.62,40.06
2026-07-02 16:55,CH1,244.08,58.22,6.50,12.00,28.90,40.45
2026-07-02 16:55,CH2,283.31,58.60,6.50,12.00,29.10,40.07
2026-07-02 17:00,CH1,243.46,58.01,6.50,12.00,29.14,40.66
2026-07-02 17:00,CH2,282.20,58.24,6.50,12.00,28.63,40.88
2026-07-02 17:05,CH1,240.46,57.27,6.50,12.00,29.07,40.45
2026-07-02 17:05,CH2,272.52,56.05,6.50,12.00,29.08,40.92
2026-07-02 17:10,CH1,238.39,56.62,6.50,12.00,29.34,40.09
2026-07-02 17:10,CH2,272.52,55.99,6.50,12.00,28.65,40.66
2026-07-02 17:15,CH1,239.26,56.78,6.50,12.00,29.32,40.52
2026-07-02 17:15,CH2,270.55,55.54,6.50,12.00,28.81,40.50
2026-07-02 17:20,CH1,235.28,55.80,6.50,12.00,28.43,40.91
2026-07-02 17:20,CH2,267.17,54.79,6.50,12.00,28.51,40.11
2026-07-02 17:25,CH1,228.91,54.28,6.50,12.00,28.96,40.37
2026-07-02 17:25,CH2,271.12,55.52,6.50,12.00,28.66,40.15
2026-07-02 17:30,CH1,230.07,54.37,6.50,12.00,28.80,40.29
2026-07-02 17:30,CH2,266.80,54.67,6.50,12.00,28.96,40.11
2026-07-02 17:35,CH1,224.98,53.17,6.50,12.00,29.10,40.80
2026-07-02 17:35,CH2,262.87,53.81,6.50,12.00,29.00,40.77
2026-07-02 17:40,CH1,227.56,53.69,6.50,12.00,28.64,40.74
2026-07-02 17:40,CH2,263.10,53.72,6.50,12.00,28.49,40.09
2026-07-02 17:45,CH1,219.96,51.81,6.50,12.00,28.92,40.33
2026-07-02 17:45,CH2,254.17,51.77,6.50,12.00,29.09,40.50
2026-07-02 17:50,CH1,224.86,52.94,6.50,12.00,28.98,40.05
2026-07-02 17:50,CH2,250.87,51.12,6.50,12.00,28.88,40.32
2026-07-02 17:55,CH1,223.09,52.35,6.50,12.00,28.57,40.95
2026-07-02 17:55,CH2,254.52,51.79,6.50,12.00,28.14,40.41
2026-07-02 18:00,CH1,217.26,50.89,6.50,12.00,28.16,40.65
2026-07-02 18:00,CH2,246.82,50.10,6.50,12.00,28.50,40.41
2026-07-02 18:05,CH1,213.24,49.92,6.50,12.00,28.46,40.01
2026-07-02 18:05,CH2,251.94,51.23,6.50,12.00,28.67,40.52
2026-07-02 18:10,CH1,217.10,50.86,6.50,12.00,28.88,40.09
2026-07-02 18:10,CH2,248.48,50.40,6.50,12.00,28.39,40.27
2026-07-02 18:15,CH1,207.70,48.43,6.50,12.00,28.65,40.96
2026-07-02 18:15,CH2,243.29,49.36,6.50,12.00,28.51,40.12
2026-07-02 18:20,CH1,207.33,48.34,6.50,12.00,27.89,40.45
2026-07-02 18:20,CH2,245.29,49.70,6.50,12.00,28.14,40.94
2026-07-02 18:25,CH1,204.16,47.64,6.50,12.00,28.21,40.60
2026-07-02 18:25,CH2,241.06,48.63,6.50,12.00,28.36,40.13
2026-07-02 18:30,CH1,208.67,48.42,6.50,12.00,28.77,40.53
2026-07-02 18:30,CH2,233.95,47.17,6.50,12.00,28.75,40.92
2026-07-02 18:35,CH1,202.66,46.98,6.50,12.00,28.68,40.27
2026-07-02 18:35,CH2,230.71,46.40,6.50,12.00,28.35,40.10
2026-07-02 18:40,CH1,203.19,47.22,6.50,12.00,27.96,40.32
2026-07-02 18:40,CH2,227.97,45.92,6.50,12.00,28.51,40.19
2026-07-02 18:45,CH1,202.34,46.79,6.50,12.00,28.28,40.23
2026-07-02 18:45,CH2,229.52,46.08,6.50,12.00,28.57,40.64
2026-07-02 18:50,CH1,194.97,45.12,6.50,12.00,28.60,40.34
2026-07-02 18:50,CH2,223.82,44.89,6.50,12.00,27.94,40.37
2026-07-02 18:55,CH1,199.28,45.99,6.50,12.00,28.46,40.79
2026-07-02 18:55,CH2,226.93,45.59,6.50,12.00,27.64,40.17
2026-07-02 19:00,CH1,194.97,44.87,6.50,12.00,27.85,40.03
2026-07-02 19:00,CH2,225.10,45.13,6.50,12.00,27.90,40.51
2026-07-02 19:05,CH1,192.27,44.32,6.50,12.00,28.12,40.67
2026-07-02 19:05,CH2,222.65,44.55,6.50,12.00,27.79,40.85
2026-07-02 19:10,CH1,184.26,42.45,6.50,12.00,28.28,40.37
2026-07-02 19:10,CH2,216.90,43.29,6.50,12.00,28.32,40.47
2026-07-02 19:15,CH1,187.77,43.14,6.50,12.00,27.71,40.15
2026-07-02 19:15,CH2,219.19,43.85,6.50,12.00,27.54,40.98
2026-07-02 19:20,CH1,182.29,41.87,6.50,12.00,27.65,40.74
2026-07-02 19:20,CH2,209.19,41.70,6.50,12.00,27.64,40.83
2026-07-02 19:25,CH1,186.99,42.81,6.50,12.00,28.27,40.66
2026-07-02 19:25,CH2,209.80,41.68,6.50,12.00,28.22,40.19
2026-07-02 19:30,CH1,180.44,41.22,6.50,12.00,28.23,40.46
2026-07-02 19:30,CH2,205.72,41.00,6.50,12.00,27.89,40.83
2026-07-02 19:35,CH1,180.59,41.26,6.50,12.00,27.94,40.45
2026-07-02 19:35,CH2,203.36,40.40,6.50,12.00,27.71,40.85
2026-07-02 19:40,CH1,173.32,39.60,6.50,12.00,27.53,40.85
2026-07-02 19:40,CH2,206.87,41.03,6.50,12.00,28.09,40.37
2026-07-02 19:45,CH1,175.53,40.07,6.50,12.00,27.61,40.57
2026-07-02 19:45,CH2,198.49,39.38,6.50,12.00,28.07,40.05
2026-07-02 19:50,CH1,176.02,40.05,6.50,12.00,27.67,40.81
2026-07-02 19:50,CH2,203.46,40.23,6.50,12.00,27.86,40.38
2026-07-02 19:55,CH1,167.56,38.10,6.50,12.00,27.34,40.44
2026-07-02 19:55,CH2,194.59,38.45,6.50,12.00,28.17,40.03
2026-07-02 20:00,CH1,173.90,39.37,6.50,12.00,27.40,40.44
2026-07-02 20:00,CH2,193.83,38.35,6.50,12.00,28.03,40.98
2026-07-02 20:05,CH1,167.04,37.96,6.50,12.00,27.42,40.97
2026-07-02 20:05,CH2,192.22,37.86,6.50,12.00,27.83,40.17
2026-07-02 20:10,CH1,166.57,37.77,6.50,12.00,27.36,40.47
2026-07-02 20:10,CH2,185.04,36.55,6.50,12.00,28.05,40.80
2026-07-02 20:15,CH1,164.15,37.02,6.50,12.00,28.04,40.28
2026-07-02 20:15,CH2,190.73,37.54,6.50,12.00,27.99,40.33
2026-07-02 20:20,CH1,159.80,36.05,6.50,12.00,27.33,40.40
2026-07-02 20:20,CH2,184.65,36.41,6.50,12.00,27.59,40.52
2026-07-02 20:25,CH1,159.77,36.08,6.50,12.00,27.75,40.55
2026-07-02 20:25,CH2,184.47,36.29,6.50,12.00,27.73,40.88
2026-07-02 20:30,CH1,161.63,36.46,6.50,12.00,27.94,40.34
2026-07-02 20:30,CH2,180.33,35.42,6.50,12.00,27.03,40.85
2026-07-02 20:35,CH1,156.72,35.37,6.50,12.00,27.29,40.37
2026-07-02 20:35,CH2,180.55,35.46,6.50,12.00,27.75,40.68
2026-07-02 20:40,CH1,152.24,34.16,6.50,12.00,27.13,40.45
2026-07-02 20:40,CH2,179.29,35.17,6.50,12.00,27.20,40.71
2026-07-02 20:45,CH1,150.37,33.87,6.50,12.00,27.40,40.35
2026-07-02 20:45,CH2,175.02,34.21,6.50,12.00,27.14,40.79
2026-07-02 20:50,CH1,150.99,33.97,6.50,12.00,27.56,40.12
2026-07-02 20:50,CH2,176.15,34.47,6.50,12.00,27.10,40.55
2026-07-02 20:55,CH1,147.79,33.15,6.50,12.00,27.57,40.36
2026-07-02 20:55,CH2,167.47,32.70,6.50,12.00,27.45,40.86
2026-07-02 21:00,CH1,143.97,32.35,6.50,12.00,27.67,40.91
2026-07-02 21:00,CH2,173.84,33.92,6.50,12.00,27.48,40.45
2026-07-02 21:05,CH1,148.59,33.35,6.50,12.00,27.15,40.83
2026-07-02 21:05,CH2,164.38,32.16,6.50,12.00,27.25,40.87
2026-07-02 21:10,CH1,144.67,32.32,6.50,12.00,26.81,40.01
2026-07-02 21:10,CH2,169.00,33.00,6.50,12.00,27.65,40.00
2026-07-02 21:15,CH1,140.96,31.51,6.50,12.00,27.70,40.03
2026-07-02 21:15,CH2,168.10,32.76,6.50,12.00,27.16,40.89
2026-07-02 21:20,CH1,140.31,31.34,6.50,12.00,27.57,40.03
2026-07-02 21:20,CH2,164.87,32.05,6.50,12.00,27.50,40.56
2026-07-02 21:25,CH1,135.75,30.36,6.50,12.00,26.77,40.76
2026-07-02 21:25,CH2,156.28,30.36,6.50,12.00,27.45,40.59
2026-07-02 21:30,CH1,139.96,31.10,6.50,12.00,27.02,40.73
2026-07-02 21:30,CH2,164.23,31.93,6.50,12.00,27.23,40.88
2026-07-02 21:35,CH1,140.86,31.44,6.50,12.00,26.96,40.08
2026-07-02 21:35,CH2,160.56,31.24,6.50,12.00,27.43,40.97
2026-07-02 21:40,CH1,136.45,30.35,6.50,12.00,27.12,40.08
2026-07-02 21:40,CH2,151.70,29.49,6.50,12.00,27.48,40.62
2026-07-02 21:45,CH1,136.57,30.31,6.50,12.00,26.68,40.97
2026-07-02 21:45,CH2,151.83,29.48,6.50,12.00,27.57,40.47
2026-07-02 21:50,CH1,131.18,29.03,6.50,12.00,27.55,40.01
2026-07-02 21:50,CH2,156.02,30.19,6.50,12.00,27.31,40.92
2026-07-02 21:55,CH1,130.37,28.97,6.50,12.00,27.51,40.55
2026-07-02 21:55,CH2,155.51,30.20,6.50,12.00,27.28,40.12
2026-07-02 22:00,CH1,133.34,29.66,6.50,12.00,27.48,40.91
2026-07-02 22:00,CH2,154.59,29.90,6.50,12.00,26.93,40.16
2026-07-02 22:05,CH1,129.94,28.74,6.50,12.00,26.90,40.15
2026-07-02 22:05,CH2,153.27,29.57,6.50,12.00,27.46,41.00
2026-07-02 22:10,CH1,128.04,28.35,6.50,12.00,26.71,40.24
2026-07-02 22:10,CH2,144.39,27.91,6.50,12.00,26.79,40.46
2026-07-02 22:15,CH1,127.75,28.27,6.50,12.00,27.10,40.71
2026-07-02 22:15,CH2,152.06,29.30,6.50,12.00,27.35,40.21
2026-07-02 22:20,CH1,124.93,27.57,6.50,12.00,26.79,40.63
2026-07-02 22:20,CH2,145.09,27.95,6.50,12.00,26.77,40.80
2026-07-02 22:25,CH1,123.55,27.36,6.50,12.00,27.36,40.21
2026-07-02 22:25,CH2,146.41,28.35,6.50,12.00,26.67,40.83
2026-07-02 22:30,CH1,120.88,26.73,6.50,12.00,26.73,40.46
2026-07-02 22:30,CH2,143.49,27.68,6.50,12.00,27.31,40.53
2026-07-02 22:35,CH1,124.46,27.53,6.50,12.00,26.58,40.01
2026-07-02 22:35,CH2,145.92,28.07,6.50,12.00,26.58,40.16
2026-07-02 22:40,CH1,121.07,26.63,6.50,12.00,26.94,40.10
2026-07-02 22:40,CH2,142.24,27.37,6.50,12.00,26.99,40.91
2026-07-02 22:45,CH1,126.19,27.83,6.50,12.00,26.89,40.23
2026-07-02 22:45,CH2,141.63,27.35,6.50,12.00,26.70,40.03
2026-07-02 22:50,CH1,121.46,26.88,6.50,12.00,27.24,40.71
2026-07-02 22:50,CH2,139.68,26.97,6.50,12.00,26.87,40.73
2026-07-02 22:55,CH1,124.96,27.44,6.50,12.00,26.41,40.88
2026-07-02 22:55,CH2,139.52,26.95,6.50,12.00,26.95,40.71
2026-07-02 23:00,CH1,120.07,26.41,6.50,12.00,26.42,40.53
2026-07-02 23:00,CH2,133.23,25.70,6.50,12.00,26.97,40.79
2026-07-02 23:05,CH1,120.58,26.57,6.50,12.00,27.09,40.67
2026-07-02 23:05,CH2,142.97,27.47,6.50,12.00,26.90,40.14
2026-07-02 23:10,CH1,115.98,25.48,6.50,12.00,26.80,40.68
2026-07-02 23:10,CH2,140.52,27.02,6.50,12.00,27.24,40.55
2026-07-02 23:15,CH1,121.14,26.62,6.50,12.00,26.37,40.60
2026-07-02 23:15,CH2,135.61,26.10,6.50,12.00,26.37,40.98
2026-07-02 23:20,CH1,123.58,27.13,6.50,12.00,26.78,40.83
2026-07-02 23:20,CH2,132.63,25.48,6.50,12.00,27.29,40.65
2026-07-02 23:25,CH1,116.18,25.52,6.50,12.00,26.76,40.01
2026-07-02 23:25,CH2,134.39,25.93,6.50,12.00,26.37,40.85
2026-07-02 23:30,CH1,114.87,25.37,6.50,12.00,26.93,40.06
2026-07-02 23:30,CH2,131.28,25.27,6.50,12.00,26.46,40.08
2026-07-02 23:35,CH1,122.35,26.86,6.50,12.00,26.59,40.50
2026-07-02 23:35,CH2,133.18,25.64,6.50,12.00,27.32,40.10
2026-07-02 23:40,CH1,116.35,25.48,6.50,12.00,26.88,40.98
2026-07-02 23:40,CH2,134.94,25.87,6.50,12.00,26.37,40.72
2026-07-02 23:45,CH1,118.21,26.10,6.50,12.00,26.86,40.33
2026-07-02 23:45,CH2,132.87,25.50,6.50,12.00,26.83,40.20
2026-07-02 23:50,CH1,116.49,25.59,6.50,12.00,26.69,40.30
2026-07-02 23:50,CH2,135.04,25.94,6.50,12.00,26.34,40.68
2026-07-02 23:55,CH1,115.80,25.52,6.50,12.00,27.14,40.52
2026-07-02 23:55,CH2,137.09,26.43,6.50,12.00,26.41,40.64
2026-07-03 00:00,CH1,120.78,26.65,6.50,12.00,26.44,40.09
2026-07-03 00:00,CH2,137.99,26.48,6.50,12.00,27.10,40.09
2026-07-03 00:05,CH1,112.96,24.91,6.50,12.00,27.19,40.41
2026-07-03 00:05,CH2,135.93,26.20,6.50,12.00,26.53,40.90
2026-07-03 00:10,CH1,116.49,25.52,6.50,12.00,27.01,40.86
2026-07-03 00:10,CH2,138.11,26.57,6.50,12.00,27.01,40.37
2026-07-03 00:15,CH1,119.61,26.27,6.50,12.00,27.16,40.80
2026-07-03 00:15,CH2,133.18,25.52,6.50,12.00,27.10,40.15
2026-07-03 00:20,CH1,118.19,26.08,6.50,12.00,26.51,40.35
2026-07-03 00:20,CH2,131.68,25.36,6.50,12.00,26.85,40.26
2026-07-03 00:25,CH1,113.62,25.04,6.50,12.00,27.01,40.44
2026-07-03 00:25,CH2,132.05,25.34,6.50,12.00,26.43,40.73
2026-07-03 00:30,CH1,116.64,25.68,6.50,12.00,27.21,40.52
2026-07-03 00:30,CH2,131.46,25.32,6.50,12.00,26.55,40.96
2026-07-03 00:35,CH1,114.73,25.14,6.50,12.00,26.81,40.79
2026-07-03 00:35,CH2,139.23,26.85,6.50,12.00,26.81,40.25
2026-07-03 00:40,CH1,123.83,27.15,6.50,12.00,26.69,40.20
2026-07-03 00:40,CH2,140.65,27.08,6.50,12.00,26.41,40.95
2026-07-03 00:45,CH1,115.64,25.47,6.50,12.00,27.26,40.68
2026-07-03 00:45,CH2,131.88,25.39,6.50,12.00,27.04,40.99
2026-07-03 00:50,CH1,117.45,25.88,6.50,12.00,26.56,40.17
2026-07-03 00:50,CH2,138.33,26.65,6.50,12.00,27.19,40.70
2026-07-03 00:55,CH1,117.72,25.86,6.50,12.00,26.54,40.79
2026-07-03 00:55,CH2,134.57,25.92,6.50,12.00,26.77,40.42
2026-07-03 01:00,CH1,122.43,26.91,6.50,12.00,27.07,40.63
2026-07-03 01:00,CH2,137.80,26.49,6.50,12.00,26.90,40.18
2026-07-03 01:05,CH1,117.15,25.91,6.50,12.00,26.94,40.94
2026-07-03 01:05,CH2,139.90,26.86,6.50,12.00,27.21,40.57
2026-07-03 01:10,CH1,121.49,26.70,6.50,12.00,26.97,40.31
2026-07-03 01:10,CH2,137.13,26.43,6.50,12.00,27.17,40.16
2026-07-03 01:15,CH1,122.07,26.85,6.50,12.00,26.44,40.36
2026-07-03 01:15,CH2,140.40,27.11,6.50,12.00,26.76,40.45
2026-07-03 01:20,CH1,123.86,27.44,6.50,12.00,27.29,40.97
2026-07-03 01:20,CH2,141.83,27.40,6.50,12.00,27.42,40.28
2026-07-03 01:25,CH1,127.10,27.96,6.50,12.00,26.60,40.44
2026-07-03 01:25,CH2,147.55,28.45,6.50,12.00,27.26,40.67
2026-07-03 01:30,CH1,127.50,28.22,6.50,12.00,26.84,40.75
2026-07-03 01:30,CH2,143.24,27.55,6.50,12.00,26.90,40.54
2026-07-03 01:35,CH1,130.41,28.82,6.50,12.00,26.79,40.15
2026-07-03 01:35,CH2,141.11,27.27,6.50,12.00,27.45,40.81
2026-07-03 01:40,CH1,130.29,28.83,6.50,12.00,27.33,40.75
2026-07-03 01:40,CH2,145.09,27.94,6.50,12.00,27.47,40.19
2026-07-03 01:45,CH1,132.83,29.39,6.50,12.00,26.52,40.28
2026-07-03 01:45,CH2,142.34,27.49,6.50,12.00,27.07,40.18
2026-07-03 01:50,CH1,128.32,28.31,6.50,12.00,27.27,40.14
2026-07-03 01:50,CH2,146.03,28.29,6.50,12.00,26.64,40.61
2026-07-03 01:55,CH1,134.11,29.68,6.50,12.00,27.25,40.75
2026-07-03 01:55,CH2,153.87,29.68,6.50,12.00,27.09,40.74
2026-07-03 02:00,CH1,134.49,29.71,6.50,12.00,27.28,40.71
2026-07-03 02:00,CH2,155.25,30.10,6.50,12.00,27.17,40.97
2026-07-03 02:05,CH1,134.20,29.85,6.50,12.00,27.44,40.23
2026-07-03 02:05,CH2,147.50,28.50,6.50,12.00,27.47,40.20
2026-07-03 02:10,CH1,135.42,30.07,6.50,12.00,26.63,40.56
2026-07-03 02:10,CH2,156.71,30.47,6.50,12.00,26.95,40.88
2026-07-03 02:15,CH1,137.88,30.61,6.50,12.00,27.07,40.99
2026-07-03 02:15,CH2,158.76,30.79,6.50,12.00,27.60,40.82
2026-07-03 02:20,CH1,140.01,31.24,6.50,12.00,27.31,40.27
2026-07-03 02:20,CH2,154.42,29.93,6.50,12.00,26.63,40.64
2026-07-03 02:25,CH1,138.68,30.91,6.50,12.00,27.35,40.55
2026-07-03 02:25,CH2,161.37,31.29,6.50,12.00,27.64,40.55
2026-07-03 02:30,CH1,135.41,30.05,6.50,12.00,27.62,40.14
2026-07-03 02:30,CH2,156.27,30.46,6.50,12.00,26.89,40.47
2026-07-03 02:35,CH1,141.24,31.58,6.50,12.00,27.39,40.79
2026-07-03 02:35,CH2,158.19,30.77,6.50,12.00,26.85,40.11
2026-07-03 02:40,CH1,139.81,31.19,6.50,12.00,27.04,40.65
2026-07-03 02:40,CH2,166.94,32.59,6.50,12.00,27.56,40.77
2026-07-03 02:45,CH1,144.30,32.29,6.50,12.00,27.32,40.32
2026-07-03 02:45,CH2,166.30,32.39,6.50,12.00,27.66,40.87
2026-07-03 02:50,CH1,148.99,33.40,6.50,12.00,27.62,40.82
2026-07-03 02:50,CH2,162.25,31.58,6.50,12.00,27.07,40.83
2026-07-03 02:55,CH1,142.97,32.00,6.50,12.00,27.57,40.18
2026-07-03 02:55,CH2,165.24,32.23,6.50,12.00,27.24,40.90
2026-07-03 03:00,CH1,149.95,33.61,6.50,12.00,27.24,40.89
2026-07-03 03:00,CH2,167.48,32.72,6.50,12.00,27.36,40.23
2026-07-03 03:05,CH1,146.09,32.86,6.50,12.00,27.08,40.07
2026-07-03 03:05,CH2,174.51,34.07,6.50,12.00,27.50,40.98
2026-07-03 03:10,CH1,151.64,33.99,6.50,12.00,27.05,40.79
2026-07-03 03:10,CH2,169.58,33.13,6.50,12.00,27.85,40.13
2026-07-03 03:15,CH1,154.21,34.56,6.50,12.00,27.66,40.67
2026-07-03 03:15,CH2,170.80,33.53,6.50,12.00,27.06,40.12
2026-07-03 03:20,CH1,151.84,34.21,6.50,12.00,27.78,40.01
2026-07-03 03:20,CH2,174.02,34.06,6.50,12.00,27.01,40.45
2026-07-03 03:25,CH1,155.07,34.81,6.50,12.00,27.33,40.87
2026-07-03 03:25,CH2,178.22,34.97,6.50,12.00,27.33,40.21
2026-07-03 03:30,CH1,160.30,36.12,6.50,12.00,27.52,40.60
2026-07-03 03:30,CH2,179.82,35.23,6.50,12.00,27.10,40.73
2026-07-03 03:35,CH1,156.37,35.31,6.50,12.00,27.94,40.77
2026-07-03 03:35,CH2,184.42,36.35,6.50,12.00,27.90,40.31
2026-07-03 03:40,CH1,157.56,35.56,6.50,12.00,27.80,40.27
2026-07-03 03:40,CH2,190.03,37.34,6.50,12.00,27.83,40.23
2026-07-03 03:45,CH1,159.61,36.09,6.50,12.00,27.72,40.07
2026-07-03 03:45,CH2,186.32,36.66,6.50,12.00,27.87,40.74
2026-07-03 03:50,CH1,167.80,37.91,6.50,12.00,27.64,40.36
2026-07-03 03:50,CH2,187.14,36.81,6.50,12.00,27.13,40.27
2026-07-03 03:55,CH1,166.94,37.92,6.50,12.00,27.60,40.72
2026-07-03 03:55,CH2,191.72,37.84,6.50,12.00,28.03,40.66
2026-07-03 04:00,CH1,169.78,38.52,6.50,12.00,28.03,40.12
2026-07-03 04:00,CH2,191.04,37.83,6.50,12.00,28.09,40.78
2026-07-03 04:05,CH1,168.00,38.13,6.50,12.00,27.48,40.46
2026-07-03 04:05,CH2,192.51,38.00,6.50,12.00,27.32,40.18
2026-07-03 04:10,CH1,173.49,39.47,6.50,12.00,27.91,40.17
2026-07-03 04:10,CH2,194.00,38.46,6.50,12.00,28.19,40.39
2026-07-03 04:15,CH1,173.65,39.59,6.50,12.00,27.65,40.00
2026-07-03 04:15,CH2,197.29,39.09,6.50,12.00,28.16,40.70
2026-07-03 04:20,CH1,178.78,40.77,6.50,12.00,27.47,40.14
2026-07-03 04:20,CH2,207.38,41.13,6.50,12.00,28.13,40.86
2026-07-03 04:25,CH1,176.73,40.44,6.50,12.00,27.90,40.17
2026-07-03 04:25,CH2,205.81,40.82,6.50,12.00,27.51,40.48
2026-07-03 04:30,CH1,180.05,41.15,6.50,12.00,28.05,40.39
2026-07-03 04:30,CH2,206.00,40.93,6.50,12.00,28.16,40.28
2026-07-03 04:35,CH1,178.63,40.97,6.50,12.00,27.95,40.63
2026-07-03 04:35,CH2,205.98,40.97,6.50,12.00,27.79,40.17
2026-07-03 04:40,CH1,186.05,42.56,6.50,12.00,27.80,40.83
2026-07-03 04:40,CH2,212.83,42.53,6.50,12.00,28.40,40.89
2026-07-03 04:45,CH1,187.05,42.85,6.50,12.00,28.05,40.01
2026-07-03 04:45,CH2,215.11,42.98,6.50,12.00,28.22,40.24
2026-07-03 04:50,CH1,192.59,44.36,6.50,12.00,28.47,40.32
2026-07-03 04:50,CH2,221.57,44.25,6.50,12.00,28.42,40.92
2026-07-03 04:55,CH1,189.07,43.63,6.50,12.00,28.30,40.89
2026-07-03 04:55,CH2,215.74,43.15,6.50,12.00,28.49,40.79
2026-07-03 05:00,CH1,195.08,44.90,6.50,12.00,27.95,40.14
2026-07-03 05:00,CH2,224.07,44.85,6.50,12.00,28.34,40.94
2026-07-03 05:05,CH1,198.08,45.77,6.50,12.00,28.07,40.07
2026-07-03 05:05,CH2,222.04,44.55,6.50,12.00,28.20,40.53
2026-07-03 05:10,CH1,201.33,46.53,6.50,12.00,27.91,40.69
2026-07-03 05:10,CH2,225.74,45.25,6.50,12.00,28.13,40.10
2026-07-03 05:15,CH1,200.55,46.35,6.50,12.00,28.30,40.38
2026-07-03 05:15,CH2,229.49,46.23,6.50,12.00,28.51,40.81
2026-07-03 05:20,CH1,201.69,46.83,6.50,12.00,28.59,40.35
2026-07-03 05:20,CH2,236.06,47.60,6.50,12.00,27.98,40.01
2026-07-03 05:25,CH1,202.14,46.97,6.50,12.00,28.52,40.41
2026-07-03 05:25,CH2,230.83,46.54,6.50,12.00,28.04,40.66
2026-07-03 05:30,CH1,204.57,47.60,6.50,12.00,28.61,40.21
2026-07-03 05:30,CH2,237.22,47.88,6.50,12.00,28.43,40.81
2026-07-03 05:35,CH1,210.64,49.03,6.50,12.00,27.83,40.59
2026-07-03 05:35,CH2,235.31,47.54,6.50,12.00,28.30,40.51
2026-07-03 05:40,CH1,211.78,49.38,6.50,12.00,28.31,40.96
2026-07-03 05:40,CH2,241.50,48.80,6.50,12.00,27.99,40.47
2026-07-03 05:45,CH1,214.74,50.11,6.50,12.00,28.74,40.69
2026-07-03 05:45,CH2,242.91,49.14,6.50,12.00,28.56,40.22
2026-07-03 05:50,CH1,215.02,50.39,6.50,12.00,28.33,40.16
2026-07-03 05:50,CH2,242.54,49.27,6.50,12.00,27.99,40.90
2026-07-03 05:55,CH1,218.32,51.03,6.50,12.00,28.64,40.61
2026-07-03 05:55,CH2,247.88,50.36,6.50,12.00,28.71,40.47
2026-07-03 06:00,CH1,213.47,50.01,6.50,12.00,28.50,40.58
2026-07-03 06:00,CH2,249.38,50.71,6.50,12.00,28.05,40.74
2026-07-03 06:05,CH1,221.71,51.94,6.50,12.00,28.31,40.01
2026-07-03 06:05,CH2,249.88,50.83,6.50,12.00,29.03,40.70
2026-07-03 06:10,CH1,225.02,52.94,6.50,12.00,28.23,40.98
2026-07-03 06:10,CH2,253.98,51.66,6.50,12.00,28.89,40.11
2026-07-03 06:15,CH1,224.07,52.78,6.50,12.00,28.77,40.86
2026-07-03 06:15,CH2,259.13,52.93,6.50,12.00,29.01,40.19
2026-07-03 06:20,CH1,226.64,53.50,6.50,12.00,28.36,40.53
2026-07-03 06:20,CH2,261.40,53.43,6.50,12.00,29.04,40.81
2026-07-03 06:25,CH1,226.80,53.55,6.50,12.00,28.28,40.85
2026-07-03 06:25,CH2,258.11,52.78,6.50,12.00,28.80,40.24
2026-07-03 06:30,CH1,229.85,54.28,6.50,12.00,28.91,40.45
2026-07-03 06:30,CH2,261.17,53.50,6.50,12.00,28.31,40.52
2026-07-03 06:35,CH1,234.16,55.42,6.50,12.00,29.16,40.08
2026-07-03 06:35,CH2,267.78,54.96,6.50,12.00,29.25,40.73
2026-07-03 06:40,CH1,235.09,55.74,6.50,12.00,28.35,40.00
2026-07-03 06:40,CH2,269.67,55.26,6.50,12.00,28.53,40.26
2026-07-03 06:45,CH1,237.29,56.33,6.50,12.00,28.91,40.28
2026-07-03 06:45,CH2,273.16,56.09,6.50,12.00,29.17,40.63
2026-07-03 06:50,CH1,241.61,57.38,6.50,12.00,28.55,40.93
2026-07-03 06:50,CH2,275.34,56.60,6.50,12.00,28.65,40.74
2026-07-03 06:55,CH1,242.98,57.89,6.50,12.00,29.18,40.92
2026-07-03 06:55,CH2,277.46,57.20,6.50,12.00,28.79,40.12
2026-07-03 07:00,CH1,236.96,56.56,6.50,12.00,28.75,40.33
2026-07-03 07:00,CH2,276.71,57.05,6.50,12.00,28.61,40.34
2026-07-03 07:05,CH1,243.09,57.98,6.50,12.00,29.13,40.70
2026-07-03 07:05,CH2,282.53,58.41,6.50,12.00,28.71,40.55
2026-07-03 07:10,CH1,245.03,58.69,6.50,12.00,29.16,40.53
2026-07-03 07:10,CH2,283.67,58.67,6.50,12.00,29.07,40.43
2026-07-03 07:15,CH1,249.69,59.91,6.50,12.00,28.79,40.03
2026-07-03 07:15,CH2,284.84,59.07,6.50,12.00,29.11,40.23
2026-07-03 07:20,CH1,248.22,59.54,6.50,12.00,29.36,40.04
2026-07-03 07:20,CH2,288.53,59.90,6.50,12.00,28.80,40.31
2026-07-03 07:25,CH1,251.75,60.52,6.50,12.00,28.71,40.07
2026-07-03 07:25,CH2,286.04,59.33,6.50,12.00,29.27,40.12
2026-07-03 07:30,CH1,249.54,60.05,6.50,12.00,29.49,40.47
2026-07-03 07:30,CH2,293.31,60.96,6.50,12.00,29.37,40.55
2026-07-03 07:35,CH1,256.43,61.77,6.50,12.00,29.43,40.76
2026-07-03 07:35,CH2,292.98,60.92,6.50,12.00,28.80,40.54
2026-07-03 07:40,CH1,251.48,60.68,6.50,12.00,29.32,40.43
2026-07-03 07:40,CH2,294.17,61.18,6.50,12.00,29.03,40.63
2026-07-03 07:45,CH1,253.84,61.22,6.50,12.00,28.75,40.61
2026-07-03 07:45,CH2,293.28,61.20,6.50,12.00,29.46,40.80
2026-07-03 07:50,CH1,262.70,63.42,6.50,12.00,29.54,40.29
2026-07-03 07:50,CH2,303.51,63.26,6.50,12.00,29.20,40.30
2026-07-03 07:55,CH1,259.52,62.87,6.50,12.00,29.34,40.10
2026-07-03 07:55,CH2,300.37,62.82,6.50,12.00,29.05,40.56
2026-07-03 08:00,CH1,259.72,62.84,6.50,12.00,29.25,40.51
2026-07-03 08:00,CH2,302.76,63.32,6.50,12.00,29.49,40.82
2026-07-03 08:05,CH1,265.35,64.30,6.50,12.00,29.37,40.07
2026-07-03 08:05,CH2,310.52,64.93,6.50,12.00,29.43,40.86
2026-07-03 08:10,CH1,268.01,65.15,6.50,12.00,29.81,40.09
2026-07-03 08:10,CH2,303.68,63.56,6.50,12.00,29.03,40.38
2026-07-03 08:15,CH1,264.36,64.23,6.50,12.00,29.32,40.63
2026-07-03 08:15,CH2,312.23,65.43,6.50,12.00,29.54,40.64
2026-07-03 08:20,CH1,265.39,64.57,6.50,12.00,29.58,40.79
2026-07-03 08:20,CH2,314.91,66.10,6.50,12.00,29.66,40.67
2026-07-03 08:25,CH1,272.44,66.56,6.50,12.00,29.10,40.24
2026-07-03 08:25,CH2,313.61,66.00,6.50,12.00,29.91,40.63
2026-07-03 08:30,CH1,268.97,65.57,6.50,12.00,29.52,40.38
2026-07-03 08:30,CH2,312.63,65.74,6.50,12.00,29.95,40.14
2026-07-03 08:35,CH1,276.39,67.59,6.50,12.00,29.24,40.09
2026-07-03 08:35,CH2,319.32,67.35,6.50,12.00,29.27,40.48
2026-07-03 08:40,CH1,278.05,68.15,6.50,12.00,29.57,40.70
2026-07-03 08:40,CH2,320.94,67.61,6.50,12.00,29.63,40.15
2026-07-03 08:45,CH1,277.83,67.96,6.50,12.00,29.78,40.92
2026-07-03 08:45,CH2,316.94,66.91,6.50,12.00,29.99,40.27
2026-07-03 08:50,CH1,278.51,68.36,6.50,12.00,29.75,40.84
2026-07-03 08:50,CH2,323.02,68.17,6.50,12.00,29.47,40.61
2026-07-03 08:55,CH1,276.25,67.90,6.50,12.00,30.02,40.64
2026-07-03 08:55,CH2,319.73,67.56,6.50,12.00,29.91,40.90
2026-07-03 09:00,CH1,283.14,69.53,6.50,12.00,29.97,40.31
2026-07-03 09:00,CH2,326.15,69.06,6.50,12.00,29.96,40.82
2026-07-03 09:05,CH1,280.80,68.99,6.50,12.00,29.48,40.67
2026-07-03 09:05,CH2,325.70,69.06,6.50,12.00,29.39,40.44
2026-07-03 09:10,CH1,283.74,69.93,6.50,12.00,30.00,40.88
2026-07-03 09:10,CH2,323.59,68.62,6.50,12.00,30.18,40.39
2026-07-03 09:15,CH1,284.34,70.23,6.50,12.00,29.49,40.01
2026-07-03 09:15,CH2,328.17,69.71,6.50,12.00,29.65,40.60
2026-07-03 09:20,CH1,282.23,69.58,6.50,12.00,29.74,40.47
2026-07-03 09:20,CH2,333.21,70.84,6.50,12.00,29.35,40.26
2026-07-03 09:25,CH1,284.24,70.20,6.50,12.00,29.58,40.69
2026-07-03 09:25,CH2,336.70,71.59,6.50,12.00,29.46,40.32
2026-07-03 09:30,CH1,283.46,70.02,6.50,12.00,30.10,40.07
2026-07-03 09:30,CH2,332.03,70.62,6.50,12.00,30.18,40.15
2026-07-03 09:35,CH1,287.02,70.92,6.50,12.00,29.54,40.73
2026-07-03 09:35,CH2,333.44,70.93,6.50,12.00,29.90,40.72
2026-07-03 09:40,CH1,286.44,71.02,6.50,12.00,30.27,40.67
2026-07-03 09:40,CH2,334.39,71.35,6.50,12.00,30.09,40.46
2026-07-03 09:45,CH1,290.50,72.13,6.50,12.00,29.52,40.69
2026-07-03 09:45,CH2,333.93,71.29,6.50,12.00,29.49,40.74
2026-07-03 09:50,CH1,289.00,71.65,6.50,12.00,30.29,40.53
2026-07-03 09:50,CH2,340.21,72.67,6.50,12.00,29.66,40.07
2026-07-03 09:55,CH1,290.13,71.93,6.50,12.00,29.96,40.87
2026-07-03 09:55,CH2,335.82,71.66,6.50,12.00,29.78,40.79
2026-07-03 10:00,CH1,295.01,73.42,6.50,12.00,29.73,40.70
2026-07-03 10:00,CH2,342.31,73.24,6.50,12.00,30.05,40.14
2026-07-03 10:05,CH1,290.55,72.35,6.50,12.00,29.55,40.34
2026-07-03 10:05,CH2,343.95,73.58,6.50,12.00,29.76,40.81
2026-07-03 10:10,CH1,292.01,72.75,6.50,12.00,30.00,40.37
2026-07-03 10:10,CH2,344.27,73.72,6.50,12.00,30.31,40.05
2026-07-03 10:15,CH1,295.52,73.70,6.50,12.00,29.60,40.70
2026-07-03 10:15,CH2,340.13,72.85,6.50,12.00,29.96,40.18
2026-07-03 10:20,CH1,295.27,73.49,6.50,12.00,30.45,40.27
2026-07-03 10:20,CH2,347.66,74.59,6.50,12.00,30.29,40.54
2026-07-03 10:25,CH1,299.14,74.59,6.50,12.00,30.12,40.16
2026-07-03 10:25,CH2,344.78,73.92,6.50,12.00,30.25,40.23
2026-07-03 10:30,CH1,295.74,73.78,6.50,12.00,29.97,40.82
2026-07-03 10:30,CH2,341.74,73.35,6.50,12.00,29.93,41.00
2026-07-03 10:35,CH1,295.42,73.64,6.50,12.00,29.63,40.47
2026-07-03 10:35,CH2,345.93,74.25,6.50,12.00,30.07,40.88
2026-07-03 10:40,CH1,301.03,75.12,6.50,12.00,29.70,40.94
2026-07-03 10:40,CH2,344.33,73.86,6.50,12.00,29.74,40.22
2026-07-03 10:45,CH1,300.06,74.90,6.50,12.00,29.91,40.61
2026-07-03 10:45,CH2,351.15,75.44,6.50,12.00,29.72,40.00
2026-07-03 10:50,CH1,303.22,75.85,6.50,12.00,29.99,40.56
2026-07-03 10:50,CH2,349.55,75.00,6.50,12.00,29.84,41.00
2026-07-03 10:55,CH1,300.90,75.26,6.50,12.00,30.43,40.01
2026-07-03 10:55,CH2,346.20,74.33,6.50,12.00,30.12,40.70
2026-07-03 11:00,CH1,297.96,74.46,6.50,12.00,30.37,40.49
2026-07-03 11:00,CH2,351.58,75.70,6.50,12.00,30.06,40.31
2026-07-03 11:05,CH1,304.61,76.19,6.50,12.00,29.95,40.48
2026-07-03 11:05,CH2,347.09,74.64,6.50,12.00,30.19,40.95
2026-07-03 11:10,CH1,300.29,75.20,6.50,12.00,30.46,40.68
2026-07-03 11:10,CH2,353.17,75.96,6.50,12.00,30.27,40.14
2026-07-03 11:15,CH1,305.75,76.65,6.50,12.00,29.79,40.12
2026-07-03 11:15,CH2,348.43,74.94,6.50,12.00,30.26,40.81
2026-07-03 11:20,CH1,301.05,75.37,6.50,12.00,30.14,40.43
2026-07-03 11:20,CH2,354.49,76.24,6.50,12.00,29.98,40.85
2026-07-03 11:25,CH1,301.81,75.59,6.50,12.00,30.35,40.15
2026-07-03 11:25,CH2,353.93,76.21,6.50,12.00,29.75,40.11
2026-07-03 11:30,CH1,301.46,75.45,6.50,12.00,30.30,40.77
2026-07-03 11:30,CH2,357.45,76.91,6.50,12.00,30.58,40.32
2026-07-03 11:35,CH1,300.62,75.50,6.50,12.00,30.58,40.01
2026-07-03 11:35,CH2,350.74,75.57,6.50,12.00,30.61,40.43
2026-07-03 11:40,CH1,303.02,76.07,6.50,12.00,29.91,40.17
2026-07-03 11:40,CH2,350.91,75.56,6.50,12.00,30.21,40.27
2026-07-03 11:45,CH1,301.04,75.43,6.50,12.00,29.75,40.56
2026-07-03 11:45,CH2,349.64,75.23,6.50,12.00,30.65,40.21
2026-07-03 11:50,CH1,301.64,75.68,6.50,12.00,30.63,40.72
2026-07-03 11:50,CH2,354.63,76.33,6.50,12.00,30.33,40.11
2026-07-03 11:55,CH1,303.03,76.11,6.50,12.00,30.28,40.00
2026-07-03 11:55,CH2,355.48,76.49,6.50,12.00,29.73,40.46
2026-07-03 12:00,CH1,307.37,76.98,6.50,12.00,30.47,40.55
2026-07-03 12:00,CH2,354.59,76.35,6.50,12.00,29.87,40.40
2026-07-03 12:05,CH1,300.00,75.21,6.50,12.00,29.81,40.60
2026-07-03 12:05,CH2,351.12,75.55,6.50,12.00,30.62,40.45
2026-07-03 12:10,CH1,301.92,75.75,6.50,12.00,29.93,40.35
2026-07-03 12:10,CH2,352.47,75.91,6.50,12.00,30.55,40.29
2026-07-03 12:15,CH1,305.50,76.65,6.50,12.00,30.34,40.45
2026-07-03 12:15,CH2,353.94,76.15,6.50,12.00,29.78,40.82
2026-07-03 12:20,CH1,300.32,75.42,6.50,12.00,29.70,40.35
2026-07-03 12:20,CH2,355.53,76.58,6.50,12.00,29.91,40.35
2026-07-03 12:25,CH1,302.02,75.79,6.50,12.00,30.66,40.64
2026-07-03 12:25,CH2,350.20,75.53,6.50,12.00,30.32,40.72
2026-07-03 12:30,CH1,303.24,76.04,6.50,12.00,29.79,40.82
2026-07-03 12:30,CH2,352.72,76.06,6.50,12.00,29.74,40.13
2026-07-03 12:35,CH1,299.67,75.21,6.50,12.00,30.56,40.25
2026-07-03 12:35,CH2,357.08,76.89,6.50,12.00,30.27,40.45
2026-07-03 12:40,CH1,304.01,76.26,6.50,12.00,30.21,40.95
2026-07-03 12:40,CH2,349.57,75.24,6.50,12.00,30.32,40.19
2026-07-03 12:45,CH1,303.53,76.08,6.50,12.00,30.53,40.48
2026-07-03 12:45,CH2,353.01,76.04,6.50,12.00,30.38,40.05
2026-07-03 12:50,CH1,301.28,75.50,6.50,12.00,29.71,40.37
2026-07-03 12:50,CH2,349.45,75.17,6.50,12.00,30.06,40.66
2026-07-03 12:55,CH1,297.71,74.51,6.50,12.00,29.99,40.85
2026-07-03 12:55,CH2,347.73,74.71,6.50,12.00,30.05,40.42
2026-07-03 13:00,CH1,297.91,74.66,6.50,12.00,30.21,40.44
2026-07-03 13:00,CH2,354.44,76.22,6.50,12.00,30.59,40.62
2026-07-03 13:05,CH1,304.29,76.03,6.50,12.00,30.04,40.99
2026-07-03 13:05,CH2,348.82,74.98,6.50,12.00,30.34,40.56
2026-07-03 13:10,CH1,301.89,75.53,6.50,12.00,30.02,40.61
2026-07-03 13:10,CH2,350.31,75.25,6.50,12.00,29.68,40.39
2026-07-03 13:15,CH1,301.12,75.30,6.50,12.00,29.86,40.76
2026-07-03 13:15,CH2,349.20,75.09,6.50,12.00,30.02,40.20
2026-07-03 13:20,CH1,294.89,73.68,6.50,12.00,30.50,40.59
2026-07-03 13:20,CH2,345.38,74.12,6.50,12.00,30.28,40.13
2026-07-03 13:25,CH1,299.76,74.74,6.50,12.00,29.57,40.10
2026-07-03 13:25,CH2,347.77,74.54,6.50,12.00,29.98,40.24
2026-07-03 13:30,CH1,297.70,74.31,6.50,12.00,30.41,40.83
2026-07-03 13:30,CH2,344.13,73.91,6.50,12.00,30.12,40.39
2026-07-03 13:35,CH1,299.83,74.80,6.50,12.00,29.87,40.68
2026-07-03 13:35,CH2,341.46,73.18,6.50,12.00,29.56,41.00
2026-07-03 13:40,CH1,299.62,74.67,6.50,12.00,30.37,40.08
2026-07-03 13:40,CH2,347.20,74.49,6.50,12.00,30.10,40.70
2026-07-03 13:45,CH1,297.67,74.17,6.50,12.00,29.93,40.46
2026-07-03 13:45,CH2,348.15,74.54,6.50,12.00,29.86,40.28
2026-07-03 13:50,CH1,293.32,73.12,6.50,12.00,30.15,40.85
2026-07-03 13:50,CH2,344.43,73.68,6.50,12.00,29.99,40.90
2026-07-03 13:55,CH1,291.65,72.49,6.50,12.00,29.95,40.93
2026-07-03 13:55,CH2,338.23,72.29,6.50,12.00,29.82,40.04
2026-07-03 14:00,CH1,294.90,73.25,6.50,12.00,30.06,40.49
2026-07-03 14:00,CH2,339.68,72.67,6.50,12.00,29.82,40.80
2026-07-03 14:05,CH1,295.53,73.50,6.50,12.00,29.86,40.69
2026-07-03 14:05,CH2,339.43,72.52,6.50,12.00,30.01,40.80
2026-07-03 14:10,CH1,288.97,71.67,6.50,12.00,29.94,40.25
2026-07-03 14:10,CH2,334.49,71.33,6.50,12.00,29.69,40.34
2026-07-03 14:15,CH1,291.02,72.10,6.50,12.00,29.64,40.10
2026-07-03 14:15,CH2,338.81,72.32,6.50,12.00,29.94,40.57
2026-07-03 14:20,CH1,286.89,70.96,6.50,12.00,29.45,40.32
2026-07-03 14:20,CH2,334.53,71.27,6.50,12.00,29.71,40.76
2026-07-03 14:25,CH1,290.04,71.84,6.50,12.00,30.21,40.63
2026-07-03 14:25,CH2,335.71,71.52,6.50,12.00,29.82,40.33
2026-07-03 14:30,CH1,285.21,70.45,6.50,12.00,30.30,40.63
2026-07-03 14:30,CH2,329.08,70.12,6.50,12.00,29.98,40.12
2026-07-03 14:35,CH1,288.35,71.35,6.50,12.00,29.79,40.52
2026-07-03 14:35,CH2,331.31,70.51,6.50,12.00,29.64,40.18
2026-07-03 14:40,CH1,285.95,70.57,6.50,12.00,29.86,40.10
2026-07-03 14:40,CH2,335.05,71.24,6.50,12.00,29.34,40.55
2026-07-03 14:45,CH1,287.77,70.84,6.50,12.00,30.09,40.68
2026-07-03 14:45,CH2,330.37,70.13,6.50,12.00,29.60,40.90
2026-07-03 14:50,CH1,279.50,68.91,6.50,12.00,29.49,40.08
2026-07-03 14:50,CH2,324.16,68.66,6.50,12.00,29.90,40.89
2026-07-03 14:55,CH1,283.37,69.64,6.50,12.00,30.16,40.87
2026-07-03 14:55,CH2,328.73,69.65,6.50,12.00,30.13,40.90
2026-07-03 15:00,CH1,276.85,68.11,6.50,12.00,29.71,40.52
2026-07-03 15:00,CH2,326.41,69.06,6.50,12.00,29.47,40.27
2026-07-03 15:05,CH1,279.87,68.66,6.50,12.00,30.14,40.77
2026-07-03 15:05,CH2,320.78,67.92,6.50,12.00,29.62,40.32
2026-07-03 15:10,CH1,277.98,68.24,6.50,12.00,29.26,40.28
2026-07-03 15:10,CH2,317.91,67.14,6.50,12.00,29.88,40.55
2026-07-03 15:15,CH1,277.55,68.00,6.50,12.00,29.56,40.72
2026-07-03 15:15,CH2,320.78,67.66,6.50,12.00,29.83,40.36
2026-07-03 15:20,CH1,273.40,66.80,6.50,12.00,30.05,40.50
2026-07-03 15:20,CH2,317.47,67.06,6.50,12.00,29.40,40.97
2026-07-03 15:25,CH1,271.13,66.37,6.50,12.00,29.68,40.23
2026-07-03 15:25,CH2,319.40,67.40,6.50,12.00,29.26,40.77
2026-07-03 15:30,CH1,275.36,67.30,6.50,12.00,29.50,40.48
2026-07-03 15:30,CH2,316.94,66.83,6.50,12.00,30.00,40.89
2026-07-03 15:35,CH1,268.02,65.32,6.50,12.00,29.71,40.91
2026-07-03 15:35,CH2,312.85,65.73,6.50,12.00,29.02,40.07
2026-07-03 15:40,CH1,266.99,65.03,6.50,12.00,29.07,41.00
2026-07-03 15:40,CH2,307.47,64.63,6.50,12.00,29.63,40.34
2026-07-03 15:45,CH1,263.32,64.18,6.50,12.00,28.95,40.55
2026-07-03 15:45,CH2,309.99,65.14,6.50,12.00,29.30,40.86
2026-07-03 15:50,CH1,269.25,65.31,6.50,12.00,29.20,40.44
2026-07-03 15:50,CH2,304.96,63.94,6.50,12.00,29.42,40.97
2026-07-03 15:55,CH1,264.31,64.18,6.50,12.00,29.02,40.50
2026-07-03 15:55,CH2,307.31,64.43,6.50,12.00,29.18,40.27
2026-07-03 16:00,CH1,260.00,62.97,6.50,12.00,29.15,40.08
2026-07-03 16:00,CH2,306.68,64.24,6.50,12.00,29.30,40.59
2026-07-03 16:05,CH1,265.03,64.10,6.50,12.00,29.26,40.64
2026-07-03 16:05,CH2,305.21,63.77,6.50,12.00,29.17,40.91
2026-07-03 16:10,CH1,261.92,63.43,6.50,12.00,29.51,40.79
2026-07-03 16:10,CH2,301.54,62.91,6.50,12.00,29.38,40.85
2026-07-03 16:15,CH1,256.33,62.01,6.50,12.00,29.18,40.10
2026-07-03 16:15,CH2,299.85,62.47,6.50,12.00,29.31,40.34
2026-07-03 16:20,CH1,253.86,61.17,6.50,12.00,29.01,40.92
2026-07-03 16:20,CH2,291.61,60.75,6.50,12.00,29.04,40.18
2026-07-03 16:25,CH1,258.02,62.15,6.50,12.00,28.93,40.21
2026-07-03 16:25,CH2,291.96,60.80,6.50,12.00,29.34,40.60
2026-07-03 16:30,CH1,251.26,60.37,6.50,12.00,29.21,40.19
2026-07-03 16:30,CH2,296.02,61.59,6.50,12.00,29.37,40.04
2026-07-03 16:35,CH1,251.13,60.21,6.50,12.00,29.04,40.44
2026-07-03 16:35,CH2,290.39,60.27,6.50,12.00,28.68,40.20
2026-07-03 16:40,CH1,248.30,59.56,6.50,12.00,28.77,40.59
2026-07-03 16:40,CH2,285.40,59.09,6.50,12.00,28.92,40.07
2026-07-03 16:45,CH1,248.74,59.57,6.50,12.00,29.25,40.41
2026-07-03 16:45,CH2,281.94,58.27,6.50,12.00,28.62,40.12
2026-07-03 16:50,CH1,245.04,58.54,6.50,12.00,29.15,40.56
2026-07-03 16:50,CH2,283.76,58.63,6.50,12.00,28.83,40.90
2026-07-03 16:55,CH1,241.81,57.81,6.50,12.00,28.66,40.19
2026-07-03 16:55,CH2,277.99,57.50,6.50,12.00,29.08,40.11
2026-07-03 17:00,CH1,241.37,57.67,6.50,12.00,29.40,40.12
2026-07-03 17:00,CH2,283.61,58.50,6.50,12.00,29.12,40.60
2026-07-03 17:05,CH1,236.89,56.50,6.50,12.00,28.75,40.15
2026-07-03 17:05,CH2,273.55,56.31,6.50,12.00,28.56,40.62
2026-07-03 17:10,CH1,238.32,56.73,6.50,12.00,28.48,40.50
2026-07-03 17:10,CH2,278.73,57.26,6.50,12.00,29.20,40.21
2026-07-03 17:15,CH1,237.82,56.54,6.50,12.00,28.44,40.42
2026-07-03 17:15,CH2,272.69,56.15,6.50,12.00,29.20,40.19
2026-07-03 17:20,CH1,234.16,55.51,6.50,12.00,28.83,40.95
2026-07-03 17:20,CH2,265.44,54.52,6.50,12.00,28.50,40.61
2026-07-03 17:25,CH1,231.91,54.90,6.50,12.00,29.17,40.79
2026-07-03 17:25,CH2,268.97,55.12,6.50,12.00,29.19,40.34
2026-07-03 17:30,CH1,225.09,53.33,6.50,12.00,28.70,40.02
2026-07-03 17:30,CH2,267.27,54.79,6.50,12.00,28.29,40.41
2026-07-03 17:35,CH1,227.70,53.70,6.50,12.00,28.95,40.40
2026-07-03 17:35,CH2,262.33,53.60,6.50,12.00,28.21,40.36
2026-07-03 17:40,CH1,222.64,52.49,6.50,12.00,28.28,40.49
2026-07-03 17:40,CH2,256.56,52.48,6.50,12.00,28.88,40.11
2026-07-03 17:45,CH1,223.62,52.67,6.50,12.00,28.68,40.76
2026-07-03 17:45,CH2,259.53,52.86,6.50,12.00,28.89,40.85
2026-07-03 17:50,CH1,222.83,52.39,6.50,12.00,28.84,40.55
2026-07-03 17:50,CH2,260.55,53.03,6.50,12.00,29.04,40.70
2026-07-03 17:55,CH1,222.58,52.26,6.50,12.00,28.81,40.90
2026-07-03 17:55,CH2,257.61,52.43,6.50,12.00,28.74,40.70
2026-07-03 18:00,CH1,217.48,50.89,6.50,12.00,28.96,40.62
2026-07-03 18:00,CH2,253.88,51.61,6.50,12.00,28.80,40.31
2026-07-03 18:05,CH1,211.33,49.58,6.50,12.00,28.34,40.80
2026-07-03 18:05,CH2,245.12,49.84,6.50,12.00,28.70,40.07
2026-07-03 18:10,CH1,216.45,50.65,6.50,12.00,28.70,40.19
2026-07-03 18:10,CH2,248.32,50.37,6.50,12.00,28.62,40.13
2026-07-03 18:15,CH1,214.59,50.11,6.50,12.00,28.30,40.77
2026-07-03 18:15,CH2,242.60,49.04,6.50,12.00,28.88,41.00
2026-07-03 18:20,CH1,207.40,48.25,6.50,12.00,28.38,40.52
2026-07-03 18:20,CH2,240.88,48.65,6.50,12.00,28.29,40.50
2026-07-03 18:25,CH1,204.86,47.72,6.50,12.00,27.99,40.37
2026-07-03 18:25,CH2,241.70,48.89,6.50,12.00,28.56,40.84
2026-07-03 18:30,CH1,205.85,47.86,6.50,12.00,28.67,40.30
2026-07-03 18:30,CH2,241.80,48.69,6.50,12.00,28.33,40.52
2026-07-03 18:35,CH1,205.91,47.75,6.50,12.00,28.36,40.71
2026-07-03 18:35,CH2,234.06,47.24,6.50,12.00,28.62,40.57
2026-07-03 18:40,CH1,198.01,45.97,6.50,12.00,28.63,40.49
2026-07-03 18:40,CH2,231.21,46.55,6.50,12.00,28.05,40.85
2026-07-03 18:45,CH1,197.47,45.80,6.50,12.00,27.69,40.13
2026-07-03 18:45,CH2,227.53,45.66,6.50,12.00,27.91,40.57
2026-07-03 18:50,CH1,195.43,45.18,6.50,12.00,28.13,40.96
2026-07-03 18:50,CH2,224.02,45.00,6.50,12.00,27.67,40.84
2026-07-03 18:55,CH1,194.57,44.89,6.50,12.00,28.52,40.94
2026-07-03 18:55,CH2,222.12,44.61,6.50,12.00,27.62,40.99
2026-07-03 19:00,CH1,190.06,43.87,6.50,12.00,27.61,40.36
2026-07-03 19:00,CH2,221.06,44.34,6.50,12.00,28.54,40.77
2026-07-03 19:05,CH1,187.89,43.33,6.50,12.00,27.91,40.73
2026-07-03 19:05,CH2,220.38,44.13,6.50,12.00,28.26,40.25
2026-07-03 19:10,CH1,187.06,43.09,6.50,12.00,28.44,40.99
2026-07-03 19:10,CH2,221.60,44.24,6.50,12.00,28.09,40.46
2026-07-03 19:15,CH1,187.81,43.17,6.50,12.00,27.75,40.93
2026-07-03 19:15,CH2,218.13,43.52,6.50,12.00,28.35,40.68
2026-07-03 19:20,CH1,189.37,43.33,6.50,12.00,28.39,40.66
2026-07-03 19:20,CH2,210.36,41.90,6.50,12.00,27.79,40.76
2026-07-03 19:25,CH1,185.36,42.40,6.50,12.00,27.78,40.39
2026-07-03 19:25,CH2,208.09,41.49,6.50,12.00,27.74,40.07
2026-07-03 19:30,CH1,182.03,41.61,6.50,12.00,27.93,40.49
2026-07-03 19:30,CH2,209.00,41.60,6.50,12.00,27.63,40.63
2026-07-03 19:35,CH1,178.20,40.76,6.50,12.00,27.61,40.95
2026-07-03 19:35,CH2,205.18,40.71,6.50,12.00,27.94,40.55
2026-07-03 19:40,CH1,176.06,40.11,6.50,12.00,27.64,40.42
2026-07-03 19:40,CH2,205.71,40.87,6.50,12.00,27.89,40.41
2026-07-03 19:45,CH1,171.95,39.26,6.50,12.00,28.14,40.77
2026-07-03 19:45,CH2,199.80,39.60,6.50,12.00,27.81,40.53
2026-07-03 19:50,CH1,173.76,39.65,6.50,12.00,27.73,40.64
2026-07-03 19:50,CH2,197.90,39.27,6.50,12.00,27.94,40.61
2026-07-03 19:55,CH1,174.12,39.66,6.50,12.00,27.26,40.82
2026-07-03 19:55,CH2,193.63,38.38,6.50,12.00,27.48,40.16
2026-07-03 20:00,CH1,168.03,38.09,6.50,12.00,27.37,40.39
2026-07-03 20:00,CH2,194.49,38.38,6.50,12.00,27.58,40.53
2026-07-03 20:05,CH1,166.47,37.79,6.50,12.00,28.10,40.45
2026-07-03 20:05,CH2,193.07,38.19,6.50,12.00,27.65,40.77
2026-07-03 20:10,CH1,162.93,36.97,6.50,12.00,28.09,40.58
2026-07-03 20:10,CH2,185.28,36.53,6.50,12.00,27.93,40.18
2026-07-03 20:15,CH1,159.84,36.21,6.50,12.00,27.38,40.09
2026-07-03 20:15,CH2,185.25,36.53,6.50,12.00,27.46,40.26
2026-07-03 20:20,CH1,157.46,35.68,6.50,12.00,27.64,40.05
2026-07-03 20:20,CH2,187.96,37.08,6.50,12.00,27.29,40.92
2026-07-03 20:25,CH1,156.28,35.17,6.50,12.00,27.89,40.78
2026-07-03 20:25,CH2,178.51,35.18,6.50,12.00,27.18,40.49
2026-07-03 20:30,CH1,162.27,36.55,6.50,12.00,27.68,40.17
2026-07-03 20:30,CH2,182.85,35.95,6.50,12.00,27.56,40.63
2026-07-03 20:35,CH1,157.81,35.52,6.50,12.00,27.85,40.14
2026-07-03 20:35,CH2,181.44,35.59,6.50,12.00,27.48,40.88
2026-07-03 20:40,CH1,151.24,34.06,6.50,12.00,27.02,40.60
2026-07-03 20:40,CH2,173.02,33.83,6.50,12.00,27.76,40.12
2026-07-03 20:45,CH1,156.97,35.32,6.50,12.00,27.34,41.00
2026-07-03 20:45,CH2,175.58,34.30,6.50,12.00,27.05,40.83
2026-07-03 20:50,CH1,154.59,34.60,6.50,12.00,27.71,40.09
2026-07-03 20:50,CH2,177.88,34.84,6.50,12.00,27.30,40.66
2026-07-03 20:55,CH1,150.93,33.79,6.50,12.00,27.38,40.61
2026-07-03 20:55,CH2,171.37,33.52,6.50,12.00,27.50,40.07
2026-07-03 21:00,CH1,143.91,32.33,6.50,12.00,27.39,40.64
2026-07-03 21:00,CH2,166.43,32.47,6.50,12.00,27.15,40.88
2026-07-03 21:05,CH1,149.02,33.45,6.50,12.00,27.42,40.86
2026-07-03 21:05,CH2,163.43,31.98,6.50,12.00,26.87,40.35
2026-07-03 21:10,CH1,148.56,33.26,6.50,12.00,27.00,40.55
2026-07-03 21:10,CH2,165.84,32.35,6.50,12.00,27.19,40.26
2026-07-03 21:15,CH1,145.02,32.30,6.50,12.00,27.03,40.25
2026-07-03 21:15,CH2,164.25,32.02,6.50,12.00,27.31,40.90
2026-07-03 21:20,CH1,137.84,30.71,6.50,12.00,27.25,40.32
2026-07-03 21:20,CH2,163.84,31.95,6.50,12.00,27.49,40.30
2026-07-03 21:25,CH1,141.79,31.67,6.50,12.00,26.77,40.03
2026-07-03 21:25,CH2,165.83,32.32,6.50,12.00,27.64,40.95
2026-07-03 21:30,CH1,138.33,30.70,6.50,12.00,27.38,40.50
2026-07-03 21:30,CH2,156.24,30.44,6.50,12.00,26.89,40.25
2026-07-03 21:35,CH1,136.80,30.38,6.50,12.00,26.73,40.12
2026-07-03 21:35,CH2,152.80,29.71,6.50,12.00,27.41,40.69
2026-07-03 21:40,CH1,136.83,30.44,6.50,12.00,26.69,40.34
2026-07-03 21:40,CH2,154.50,29.99,6.50,12.00,27.27,40.41
2026-07-03 21:45,CH1,131.49,29.17,6.50,12.00,26.92,40.93
2026-07-03 21:45,CH2,155.01,30.09,6.50,12.00,27.06,40.05
2026-07-03 21:50,CH1,130.96,29.08,6.50,12.00,26.64,40.09
2026-07-03 21:50,CH2,150.68,29.18,6.50,12.00,26.98,40.64
2026-07-03 21:55,CH1,135.62,30.14,6.50,12.00,27.31,40.64
2026-07-03 21:55,CH2,157.01,30.38,6.50,12.00,26.74,40.31
2026-07-03 22:00,CH1,128.87,28.51,6.50,12.00,27.33,40.63
2026-07-03 22:00,CH2,149.72,29.07,6.50,12.00,26.83,40.75
2026-07-03 22:05,CH1,129.04,28.68,6.50,12.00,26.86,40.38
2026-07-03 22:05,CH2,150.81,29.09,6.50,12.00,27.25,40.18
2026-07-03 22:10,CH1,127.12,28.16,6.50,12.00,27.46,40.06
2026-07-03 22:10,CH2,148.58,28.81,6.50,12.00,27.28,40.54
2026-07-03 22:15,CH1,131.77,29.22,6.50,12.00,27.31,40.05
2026-07-03 22:15,CH2,148.98,28.71,6.50,12.00,26.81,40.42
2026-07-03 22:20,CH1,131.28,29.00,6.50,12.00,26.82,40.49
2026-07-03 22:20,CH2,143.35,27.71,6.50,12.00,26.49,40.98
2026-07-03 22:25,CH1,125.87,27.91,6.50,12.00,26.47,40.23
2026-07-03 22:25,CH2,146.83,28.29,6.50,12.00,26.71,40.38
2026-07-03 22:30,CH1,128.52,28.49,6.50,12.00,26.88,40.97
2026-07-03 22:30,CH2,146.26,28.21,6.50,12.00,26.61,40.56
2026-07-03 22:35,CH1,124.40,27.46,6.50,12.00,27.42,40.28
2026-07-03 22:35,CH2,144.59,27.97,6.50,12.00,26.53,40.43
2026-07-03 22:40,CH1,122.68,27.10,6.50,12.00,26.87,40.52
2026-07-03 22:40,CH2,142.44,27.38,6.50,12.00,27.07,40.09
2026-07-03 22:45,CH1,120.59,26.62,6.50,12.00,27.10,40.28
2026-07-03 22:45,CH2,145.07,27.94,6.50,12.00,26.42,40.26
2026-07-03 22:50,CH1,121.23,26.68,6.50,12.00,26.56,40.64
2026-07-03 22:50,CH2,144.95,27.90,6.50,12.00,27.25,40.38
2026-07-03 22:55,CH1,119.37,26.35,6.50,12.00,26.41,40.40
2026-07-03 22:55,CH2,135.79,26.16,6.50,12.00,26.75,40.72
2026-07-03 23:00,CH1,123.43,27.18,6.50,12.00,26.44,40.53
2026-07-03 23:00,CH2,135.37,26.01,6.50,12.00,27.04,40.04
2026-07-03 23:05,CH1,117.62,25.91,6.50,12.00,27.10,40.53
2026-07-03 23:05,CH2,139.97,26.87,6.50,12.00,26.61,40.92
2026-07-03 23:10,CH1,121.65,26.76,6.50,12.00,26.77,40.61
2026-07-03 23:10,CH2,134.99,26.01,6.50,12.00,26.83,40.09
2026-07-03 23:15,CH1,120.18,26.52,6.50,12.00,26.38,40.63
2026-07-03 23:15,CH2,133.05,25.55,6.50,12.00,26.89,40.72
2026-07-03 23:20,CH1,118.32,25.96,6.50,12.00,26.92,40.12
2026-07-03 23:20,CH2,138.14,26.64,6.50,12.00,26.96,40.15
2026-07-03 23:25,CH1,119.61,26.42,6.50,12.00,26.53,40.08
2026-07-03 23:25,CH2,135.92,26.17,6.50,12.00,27.11,40.86
2026-07-03 23:30,CH1,118.56,26.16,6.50,12.00,27.13,40.40
2026-07-03 23:30,CH2,135.10,26.01,6.50,12.00,26.58,40.01
2026-07-03 23:35,CH1,116.57,25.67,6.50,12.00,26.81,40.31
2026-07-03 23:35,CH2,139.19,26.78,6.50,12.00,27.20,40.13
2026-07-03 23:40,CH1,117.34,25.85,6.50,12.00,26.96,40.62
2026-07-03 23:40,CH2,138.48,26.70,6.50,12.00,27.20,40.73
2026-07-03 23:45,CH1,117.11,25.65,6.50,12.00,26.41,40.49
2026-07-03 23:45,CH2,139.29,26.81,6.50,12.00,26.41,40.85
2026-07-03 23:50,CH1,114.35,25.07,6.50,12.00,26.60,40.48
2026-07-03 23:50,CH2,134.21,25.84,6.50,12.00,27.05,40.27
2026-07-03 23:55,CH1,121.83,26.77,6.50,12.00,27.21,40.66
2026-07-03 23:55,CH2,132.54,25.45,6.50,12.00,26.98,40.53
2026-07-04 00:00,CH1,118.96,26.08,6.50,12.00,27.21,40.39
2026-07-04 00:00,CH2,131.47,25.25,6.50,12.00,27.09,40.54
2026-07-04 00:05,CH1,113.81,25.01,6.50,12.00,26.55,40.28
2026-07-04 00:05,CH2,138.06,26.56,6.50,12.00,27.13,40.88
2026-07-04 00:10,CH1,119.96,26.33,6.50,12.00,26.43,40.82
2026-07-04 00:10,CH2,133.48,25.62,6.50,12.00,26.38,40.23
2026-07-04 00:15,CH1,117.85,25.97,6.50,12.00,26.52,40.11
2026-07-04 00:15,CH2,135.39,26.05,6.50,12.00,27.29,40.48
2026-07-04 00:20,CH1,118.47,26.12,6.50,12.00,26.96,40.37
2026-07-04 00:20,CH2,132.61,25.46,6.50,12.00,26.68,40.49
2026-07-04 00:25,CH1,114.17,25.07,6.50,12.00,27.00,40.54
2026-07-04 00:25,CH2,136.82,26.35,6.50,12.00,26.55,40.10
2026-07-04 00:30,CH1,115.65,25.35,6.50,12.00,26.34,40.55
2026-07-04 00:30,CH2,137.79,26.42,6.50,12.00,27.07,40.43
2026-07-04 00:35,CH1,115.59,25.53,6.50,12.00,26.41,40.53
2026-07-04 00:35,CH2,138.95,26.81,6.50,12.00,26.59,40.48
2026-07-04 00:40,CH1,117.56,25.77,6.50,12.00,26.78,40.07
2026-07-04 00:40,CH2,136.50,26.19,6.50,12.00,26.87,40.01
2026-07-04 00:45,CH1,115.37,25.49,6.50,12.00,26.44,40.28
2026-07-04 00:45,CH2,132.06,25.48,6.50,12.00,26.70,40.55
2026-07-04 00:50,CH1,119.68,26.46,6.50,12.00,26.54,40.43
2026-07-04 00:50,CH2,141.93,27.25,6.50,12.00,27.25,40.02
2026-07-04 00:55,CH1,121.06,26.63,6.50,12.00,26.90,40.87
2026-07-04 00:55,CH2,140.26,27.01,6.50,12.00,27.35,40.39
2026-07-04 01:00,CH1,119.25,26.28,6.50,12.00,26.62,40.43
2026-07-04 01:00,CH2,141.97,27.25,6.50,12.00,27.28,40.01
2026-07-04 01:05,CH1,125.66,27.59,6.50,12.00,27.09,40.81
2026-07-04 01:05,CH2,141.58,27.19,6.50,12.00,27.33,40.81
2026-07-04 01:10,CH1,121.37,26.68,6.50,12.00,26.95,40.84
2026-07-04 01:10,CH2,141.67,27.29,6.50,12.00,27.39,40.21
2026-07-04 01:15,CH1,119.74,26.30,6.50,12.00,26.75,40.44
2026-07-04 01:15,CH2,136.38,26.23,6.50,12.00,26.68,40.02
2026-07-04 01:20,CH1,124.15,27.48,6.50,12.00,27.10,40.17
2026-07-04 01:20,CH2,139.15,26.86,6.50,12.00,26.99,40.32
2026-07-04 01:25,CH1,122.55,27.03,6.50,12.00,27.01,40.17
2026-07-04 01:25,CH2,139.42,26.87,6.50,12.00,26.57,40.20
2026-07-04 01:30,CH1,121.75,26.93,6.50,12.00,26.70,40.54
2026-07-04 01:30,CH2,143.39,27.63,6.50,12.00,27.33,40.73
2026-07-04 01:35,CH1,125.69,27.76,6.50,12.00,27.33,40.24
2026-07-04 01:35,CH2,146.27,28.22,6.50,12.00,26.98,40.30
2026-07-04 01:40,CH1,129.91,28.80,6.50,12.00,26.91,40.53
2026-07-04 01:40,CH2,147.76,28.48,6.50,12.00,27.17,40.14
2026-07-04 01:45,CH1,123.51,27.43,6.50,12.00,27.00,40.68
2026-07-04 01:45,CH2,148.36,28.70,6.50,12.00,26.85,40.67
2026-07-04 01:50,CH1,132.15,29.18,6.50,12.00,27.07,40.40
2026-07-04 01:50,CH2,151.52,29.27,6.50,12.00,27.10,40.87
2026-07-04 01:55,CH1,132.33,29.23,6.50,12.00,26.66,40.85
2026-07-04 01:55,CH2,146.34,28.35,6.50,12.00,27.31,40.11
2026-07-04 02:00,CH1,127.47,28.31,6.50,12.00,26.74,40.02
2026-07-04 02:00,CH2,146.32,28.27,6.50,12.00,26.63,40.56
2026-07-04 02:05,CH1,135.73,30.11,6.50,12.00,27.12,40.18
2026-07-04 02:05,CH2,150.17,29.12,6.50,12.00,26.95,40.33
2026-07-04 02:10,CH1,133.46,29.65,6.50,12.00,27.00,40.06
2026-07-04 02:10,CH2,148.51,28.82,6.50,12.00,27.54,40.56
2026-07-04 02:15,CH1,138.41,30.84,6.50,12.00,27.17,40.61
2026-07-04 02:15,CH2,154.10,29.87,6.50,12.00,27.50,41.00
2026-07-04 02:20,CH1,134.19,29.75,6.50,12.00,27.26,40.92
2026-07-04 02:20,CH2,152.16,29.54,6.50,12.00,27.59,40.56
2026-07-04 02:25,CH1,141.65,31.49,6.50,12.00,27.46,40.68
2026-07-04 02:25,CH2,162.12,31.49,6.50,12.00,27.19,40.45
2026-07-04 02:30,CH1,141.17,31.53,6.50,12.00,26.83,40.66
2026-07-04 02:30,CH2,160.52,31.21,6.50,12.00,26.81,40.40
2026-07-04 02:35,CH1,140.08,31.32,6.50,12.00,27.53,40.02
2026-07-04 02:35,CH2,162.43,31.54,6.50,12.00,27.32,40.72
2026-07-04 02:40,CH1,141.68,31.50,6.50,12.00,26.90,40.84
2026-07-04 02:40,CH2,167.70,32.59,6.50,12.00,27.14,40.09
2026-07-04 02:45,CH1,139.57,31.21,6.50,12.00,27.67,40.34
2026-07-04 02:45,CH2,168.48,32.88,6.50,12.00,26.96,40.92
2026-07-04 02:50,CH1,141.66,31.75,6.50,12.00,27.06,40.65
2026-07-04 02:50,CH2,170.18,33.21,6.50,12.00,26.84,40.71
2026-07-04 02:55,CH1,142.42,31.85,6.50,12.00,27.12,40.98
2026-07-04 02:55,CH2,165.38,32.28,6.50,12.00,27.36,40.94
2026-07-04 03:00,CH1,150.94,33.74,6.50,12.00,26.83,40.70
2026-07-04 03:00,CH2,173.68,33.98,6.50,12.00,27.72,40.30
2026-07-04 03:05,CH1,146.24,32.76,6.50,12.00,27.45,40.09
2026-07-04 03:05,CH2,176.50,34.43,6.50,12.00,27.00,40.03
2026-07-04 03:10,CH1,153.63,34.49,6.50,12.00,27.76,40.11
2026-07-04 03:10,CH2,175.67,34.31,6.50,12.00,27.52,40.53
2026-07-04 03:15,CH1,157.13,35.29,6.50,12.00,27.39,40.48
2026-07-04 03:15,CH2,171.42,33.54,6.50,12.00,27.34,40.31
2026-07-04 03:20,CH1,155.79,35.14,6.50,12.00,27.21,40.99
2026-07-04 03:20,CH2,180.88,35.52,6.50,12.00,27.30,40.90
2026-07-04 03:25,CH1,159.89,36.10,6.50,12.00,27.35,40.56
2026-07-04 03:25,CH2,176.75,34.61,6.50,12.00,27.70,40.37
2026-07-04 03:30,CH1,156.19,35.28,6.50,12.00,27.02,40.74
2026-07-04 03:30,CH2,181.05,35.64,6.50,12.00,27.10,40.73
2026-07-04 03:35,CH1,163.45,36.89,6.50,12.00,27.55,40.22
2026-07-04 03:35,CH2,186.81,36.83,6.50,12.00,27.45,40.01
2026-07-04 03:40,CH1,158.10,35.67,6.50,12.00,28.04,40.15
2026-07-04 03:40,CH2,181.22,35.60,6.50,12.00,27.83,40.42
2026-07-04 03:45,CH1,165.44,37.33,6.50,12.00,27.92,40.38
2026-07-04 03:45,CH2,187.99,36.94,6.50,12.00,27.29,40.36
2026-07-04 03:50,CH1,162.52,36.79,6.50,12.00,27.35,40.52
2026-07-04 03:50,CH2,191.31,37.68,6.50,12.00,27.52,40.10
2026-07-04 03:55,CH1,169.88,38.42,6.50,12.00,28.11,40.81
2026-07-04 03:55,CH2,189.28,37.33,6.50,12.00,27.23,40.89
2026-07-04 04:00,CH1,170.02,38.60,6.50,12.00,27.77,40.78
2026-07-04 04:00,CH2,190.93,37.76,6.50,12.00,27.60,40.37
2026-07-04 04:05,CH1,167.60,38.16,6.50,12.00,28.09,40.37
2026-07-04 04:05,CH2,191.74,37.91,6.50,12.00,27.70,40.97
2026-07-04 04:10,CH1,175.70,40.03,6.50,12.00,27.80,40.50
2026-07-04 04:10,CH2,200.42,39.66,6.50,12.00,27.65,40.62
2026-07-04 04:15,CH1,171.23,39.10,6.50,12.00,27.68,40.05
2026-07-04 04:15,CH2,201.97,40.07,6.50,12.00,27.60,40.01
2026-07-04 04:20,CH1,179.35,41.02,6.50,12.00,27.49,40.78
2026-07-04 04:20,CH2,203.58,40.37,6.50,12.00,28.27,40.25
2026-07-04 04:25,CH1,178.12,40.63,6.50,12.00,27.74,40.07
2026-07-04 04:25,CH2,205.96,40.88,6.50,12.00,28.09,40.70
2026-07-04 04:30,CH1,176.96,40.52,6.50,12.00,28.33,40.97
2026-07-04 04:30,CH2,204.08,40.64,6.50,12.00,27.58,40.11
2026-07-04 04:35,CH1,185.17,42.43,6.50,12.00,28.31,40.82
2026-07-04 04:35,CH2,214.63,42.69,6.50,12.00,28.38,40.24
2026-07-04 04:40,CH1,183.76,42.21,6.50,12.00,27.45,40.89
2026-07-04 04:40,CH2,209.88,41.86,6.50,12.00,27.93,40.79
2026-07-04 04:45,CH1,187.96,43.22,6.50,12.00,28.04,40.50
2026-07-04 04:45,CH2,215.07,43.02,6.50,12.00,27.52,40.61
2026-07-04 04:50,CH1,190.85,43.95,6.50,12.00,27.57,40.03
2026-07-04 04:50,CH2,218.29,43.55,6.50,12.00,27.51,40.97
2026-07-04 04:55,CH1,189.88,43.82,6.50,12.00,27.89,40.33
2026-07-04 04:55,CH2,220.29,44.02,6.50,12.00,28.47,40.31
2026-07-04 05:00,CH1,195.78,45.19,6.50,12.00,28.16,40.65
2026-07-04 05:00,CH2,216.83,43.50,6.50,12.00,28.28,40.87
2026-07-04 05:05,CH1,192.12,44.32,6.50,12.00,28.23,40.19
2026-07-04 05:05,CH2,224.03,45.02,6.50,12.00,28.26,40.36
2026-07-04 05:10,CH1,195.24,45.09,6.50,12.00,28.54,40.10
2026-07-04 05:10,CH2,226.73,45.47,6.50,12.00,27.99,40.70
2026-07-04 05:15,CH1,196.28,45.34,6.50,12.00,28.65,40.12
2026-07-04 05:15,CH2,225.68,45.42,6.50,12.00,28.27,40.41
2026-07-04 05:20,CH1,202.48,46.89,6.50,12.00,28.17,40.56
2026-07-04 05:20,CH2,227.36,45.69,6.50,12.00,28.59,40.34
2026-07-04 05:25,CH1,199.55,46.22,6.50,12.00,28.64,40.48
2026-07-04 05:25,CH2,233.07,47.07,6.50,12.00,28.17,40.39
2026-07-04 05:30,CH1,209.77,48.69,6.50,12.00,28.62,40.08
2026-07-04 05:30,CH2,237.34,47.95,6.50,12.00,28.74,40.75
2026-07-04 05:35,CH1,209.56,48.80,6.50,12.00,28.50,40.50
2026-07-04 05:35,CH2,233.92,47.30,6.50,12.00,28.53,40.27
2026-07-04 05:40,CH1,208.33,48.51,6.50,12.00,28.49,40.16
2026-07-04 05:40,CH2,236.57,47.92,6.50,12.00,28.58,40.37
2026-07-04 05:45,CH1,212.36,49.69,6.50,12.00,27.95,40.27
2026-07-04 05:45,CH2,241.71,48.95,6.50,12.00,28.89,40.33
2026-07-04 05:50,CH1,216.51,50.53,6.50,12.00,28.12,40.63
2026-07-04 05:50,CH2,248.91,50.40,6.50,12.00,28.75,40.70
2026-07-04 05:55,CH1,215.16,50.28,6.50,12.00,28.41,40.93
2026-07-04 05:55,CH2,250.14,50.83,6.50,12.00,28.11,40.15
2026-07-04 06:00,CH1,220.07,51.54,6.50,12.00,28.93,40.70
2026-07-04 06:00,CH2,253.91,51.66,6.50,12.00,28.28,40.95
2026-07-04 06:05,CH1,222.82,52.42,6.50,12.00,28.50,40.34
2026-07-04 06:05,CH2,257.50,52.35,6.50,12.00,28.50,40.08
2026-07-04 06:10,CH1,218.59,51.29,6.50,12.00,28.46,40.97
2026-07-04 06:10,CH2,253.62,51.72,6.50,12.00,28.09,40.81
2026-07-04 06:15,CH1,225.93,53.22,6.50,12.00,28.79,40.06
2026-07-04 06:15,CH2,258.88,52.80,6.50,12.00,28.86,40.38
2026-07-04 06:20,CH1,225.49,53.19,6.50,12.00,28.20,40.56
2026-07-04 06:20,CH2,263.43,53.76,6.50,12.00,28.38,40.57
2026-07-04 06:25,CH1,226.48,53.49,6.50,12.00,28.66,40.28
2026-07-04 06:25,CH2,263.79,53.94,6.50,12.00,28.23,40.75
2026-07-04 06:30,CH1,227.86,53.87,6.50,12.00,28.45,40.64
2026-07-04 06:30,CH2,267.88,54.89,6.50,12.00,28.61,40.63
2026-07-04 06:35,CH1,227.33,53.93,6.50,12.00,28.39,40.19
2026-07-04 06:35,CH2,268.97,55.15,6.50,12.00,28.66,40.21
2026-07-04 06:40,CH1,236.63,56.07,6.50,12.00,28.61,40.25
2026-07-04 06:40,CH2,269.82,55.47,6.50,12.00,28.50,40.05
2026-07-04 06:45,CH1,231.62,54.94,6.50,12.00,28.48,40.95
2026-07-04 06:45,CH2,271.37,55.77,6.50,12.00,28.68,40.73
2026-07-04 06:50,CH1,240.75,57.30,6.50,12.00,28.69,40.11
2026-07-04 06:50,CH2,271.45,55.86,6.50,12.00,28.52,40.80
2026-07-04 06:55,CH1,240.94,57.27,6.50,12.00,28.57,40.77
2026-07-04 06:55,CH2,273.23,56.33,6.50,12.00,29.39,40.47
2026-07-04 07:00,CH1,237.62,56.63,6.50,12.00,29.17,40.60
2026-07-04 07:00,CH2,275.63,56.94,6.50,12.00,29.11,40.41
2026-07-04 07:05,CH1,244.41,58.26,6.50,12.00,28.55,40.79
2026-07-04 07:05,CH2,277.15,57.24,6.50,12.00,29.01,40.28
2026-07-04 07:10,CH1,245.85,58.89,6.50,12.00,28.80,40.04
2026-07-04 07:10,CH2,284.92,58.85,6.50,12.00,28.84,40.68
2026-07-04 07:15,CH1,246.63,59.09,6.50,12.00,29.42,40.22
2026-07-04 07:15,CH2,287.67,59.66,6.50,12.00,28.74,40.29
2026-07-04 07:20,CH1,245.24,58.88,6.50,12.00,29.25,40.98
2026-07-04 07:20,CH2,291.45,60.41,6.50,12.00,29.12,40.04
2026-07-04 07:25,CH1,248.65,59.66,6.50,12.00,28.71,40.92
2026-07-04 07:25,CH2,293.75,61.02,6.50,12.00,29.20,40.83
2026-07-04 07:30,CH1,252.36,60.67,6.50,12.00,29.39,40.11
2026-07-04 07:30,CH2,288.77,59.99,6.50,12.00,29.26,40.20
2026-07-04 07:35,CH1,253.64,61.11,6.50,12.00,29.13,40.94
2026-07-04 07:35,CH2,296.44,61.57,6.50,12.00,29.30,40.33
2026-07-04 07:40,CH1,253.93,61.28,6.50,12.00,29.46,40.20
2026-07-04 07:40,CH2,296.01,61.75,6.50,12.00,29.15,40.55
2026-07-04 07:45,CH1,257.41,62.09,6.50,12.00,29.23,40.41
2026-07-04 07:45,CH2,301.25,62.72,6.50,12.00,29.40,40.99
2026-07-04 07:50,CH1,256.18,61.96,6.50,12.00,29.06,40.44
2026-07-04 07:50,CH2,297.56,62.07,6.50,12.00,29.25,40.05
2026-07-04 07:55,CH1,258.99,62.58,6.50,12.00,29.68,40.69
2026-07-04 07:55,CH2,305.61,63.93,6.50,12.00,29.32,40.11
2026-07-04 08:00,CH1,264.78,64.27,6.50,12.00,28.88,40.08
2026-07-04 08:00,CH2,308.07,64.44,6.50,12.00,28.95,40.48
2026-07-04 08:05,CH1,260.94,63.29,6.50,12.00,29.58,40.55
2026-07-04 08:05,CH2,309.13,64.67,6.50,12.00,28.88,40.06
2026-07-04 08:10,CH1,262.53,63.69,6.50,12.00,29.50,40.81
2026-07-04 08:10,CH2,304.53,63.88,6.50,12.00,29.62,40.86
2026-07-04 08:15,CH1,265.12,64.50,6.50,12.00,29.27,40.91
2026-07-04 08:15,CH2,305.64,64.11,6.50,12.00,29.05,40.75
2026-07-04 08:20,CH1,272.03,66.27,6.50,12.00,29.32,40.73
2026-07-04 08:20,CH2,308.17,64.66,6.50,12.00,29.04,40.51
2026-07-04 08:25,CH1,274.11,66.81,6.50,12.00,29.25,40.53
2026-07-04 08:25,CH2,315.47,66.32,6.50,12.00,29.14,40.53
2026-07-04 08:30,CH1,273.53,66.82,6.50,12.00,29.73,40.01
2026-07-04 08:30,CH2,312.14,65.62,6.50,12.00,29.38,40.53
2026-07-04 08:35,CH1,273.87,66.85,6.50,12.00,29.87,40.80
2026-07-04 08:35,CH2,313.05,65.96,6.50,12.00,29.31,40.90
2026-07-04 08:40,CH1,277.95,68.06,6.50,12.00,29.46,40.54
2026-07-04 08:40,CH2,318.38,67.26,6.50,12.00,29.29,40.45
2026-07-04 08:45,CH1,272.05,66.70,6.50,12.00,29.34,40.45
2026-07-04 08:45,CH2,323.69,68.30,6.50,12.00,30.11,40.67
2026-07-04 08:50,CH1,274.42,67.23,6.50,12.00,29.44,40.93
2026-07-04 08:50,CH2,320.67,67.83,6.50,12.00,29.98,40.01
2026-07-04 08:55,CH1,279.83,68.73,6.50,12.00,29.69,40.47
2026-07-04 08:55,CH2,318.37,67.44,6.50,12.00,29.48,40.58
2026-07-04 09:00,CH1,276.94,68.16,6.50,12.00,29.90,40.28
2026-07-04 09:00,CH2,323.24,68.54,6.50,12.00,29.23,40.67
2026-07-04 09:05,CH1,278.42,68.61,6.50,12.00,29.59,40.61
2026-07-04 09:05,CH2,326.56,69.16,6.50,12.00,29.76,40.76
2026-07-04 09:10,CH1,281.97,69.51,6.50,12.00,29.68,40.39
2026-07-04 09:10,CH2,323.75,68.64,6.50,12.00,30.18,40.70
2026-07-04 09:15,CH1,281.46,69.51,6.50,12.00,30.12,40.93
2026-07-04 09:15,CH2,332.38,70.48,6.50,12.00,29.39,40.02
2026-07-04 09:20,CH1,283.83,70.11,6.50,12.00,29.81,40.11
2026-07-04 09:20,CH2,330.64,70.36,6.50,12.00,30.00,41.00
2026-07-04 09:25,CH1,288.92,71.40,6.50,12.00,30.13,40.53
2026-07-04 09:25,CH2,336.80,71.57,6.50,12.00,29.41,41.00
2026-07-04 09:30,CH1,283.52,70.11,6.50,12.00,29.70,40.52
2026-07-04 09:30,CH2,334.11,71.13,6.50,12.00,29.84,40.94
2026-07-04 09:35,CH1,284.79,70.48,6.50,12.00,29.79,40.14
2026-07-04 09:35,CH2,333.51,71.14,6.50,12.00,29.80,40.46
2026-07-04 09:40,CH1,290.97,72.04,6.50,12.00,30.33,40.74
2026-07-04 09:40,CH2,333.86,71.20,6.50,12.00,30.28,40.80
2026-07-04 09:45,CH1,288.14,71.33,6.50,12.00,29.95,40.70
2026-07-04 09:45,CH2,332.44,70.96,6.50,12.00,30.31,40.42
2026-07-04 09:50,CH1,287.61,71.27,6.50,12.00,29.49,40.35
2026-07-04 09:50,CH2,339.24,72.50,6.50,12.00,29.58,40.80
2026-07-04 09:55,CH1,294.42,73.08,6.50,12.00,30.36,40.61
2026-07-04 09:55,CH2,340.34,72.78,6.50,12.00,29.89,40.82
2026-07-04 10:00,CH1,291.00,72.29,6.50,12.00,29.89,40.86
2026-07-04 10:00,CH2,341.44,73.07,6.50,12.00,29.73,40.81
2026-07-04 10:05,CH1,293.99,73.02,6.50,12.00,30.18,40.43
2026-07-04 10:05,CH2,339.11,72.55,6.50,12.00,29.89,40.41
2026-07-04 10:10,CH1,294.68,73.30,6.50,12.00,29.96,40.96
2026-07-04 10:10,CH2,345.51,73.96,6.50,12.00,30.13,40.53
2026-07-04 10:15,CH1,297.45,74.08,6.50,12.00,29.64,40.12
2026-07-04 10:15,CH2,345.86,74.12,6.50,12.00,30.20,40.33
2026-07-04 10:20,CH1,293.69,73.25,6.50,12.00,30.35,40.00
2026-07-04 10:20,CH2,348.66,74.73,6.50,12.00,30.19,40.02
2026-07-04 10:25,CH1,296.23,73.75,6.50,12.00,30.03,40.78
2026-07-04 10:25,CH2,343.57,73.67,6.50,12.00,30.21,40.70
2026-07-04 10:30,CH1,295.07,73.72,6.50,12.00,30.33,40.77
2026-07-04 10:30,CH2,343.74,73.75,6.50,12.00,30.21,40.95
2026-07-04 10:35,CH1,299.69,74.90,6.50,12.00,30.52,40.03
2026-07-04 10:35,CH2,348.76,74.79,6.50,12.00,30.38,40.23
2026-07-04 10:40,CH1,301.20,75.26,6.50,12.00,29.82,40.88
2026-07-04 10:40,CH2,348.05,74.65,6.50,12.00,29.73,40.58
2026-07-04 10:45,CH1,299.96,75.02,6.50,12.00,29.79,40.50
2026-07-04 10:45,CH2,350.27,75.29,6.50,12.00,29.62,40.99
2026-07-04 10:50,CH1,301.94,75.37,6.50,12.00,29.95,40.85
2026-07-04 10:50,CH2,354.25,76.02,6.50,12.00,30.46,40.82
2026-07-04 10:55,CH1,300.37,75.07,6.50,12.00,29.80,40.11
2026-07-04 10:55,CH2,348.76,74.86,6.50,12.00,29.98,40.44
2026-07-04 11:00,CH1,297.18,74.36,6.50,12.00,30.09,40.82
2026-07-04 11:00,CH2,349.83,75.14,6.50,12.00,30.56,40.29
2026-07-04 11:05,CH1,298.36,74.66,6.50,12.00,30.63,40.10
2026-07-04 11:05,CH2,354.37,76.20,6.50,12.00,29.92,40.42
2026-07-04 11:10,CH1,305.72,76.49,6.50,12.00,29.71,40.79
2026-07-04 11:10,CH2,353.25,76.05,6.50,12.00,30.58,40.97
2026-07-04 11:15,CH1,299.09,75.01,6.50,12.00,30.33,40.31
2026-07-04 11:15,CH2,349.66,75.20,6.50,12.00,29.94,40.92
2026-07-04 11:20,CH1,300.06,75.23,6.50,12.00,30.59,40.44
2026-07-04 11:20,CH2,355.96,76.56,6.50,12.00,30.19,40.33
2026-07-04 11:25,CH1,303.09,75.86,6.50,12.00,30.57,40.54
2026-07-04 11:25,CH2,351.24,75.67,6.50,12.00,30.43,40.71
2026-07-04 11:30,CH1,305.65,76.53,6.50,12.00,30.62,40.90
2026-07-04 11:30,CH2,350.84,75.62,6.50,12.00,30.58,40.43
2026-07-04 11:35,CH1,302.45,75.77,6.50,12.00,29.73,40.46
2026-07-04 11:35,CH2,357.82,76.99,6.50,12.00,30.14,41.00
2026-07-04 11:40,CH1,305.05,76.55,6.50,12.00,30.56,40.72
2026-07-04 11:40,CH2,350.87,75.67,6.50,12.00,29.70,40.78
2026-07-04 11:45,CH1,307.25,76.94,6.50,12.00,30.10,40.01
2026-07-04 11:45,CH2,354.85,76.34,6.50,12.00,30.41,40.14
2026-07-04 11:50,CH1,301.10,75.52,6.50,12.00,30.37,40.48
2026-07-04 11:50,CH2,351.39,75.67,6.50,12.00,30.53,40.12
2026-07-04 11:55,CH1,305.06,76.50,6.50,12.00,29.85,40.43
2026-07-04 11:55,CH2,356.27,76.77,6.50,12.00,29.95,40.93
2026-07-04 12:00,CH1,304.13,76.20,6.50,12.00,29.82,40.70
2026-07-04 12:00,CH2,349.24,75.33,6.50,12.00,30.68,40.31
2026-07-04 12:05,CH1,307.92,77.13,6.50,12.00,30.11,40.89
2026-07-04 12:05,CH2,350.76,75.49,6.50,12.00,30.33,40.30
2026-07-04 12:10,CH1,307.42,77.09,6.50,12.00,30.19,40.55
2026-07-04 12:10,CH2,353.70,76.20,6.50,12.00,29.87,40.88
2026-07-04 12:15,CH1,302.95,75.91,6.50,12.00,29.82,40.48
2026-07-04 12:15,CH2,357.59,76.96,6.50,12.00,30.12,40.54
2026-07-04 12:20,CH1,300.57,75.44,6.50,12.00,29.73,40.25
2026-07-04 12:20,CH2,349.42,75.30,6.50,12.00,29.79,40.54
2026-07-04 12:25,CH1,300.31,75.36,6.50,12.00,30.10,40.62
2026-07-04 12:25,CH2,355.80,76.67,6.50,12.00,29.81,40.40
2026-07-04 12:30,CH1,306.44,76.92,6.50,12.00,29.80,40.48
2026-07-04 12:30,CH2,351.44,75.76,6.50,12.00,29.80,40.48
2026-07-04 12:35,CH1,299.44,75.03,6.50,12.00,29.88,40.03
2026-07-04 12:35,CH2,352.24,75.91,6.50,12.00,30.33,40.67
2026-07-04 12:40,CH1,303.19,75.91,6.50,12.00,29.66,40.69
2026-07-04 12:40,CH2,351.50,75.73,6.50,12.00,30.10,40.00
2026-07-04 12:45,CH1,303.67,76.15,6.50,12.00,30.05,40.94
2026-07-04 12:45,CH2,348.57,75.05,6.50,12.00,29.70,40.38
2026-07-04 12:50,CH1,299.19,75.02,6.50,12.00,30.40,40.06
2026-07-04 12:50,CH2,348.37,74.93,6.50,12.00,30.23,40.03
2026-07-04 12:55,CH1,302.63,75.68,6.50,12.00,29.98,40.33
2026-07-04 12:55,CH2,348.98,75.08,6.50,12.00,30.48,40.64
2026-07-04 13:00,CH1,298.54,74.64,6.50,12.00,30.02,40.31
2026-07-04 13:00,CH2,346.75,74.66,6.50,12.00,30.38,40.36
2026-07-04 13:05,CH1,300.71,75.13,6.50,12.00,29.77,40.70
2026-07-04 13:05,CH2,349.86,75.21,6.50,12.00,30.29,40.15
2026-07-04 13:10,CH1,302.37,75.51,6.50,12.00,30.07,40.47
2026-07-04 13:10,CH2,346.78,74.52,6.50,12.00,30.53,40.52
2026-07-04 13:15,CH1,301.96,75.36,6.50,12.00,29.98,40.17
2026-07-04 13:15,CH2,348.88,75.00,6.50,12.00,30.26,40.07
2026-07-04 13:20,CH1,301.13,75.32,6.50,12.00,30.15,40.03
2026-07-04 13:20,CH2,344.27,73.96,6.50,12.00,30.27,40.10
2026-07-04 13:25,CH1,299.77,74.78,6.50,12.00,29.66,40.07
2026-07-04 13:25,CH2,351.79,75.46,6.50,12.00,29.65,40.33
2026-07-04 13:30,CH1,296.62,73.96,6.50,12.00,30.46,40.52
2026-07-04 13:30,CH2,349.48,75.00,6.50,12.00,30.50,40.39
2026-07-04 13:35,CH1,296.56,74.01,6.50,12.00,30.29,40.30
2026-07-04 13:35,CH2,348.94,74.84,6.50,12.00,30.32,40.07
2026-07-04 13:40,CH1,298.63,74.33,6.50,12.00,29.95,40.59
2026-07-04 13:40,CH2,340.44,73.00,6.50,12.00,30.22,40.70
2026-07-04 13:45,CH1,293.06,72.87,6.50,12.00,29.57,40.80
2026-07-04 13:45,CH2,347.73,74.50,6.50,12.00,29.88,40.77
2026-07-04 13:50,CH1,294.34,73.25,6.50,12.00,30.10,40.82
2026-07-04 13:50,CH2,338.40,72.36,6.50,12.00,29.74,40.25
2026-07-04 13:55,CH1,291.64,72.63,6.50,12.00,29.84,40.97
2026-07-04 13:55,CH2,344.65,73.71,6.50,12.00,30.17,40.04
2026-07-04 14:00,CH1,294.20,73.09,6.50,12.00,30.35,40.17
2026-07-04 14:00,CH2,339.56,72.54,6.50,12.00,30.10,40.35
2026-07-04 14:05,CH1,294.27,73.13,6.50,12.00,29.87,40.84
2026-07-04 14:05,CH2,343.61,73.47,6.50,12.00,29.49,40.33
2026-07-04 14:10,CH1,292.44,72.48,6.50,12.00,30.39,40.85
2026-07-04 14:10,CH2,340.59,72.60,6.50,12.00,29.64,40.97
2026-07-04 14:15,CH1,288.64,71.55,6.50,12.00,29.90,40.80
2026-07-04 14:15,CH2,333.32,71.14,6.50,12.00,30.27,40.88
2026-07-04 14:20,CH1,290.74,72.02,6.50,12.00,29.47,40.84
2026-07-04 14:20,CH2,336.66,71.86,6.50,12.00,29.43,40.69
2026-07-04 14:25,CH1,287.40,71.25,6.50,12.00,30.02,40.59
2026-07-04 14:25,CH2,333.70,71.09,6.50,12.00,29.96,40.85
2026-07-04 14:30,CH1,283.89,70.31,6.50,12.00,29.91,40.93
2026-07-04 14:30,CH2,332.18,70.65,6.50,12.00,30.00,40.32
2026-07-04 14:35,CH1,285.85,70.53,6.50,12.00,29.66,40.27
2026-07-04 14:35,CH2,331.30,70.38,6.50,12.00,29.46,40.88
2026-07-04 14:40,CH1,287.45,70.97,6.50,12.00,29.67,40.25
2026-07-04 14:40,CH2,327.34,69.65,6.50,12.00,30.08,40.98
2026-07-04 14:45,CH1,281.90,69.59,6.50,12.00,30.05,40.12
2026-07-04 14:45,CH2,327.84,69.57,6.50,12.00,30.05,40.33
2026-07-04 14:50,CH1,283.38,69.84,6.50,12.00,29.37,40.54
2026-07-04 14:50,CH2,328.08,69.56,6.50,12.00,29.71,40.41
2026-07-04 14:55,CH1,281.17,69.26,6.50,12.00,30.12,40.62
2026-07-04 14:55,CH2,325.82,69.02,6.50,12.00,29.44,40.07
2026-07-04 15:00,CH1,283.22,69.72,6.50,12.00,29.93,40.28
2026-07-04 15:00,CH2,326.77,69.14,6.50,12.00,30.19,40.61
2026-07-04 15:05,CH1,280.50,68.89,6.50,12.00,29.56,40.04
2026-07-04 15:05,CH2,323.46,68.37,6.50,12.00,30.14,40.48
2026-07-04 15:10,CH1,276.33,67.66,6.50,12.00,29.68,40.97
2026-07-04 15:10,CH2,323.76,68.36,6.50,12.00,29.82,40.61
2026-07-04 15:15,CH1,273.18,66.97,6.50,12.00,29.64,40.43
2026-07-04 15:15,CH2,316.92,67.00,6.50,12.00,29.69,40.57
2026-07-04 15:20,CH1,271.37,66.37,6.50,12.00,29.78,40.03
2026-07-04 15:20,CH2,318.50,67.27,6.50,12.00,29.64,40.06
2026-07-04 15:25,CH1,271.10,66.28,6.50,12.00,29.68,40.05
2026-07-04 15:25,CH2,312.94,66.04,6.50,12.00,29.11,40.75
2026-07-04 15:30,CH1,273.86,66.95,6.50,12.00,29.50,40.85
2026-07-04 15:30,CH2,313.03,65.91,6.50,12.00,29.15,40.06
2026-07-04 15:35,CH1,269.11,65.67,6.50,12.00,29.33,40.22
2026-07-04 15:35,CH2,315.71,66.40,6.50,12.00,29.22,40.29
2026-07-04 15:40,CH1,272.14,66.35,6.50,12.00,29.91,40.17
2026-07-04 15:40,CH2,313.48,65.87,6.50,12.00,29.78,40.47
2026-07-04 15:45,CH1,270.24,65.83,6.50,12.00,29.17,40.27
2026-07-04 15:45,CH2,310.01,64.96,6.50,12.00,29.90,40.48
2026-07-04 15:50,CH1,261.21,63.56,6.50,12.00,29.10,40.30
2026-07-04 15:50,CH2,304.21,63.76,6.50,12.00,29.71,40.47
2026-07-04 15:55,CH1,265.14,64.46,6.50,12.00,29.16,40.14
2026-07-04 15:55,CH2,302.07,63.31,6.50,12.00,29.37,40.33
2026-07-04 16:00,CH1,265.57,64.30,6.50,12.00,29.76,40.18
2026-07-04 16:00,CH2,303.78,63.53,6.50,12.00,29.75,40.89
2026-07-04 16:05,CH1,262.17,63.40,6.50,12.00,29.66,40.09
2026-07-04 16:05,CH2,302.89,63.21,6.50,12.00,29.11,40.57
2026-07-04 16:10,CH1,256.16,61.89,6.50,12.00,29.27,40.24
2026-07-04 16:10,CH2,302.16,63.00,6.50,12.00,29.76,40.55
2026-07-04 16:15,CH1,256.80,62.11,6.50,12.00,28.78,40.78
2026-07-04 16:15,CH2,295.94,61.78,6.50,12.00,28.91,40.57
2026-07-04 16:20,CH1,259.47,62.53,6.50,12.00,29.14,40.37
2026-07-04 16:20,CH2,296.51,61.77,6.50,12.00,28.85,40.66
2026-07-04 16:25,CH1,251.82,60.69,6.50,12.00,29.55,40.49
2026-07-04 16:25,CH2,297.02,61.88,6.50,12.00,29.65,40.57
2026-07-04 16:30,CH1,252.48,60.60,6.50,12.00,29.61,40.53
2026-07-04 16:30,CH2,290.07,60.32,6.50,12.00,29.33,40.05
2026-07-04 16:35,CH1,247.46,59.31,6.50,12.00,29.49,40.44
2026-07-04 16:35,CH2,294.08,61.08,6.50,12.00,28.68,40.92
2026-07-04 16:40,CH1,245.94,58.92,6.50,12.00,29.52,40.53
2026-07-04 16:40,CH2,290.29,60.26,6.50,12.00,28.67,40.94
2026-07-04 16:45,CH1,245.07,58.61,6.50,12.00,28.95,40.80
2026-07-04 16:45,CH2,282.43,58.39,6.50,12.00,28.67,40.82
2026-07-04 16:50,CH1,246.44,58.88,6.50,12.00,28.72,40.19
2026-07-04 16:50,CH2,279.38,57.70,6.50,12.00,28.90,40.23
2026-07-04 16:55,CH1,241.28,57.53,6.50,12.00,29.29,40.34
2026-07-04 16:55,CH2,285.67,58.99,6.50,12.00,28.71,40.99
2026-07-04 17:00,CH1,241.92,57.79,6.50,12.00,28.57,40.87
2026-07-04 17:00,CH2,275.62,56.92,6.50,12.00,28.85,40.35
2026-07-04 17:05,CH1,236.97,56.39,6.50,12.00,28.48,40.16
2026-07-04 17:05,CH2,276.51,56.96,6.50,12.00,29.08,40.22
2026-07-04 17:10,CH1,238.20,56.67,6.50,12.00,28.80,40.29
2026-07-04 17:10,CH2,274.83,56.59,6.50,12.00,28.61,40.23
2026-07-04 17:15,CH1,231.56,55.10,6.50,12.00,28.51,40.45
2026-07-04 17:15,CH2,274.44,56.50,6.50,12.00,29.05,40.04
2026-07-04 17:20,CH1,234.88,55.64,6.50,12.00,28.58,40.15
2026-07-04 17:20,CH2,270.61,55.65,6.50,12.00,28.75,40.16
2026-07-04 17:25,CH1,234.76,55.51,6.50,12.00,28.81,40.63
2026-07-04 17:25,CH2,270.70,55.43,6.50,12.00,28.57,40.15
2026-07-04 17:30,CH1,229.18,54.24,6.50,12.00,28.92,40.52
2026-07-04 17:30,CH2,262.77,53.89,6.50,12.00,28.52,40.38
2026-07-04 17:35,CH1,229.67,54.26,6.50,12.00,28.54,40.79
2026-07-04 17:35,CH2,265.28,54.25,6.50,12.00,28.81,40.44
2026-07-04 17:40,CH1,223.30,52.58,6.50,12.00,28.62,40.38
2026-07-04 17:40,CH2,261.25,53.45,6.50,12.00,28.54,40.81
2026-07-04 17:45,CH1,222.00,52.34,6.50,12.00,29.02,40.63
2026-07-04 17:45,CH2,257.05,52.37,6.50,12.00,28.87,40.70
2026-07-04 17:50,CH1,224.19,52.64,6.50,12.00,28.26,40.04
2026-07-04 17:50,CH2,255.39,52.02,6.50,12.00,28.37,40.97
2026-07-04 17:55,CH1,217.12,51.01,6.50,12.00,28.16,40.82
2026-07-04 17:55,CH2,257.86,52.39,6.50,12.00,28.60,40.00
2026-07-04 18:00,CH1,218.17,51.20,6.50,12.00,28.30,40.30
2026-07-04 18:00,CH2,252.83,51.43,6.50,12.00,28.42,40.27
2026-07-04 18:05,CH1,214.58,50.17,6.50,12.00,28.85,40.18
2026-07-04 18:05,CH2,247.84,50.38,6.50,12.00,28.73,40.02
2026-07-04 18:10,CH1,211.72,49.58,6.50,12.00,28.65,40.55
2026-07-04 18:10,CH2,242.52,49.18,6.50,12.00,28.47,40.19
2026-07-04 18:15,CH1,215.97,50.33,6.50,12.00,28.20,40.63
2026-07-04 18:15,CH2,243.11,49.29,6.50,12.00,28.58,40.16
2026-07-04 18:20,CH1,209.06,48.81,6.50,12.00,28.34,40.67
2026-07-04 18:20,CH2,237.02,47.96,6.50,12.00,28.17,40.47
2026-07-04 18:25,CH1,209.24,48.67,6.50,12.00,28.32,40.21
2026-07-04 18:25,CH2,238.37,48.23,6.50,12.00,28.21,40.26
2026-07-04 18:30,CH1,206.22,47.84,6.50,12.00,28.56,40.26
2026-07-04 18:30,CH2,240.06,48.43,6.50,12.00,28.78,40.43
2026-07-04 18:35,CH1,205.96,47.88,6.50,12.00,28.23,40.27
2026-07-04 18:35,CH2,234.16,47.22,6.50,12.00,28.01,40.05
2026-07-04 18:40,CH1,197.62,45.81,6.50,12.00,28.61,40.74
2026-07-04 18:40,CH2,228.74,46.04,6.50,12.00,28.63,40.67
2026-07-04 18:45,CH1,200.28,46.46,6.50,12.00,28.59,40.95
2026-07-04 18:45,CH2,230.03,46.23,6.50,12.00,27.97,40.69
2026-07-04 18:50,CH1,193.83,44.87,6.50,12.00,27.75,40.83
2026-07-04 18:50,CH2,224.69,45.10,6.50,12.00,27.88,40.58
2026-07-04 18:55,CH1,193.86,44.69,6.50,12.00,28.14,40.26
2026-07-04 18:55,CH2,223.63,44.75,6.50,12.00,27.68,40.53
2026-07-04 19:00,CH1,196.73,45.43,6.50,12.00,28.52,40.61
2026-07-04 19:00,CH2,219.74,44.02,6.50,12.00,28.45,40.66
2026-07-04 19:05,CH1,191.14,43.91,6.50,12.00,28.46,40.83
2026-07-04 19:05,CH2,223.13,44.67,6.50,12.00,28.18,40.11
2026-07-04 19:10,CH1,187.61,43.12,6.50,12.00,27.60,40.31
2026-07-04 19:10,CH2,221.47,44.23,6.50,12.00,28.34,40.62
2026-07-04 19:15,CH1,185.22,42.45,6.50,12.00,28.27,40.32
2026-07-04 19:15,CH2,215.01,42.89,6.50,12.00,28.02,40.26
2026-07-04 19:20,CH1,181.44,41.50,6.50,12.00,28.12,40.37
2026-07-04 19:20,CH2,217.48,43.35,6.50,12.00,27.58,40.02
2026-07-04 19:25,CH1,178.88,41.02,6.50,12.00,28.27,40.77
2026-07-04 19:25,CH2,214.05,42.66,6.50,12.00,27.46,40.91
2026-07-04 19:30,CH1,176.39,40.42,6.50,12.00,28.17,40.79
2026-07-04 19:30,CH2,204.14,40.62,6.50,12.00,27.72,40.06
2026-07-04 19:35,CH1,178.42,40.85,6.50,12.00,28.14,40.99
2026-07-04 19:35,CH2,202.24,40.27,6.50,12.00,28.10,40.72
2026-07-04 19:40,CH1,177.97,40.69,6.50,12.00,27.93,40.35
2026-07-04 19:40,CH2,200.01,39.77,6.50,12.00,27.74,40.09
2026-07-04 19:45,CH1,177.43,40.36,6.50,12.00,28.05,40.00
2026-07-04 19:45,CH2,200.99,39.93,6.50,12.00,28.18,40.14
2026-07-04 19:50,CH1,176.14,40.17,6.50,12.00,27.67,40.56
2026-07-04 19:50,CH2,197.31,39.15,6.50,12.00,27.95,40.71
2026-07-04 19:55,CH1,168.41,38.30,6.50,12.00,27.55,40.96
2026-07-04 19:55,CH2,195.08,38.58,6.50,12.00,27.61,40.59
2026-07-04 20:00,CH1,165.41,37.44,6.50,12.00,27.27,40.86
2026-07-04 20:00,CH2,196.55,38.78,6.50,12.00,28.10,40.88
2026-07-04 20:05,CH1,171.91,38.92,6.50,12.00,27.16,40.97
2026-07-04 20:05,CH2,191.78,37.85,6.50,12.00,27.63,40.25
2026-07-04 20:10,CH1,167.94,37.99,6.50,12.00,27.86,40.04
2026-07-04 20:10,CH2,191.60,37.71,6.50,12.00,27.98,40.94
2026-07-04 20:15,CH1,160.17,36.29,6.50,12.00,27.76,40.16
2026-07-04 20:15,CH2,184.21,36.26,6.50,12.00,27.35,40.57
2026-07-04 20:20,CH1,157.84,35.75,6.50,12.00,27.47,40.35
2026-07-04 20:20,CH2,189.71,37.37,6.50,12.00,27.80,40.55
2026-07-04 20:25,CH1,163.35,36.87,6.50,12.00,27.23,40.63
2026-07-04 20:25,CH2,187.15,36.78,6.50,12.00,27.17,40.26
2026-07-04 20:30,CH1,159.94,36.02,6.50,12.00,27.61,40.11
2026-07-04 20:30,CH2,181.37,35.69,6.50,12.00,27.24,40.44
2026-07-04 20:35,CH1,159.96,35.96,6.50,12.00,27.05,40.48
2026-07-04 20:35,CH2,180.01,35.27,6.50,12.00,27.69,40.65
2026-07-04 20:40,CH1,158.05,35.57,6.50,12.00,27.29,40.34
2026-07-04 20:40,CH2,174.22,34.08,6.50,12.00,27.53,40.39
2026-07-04 20:45,CH1,156.11,35.18,6.50,12.00,27.48,40.51
2026-07-04 20:45,CH2,173.30,34.00,6.50,12.00,27.84,40.42
2026-07-04 20:50,CH1,148.08,33.15,6.50,12.00,26.95,40.91
2026-07-04 20:50,CH2,170.34,33.26,6.50,12.00,27.28,40.33
2026-07-04 20:55,CH1,152.29,34.23,6.50,12.00,27.65,40.04
2026-07-04 20:55,CH2,175.86,34.47,6.50,12.00,26.89,40.00
2026-07-04 21:00,CH1,152.75,34.12,6.50,12.00,27.55,40.74
2026-07-04 21:00,CH2,168.87,33.04,6.50,12.00,27.40,41.00
2026-07-04 21:05,CH1,147.57,33.12,6.50,12.00,27.02,40.64
2026-07-04 21:05,CH2,169.90,33.08,6.50,12.00,26.98,40.90
2026-07-04 21:10,CH1,145.38,32.39,6.50,12.00,26.97,40.73
2026-07-04 21:10,CH2,167.01,32.51,6.50,12.00,26.88,40.99
2026-07-04 21:15,CH1,140.26,31.38,6.50,12.00,27.57,40.76
2026-07-04 21:15,CH2,163.38,31.87,6.50,12.00,27.08,40.30
2026-07-04 21:20,CH1,139.23,31.12,6.50,12.00,27.58,40.93
2026-07-04 21:20,CH2,161.50,31.39,6.50,12.00,27.16,40.99
2026-07-04 21:25,CH1,137.53,30.61,6.50,12.00,27.45,40.61
2026-07-04 21:25,CH2,161.74,31.37,6.50,12.00,26.79,40.50
2026-07-04 21:30,CH1,142.81,31.82,6.50,12.00,27.58,40.84
2026-07-04 21:30,CH2,163.16,31.74,6.50,12.00,27.62,40.98
2026-07-04 21:35,CH1,135.61,30.28,6.50,12.00,27.15,40.99
2026-07-04 21:35,CH2,160.64,31.16,6.50,12.00,26.96,40.37
2026-07-04 21:40,CH1,133.37,29.72,6.50,12.00,26.67,40.45
2026-07-04 21:40,CH2,152.75,29.64,6.50,12.00,27.22,40.58
2026-07-04 21:45,CH1,137.97,30.64,6.50,12.00,26.63,40.28
2026-07-04 21:45,CH2,158.81,30.72,6.50,12.00,26.61,40.05
2026-07-04 21:50,CH1,129.96,28.75,6.50,12.00,26.88,40.81
2026-07-04 21:50,CH2,151.84,29.35,6.50,12.00,26.88,40.49
2026-07-04 21:55,CH1,133.95,29.71,6.50,12.00,27.19,40.71
2026-07-04 21:55,CH2,156.05,30.14,6.50,12.00,27.12,40.01
2026-07-04 22:00,CH1,126.80,28.18,6.50,12.00,26.92,40.79
2026-07-04 22:00,CH2,148.15,28.63,6.50,12.00,27.41,40.66
2026-07-04 22:05,CH1,133.47,29.55,6.50,12.00,27.23,40.41
2026-07-04 22:05,CH2,145.98,28.23,6.50,12.00,27.26,40.94
2026-07-04 22:10,CH1,126.30,28.01,6.50,12.00,27.14,40.75
2026-07-04 22:10,CH2,146.40,28.35,6.50,12.00,26.53,40.41
2026-07-04 22:15,CH1,125.76,27.85,6.50,12.00,27.37,40.73
2026-07-04 22:15,CH2,147.03,28.42,6.50,12.00,27.40,40.49
2026-07-04 22:20,CH1,124.78,27.55,6.50,12.00,26.79,40.80
2026-07-04 22:20,CH2,147.85,28.65,6.50,12.00,26.51,40.50
2026-07-04 22:25,CH1,122.58,27.19,6.50,12.00,27.19,40.58
2026-07-04 22:25,CH2,142.85,27.57,6.50,12.00,26.80,40.26
2026-07-04 22:30,CH1,125.30,27.57,6.50,12.00,26.54,40.22
2026-07-04 22:30,CH2,145.35,27.99,6.50,12.00,26.52,40.78
2026-07-04 22:35,CH1,125.84,27.74,6.50,12.00,26.71,40.65
2026-07-04 22:35,CH2,146.25,28.12,6.50,12.00,26.60,40.60
2026-07-04 22:40,CH1,125.32,27.72,6.50,12.00,27.16,40.77
2026-07-04 22:40,CH2,146.50,28.30,6.50,12.00,26.78,40.77
2026-07-04 22:45,CH1,126.42,27.87,6.50,12.00,26.71,40.07
2026-07-04 22:45,CH2,139.21,26.85,6.50,12.00,26.43,40.70
2026-07-04 22:50,CH1,123.03,27.07,6.50,12.00,27.03,40.69
2026-07-04 22:50,CH2,139.92,26.92,6.50,12.00,27.19,40.34
2026-07-04 22:55,CH1,124.57,27.51,6.50,12.00,27.22,40.26
2026-07-04 22:55,CH2,143.58,27.57,6.50,12.00,27.16,40.40
2026-07-04 23:00,CH1,119.38,26.30,6.50,12.00,26.65,40.64
2026-07-04 23:00,CH2,136.65,26.37,6.50,12.00,26.88,40.54
2026-07-04 23:05,CH1,117.43,25.85,6.50,12.00,26.94,40.64
2026-07-04 23:05,CH2,133.91,25.79,6.50,12.00,27.06,40.74
2026-07-04 23:10,CH1,123.96,27.36,6.50,12.00,27.10,40.73
2026-07-04 23:10,CH2,140.99,27.04,6.50,12.00,27.03,40.49
2026-07-04 23:15,CH1,118.13,26.04,6.50,12.00,26.93,40.57
2026-07-04 23:15,CH2,136.38,26.24,6.50,12.00,27.35,40.16
2026-07-04 23:20,CH1,120.05,26.48,6.50,12.00,26.78,40.94
2026-07-04 23:20,CH2,137.80,26.53,6.50,12.00,27.34,40.18
2026-07-04 23:25,CH1,120.93,26.64,6.50,12.00,26.81,40.91
2026-07-04 23:25,CH2,137.35,26.46,6.50,12.00,26.35,40.85
2026-07-04 23:30,CH1,122.11,26.80,6.50,12.00,26.52,40.70
2026-07-04 23:30,CH2,135.45,26.12,6.50,12.00,26.72,40.60
2026-07-04 23:35,CH1,116.12,25.48,6.50,12.00,27.08,40.38
2026-07-04 23:35,CH2,139.64,26.76,6.50,12.00,26.98,40.72
2026-07-04 23:40,CH1,114.31,25.16,6.50,12.00,27.07,40.80
2026-07-04 23:40,CH2,134.00,25.79,6.50,12.00,27.14,40.75
2026-07-04 23:45,CH1,119.15,26.28,6.50,12.00,27.26,40.99
2026-07-04 23:45,CH2,136.01,26.12,6.50,12.00,27.18,40.04
2026-07-04 23:50,CH1,115.85,25.47,6.50,12.00,27.24,40.91
2026-07-04 23:50,CH2,139.41,26.81,6.50,12.00,26.73,40.81
2026-07-04 23:55,CH1,121.40,26.62,6.50,12.00,26.32,40.59
2026-07-04 23:55,CH2,138.24,26.53,6.50,12.00,27.01,40.31
2026-07-05 00:00,CH1,120.81,26.63,6.50,12.00,26.73,40.04
2026-07-05 00:00,CH2,136.75,26.35,6.50,12.00,26.48,40.13
2026-07-05 00:05,CH1,112.85,24.84,6.50,12.00,26.87,40.79
2026-07-05 00:05,CH2,133.41,25.72,6.50,12.00,26.52,40.28
2026-07-05 00:10,CH1,116.20,25.53,6.50,12.00,27.22,40.37
2026-07-05 00:10,CH2,133.18,25.57,6.50,12.00,27.23,40.96
2026-07-05 00:15,CH1,117.07,25.65,6.50,12.00,26.40,40.30
2026-07-05 00:15,CH2,139.07,26.76,6.50,12.00,26.63,40.19
2026-07-05 00:20,CH1,114.35,25.07,6.50,12.00,26.95,40.41
2026-07-05 00:20,CH2,136.76,26.22,6.50,12.00,26.76,40.15
2026-07-05 00:25,CH1,117.99,26.01,6.50,12.00,26.66,40.88
2026-07-05 00:25,CH2,133.55,25.76,6.50,12.00,27.29,40.89
2026-07-05 00:30,CH1,118.69,26.08,6.50,12.00,26.71,40.55
2026-07-05 00:30,CH2,132.22,25.49,6.50,12.00,26.94,40.47
2026-07-05 00:35,CH1,118.47,26.05,6.50,12.00,26.49,40.40
2026-07-05 00:35,CH2,133.33,25.70,6.50,12.00,26.77,40.17
2026-07-05 00:40,CH1,119.84,26.44,6.50,12.00,26.77,40.52
2026-07-05 00:40,CH2,135.67,26.04,6.50,12.00,27.23,40.79
2026-07-05 00:45,CH1,121.51,26.83,6.50,12.00,26.66,40.66
2026-07-05 00:45,CH2,139.17,26.72,6.50,12.00,27.19,40.93
2026-07-05 00:50,CH1,119.22,26.20,6.50,12.00,27.16,40.97
2026-07-05 00:50,CH2,137.55,26.51,6.50,12.00,26.94,40.85
2026-07-05 00:55,CH1,123.11,27.20,6.50,12.00,26.58,40.02
2026-07-05 00:55,CH2,135.48,26.00,6.50,12.00,27.12,40.03
2026-07-05 01:00,CH1,122.18,27.02,6.50,12.00,27.02,40.30
2026-07-05 01:00,CH2,136.61,26.21,6.50,12.00,26.92,40.69
2026-07-05 01:05,CH1,125.46,27.63,6.50,12.00,27.32,40.96
2026-07-05 01:05,CH2,141.05,27.15,6.50,12.00,26.54,40.14
2026-07-05 01:10,CH1,125.56,27.72,6.50,12.00,26.80,40.26
2026-07-05 01:10,CH2,143.97,27.80,6.50,12.00,27.25,40.73
2026-07-05 01:15,CH1,126.15,27.83,6.50,12.00,27.21,40.32
2026-07-05 01:15,CH2,138.88,26.77,6.50,12.00,26.63,40.54
2026-07-05 01:20,CH1,123.78,27.27,6.50,12.00,26.45,40.69
2026-07-05 01:20,CH2,145.97,28.07,6.50,12.00,26.89,40.45
2026-07-05 01:25,CH1,126.59,27.85,6.50,12.00,26.78,40.15
2026-07-05 01:25,CH2,145.24,28.03,6.50,12.00,26.54,40.91
2026-07-05 01:30,CH1,121.21,26.84,6.50,12.00,26.70,40.96
2026-07-05 01:30,CH2,140.96,27.22,6.50,12.00,27.09,40.01
2026-07-05 01:35,CH1,125.55,27.78,6.50,12.00,27.39,40.96
2026-07-05 01:35,CH2,141.10,27.15,6.50,12.00,26.59,40.22
2026-07-05 01:40,CH1,128.19,28.40,6.50,12.00,26.58,40.56
2026-07-05 01:40,CH2,144.62,28.00,6.50,12.00,27.09,40.43
2026-07-05 01:45,CH1,126.48,27.95,6.50,12.00,26.74,40.49
2026-07-05 01:45,CH2,150.80,29.18,6.50,12.00,27.47,40.67
2026-07-05 01:50,CH1,127.69,28.27,6.50,12.00,26.81,40.36
2026-07-05 01:50,CH2,145.22,28.07,6.50,12.00,26.88,40.39
2026-07-05 01:55,CH1,127.81,28.40,6.50,12.00,26.64,40.62
2026-07-05 01:55,CH2,153.99,29.89,6.50,12.00,26.57,40.82
2026-07-05 02:00,CH1,135.02,29.97,6.50,12.00,27.02,40.57
2026-07-05 02:00,CH2,152.07,29.39,6.50,12.00,26.75,40.67
2026-07-05 02:05,CH1,129.88,28.76,6.50,12.00,26.85,40.31
2026-07-05 02:05,CH2,153.18,29.62,6.50,12.00,27.22,40.68
2026-07-05 02:10,CH1,136.79,30.28,6.50,12.00,27.08,40.85
2026-07-05 02:10,CH2,152.23,29.55,6.50,12.00,27.36,40.48
2026-07-05 02:15,CH1,138.55,30.78,6.50,12.00,26.74,40.90
2026-07-05 02:15,CH2,154.82,30.09,6.50,12.00,26.86,40.73
2026-07-05 02:20,CH1,138.57,30.88,6.50,12.00,26.77,40.29
2026-07-05 02:20,CH2,157.23,30.53,6.50,12.00,26.72,40.57
2026-07-05 02:25,CH1,134.58,29.88,6.50,12.00,26.74,40.55
2026-07-05 02:25,CH2,158.01,30.76,6.50,12.00,26.79,40.69
2026-07-05 02:30,CH1,143.43,31.88,6.50,12.00,27.10,40.34
2026-07-05 02:30,CH2,156.79,30.39,6.50,12.00,27.29,40.63
2026-07-05 02:35,CH1,143.53,31.94,6.50,12.00,26.90,40.85
2026-07-05 02:35,CH2,158.60,30.88,6.50,12.00,27.53,40.43
2026-07-05 02:40,CH1,138.60,31.02,6.50,12.00,26.90,40.81
2026-07-05 02:40,CH2,161.78,31.56,6.50,12.00,26.84,40.54
2026-07-05 02:45,CH1,142.02,31.76,6.50,12.00,27.19,40.56
2026-07-05 02:45,CH2,167.99,32.69,6.50,12.00,26.95,40.09
2026-07-05 02:50,CH1,145.35,32.41,6.50,12.00,27.08,40.87
2026-07-05 02:50,CH2,169.08,33.07,6.50,12.00,27.49,40.13
2026-07-05 02:55,CH1,150.58,33.63,6.50,12.00,27.48,40.69
2026-07-05 02:55,CH2,170.97,33.45,6.50,12.00,26.82,40.22
2026-07-05 03:00,CH1,144.76,32.50,6.50,12.00,27.23,40.78
2026-07-05 03:00,CH2,165.33,32.23,6.50,12.00,27.42,40.35
2026-07-05 03:05,CH1,145.39,32.65,6.50,12.00,27.24,40.28
2026-07-05 03:05,CH2,168.13,32.91,6.50,12.00,27.69,40.29
2026-07-05 03:10,CH1,152.02,34.02,6.50,12.00,27.03,40.03
2026-07-05 03:10,CH2,170.22,33.37,6.50,12.00,27.05,40.60
2026-07-05 03:15,CH1,156.30,35.05,6.50,12.00,27.38,40.73
2026-07-05 03:15,CH2,172.27,33.69,6.50,12.00,27.86,40.21
2026-07-05 03:20,CH1,155.15,34.97,6.50,12.00,27.17,40.69
2026-07-05 03:20,CH2,174.91,34.28,6.50,12.00,27.09,40.75
2026-07-05 03:25,CH1,159.16,35.91,6.50,12.00,27.46,40.28
2026-07-05 03:25,CH2,175.47,34.38,6.50,12.00,27.64,40.92
2026-07-05 03:30,CH1,157.36,35.36,6.50,12.00,27.24,40.13
2026-07-05 03:30,CH2,182.26,35.77,6.50,12.00,27.44,40.84
2026-07-05 03:35,CH1,157.36,35.53,6.50,12.00,27.91,40.81
2026-07-05 03:35,CH2,184.36,36.19,6.50,12.00,27.71,40.18
2026-07-05 03:40,CH1,165.53,37.31,6.50,12.00,27.51,40.10
2026-07-05 03:40,CH2,184.56,36.41,6.50,12.00,27.19,40.66
2026-07-05 03:45,CH1,162.32,36.60,6.50,12.00,27.45,40.62
2026-07-05 03:45,CH2,185.33,36.43,6.50,12.00,27.51,40.98
2026-07-05 03:50,CH1,167.43,37.88,6.50,12.00,27.82,40.11
2026-07-05 03:50,CH2,187.15,36.93,6.50,12.00,27.78,40.95
2026-07-05 03:55,CH1,168.14,38.13,6.50,12.00,27.89,40.47
2026-07-05 03:55,CH2,193.61,38.19,6.50,12.00,27.39,40.56
2026-07-05 04:00,CH1,170.52,38.77,6.50,12.00,27.38,40.35
2026-07-05 04:00,CH2,196.60,38.76,6.50,12.00,28.14,40.78
2026-07-05 04:05,CH1,171.08,38.94,6.50,12.00,27.87,40.84
2026-07-05 04:05,CH2,196.60,38.98,6.50,12.00,27.34,40.07
2026-07-05 04:10,CH1,168.67,38.46,6.50,12.00,28.00,40.62
2026-07-05 04:10,CH2,202.71,40.22,6.50,12.00,28.04,40.66
2026-07-05 04:15,CH1,178.60,40.78,6.50,12.00,27.91,40.41
2026-07-05 04:15,CH2,202.63,40.16,6.50,12.00,27.76,40.13
2026-07-05 04:20,CH1,177.93,40.68,6.50,12.00,27.60,40.45
2026-07-05 04:20,CH2,205.62,40.86,6.50,12.00,27.30,40.37
2026-07-05 04:25,CH1,180.83,41.21,6.50,12.00,27.75,40.55
2026-07-05 04:25,CH2,203.53,40.50,6.50,12.00,28.17,40.33
2026-07-05 04:30,CH1,183.08,41.81,6.50,12.00,27.40,40.45
2026-07-05 04:30,CH2,208.11,41.30,6.50,12.00,27.36,40.65
2026-07-05 04:35,CH1,181.60,41.62,6.50,12.00,27.69,40.63
2026-07-05 04:35,CH2,213.51,42.43,6.50,12.00,27.60,40.71
2026-07-05 04:40,CH1,184.24,42.18,6.50,12.00,27.81,40.87
2026-07-05 04:40,CH2,216.15,43.04,6.50,12.00,27.53,40.92
2026-07-05 04:45,CH1,189.56,43.63,6.50,12.00,28.05,40.80
2026-07-05 04:45,CH2,211.17,42.19,6.50,12.00,27.51,40.52
2026-07-05 04:50,CH1,191.62,44.14,6.50,12.00,28.00,40.08
2026-07-05 04:50,CH2,218.65,43.76,6.50,12.00,28.38,40.80
2026-07-05 04:55,CH1,187.14,43.04,6.50,12.00,28.16,40.13
2026-07-05 04:55,CH2,221.87,44.44,6.50,12.00,28.17,40.37
2026-07-05 05:00,CH1,190.27,43.94,6.50,12.00,28.42,40.39
2026-07-05 05:00,CH2,223.37,44.76,6.50,12.00,28.02,40.02
2026-07-05 05:05,CH1,194.46,44.89,6.50,12.00,27.75,40.50
2026-07-05 05:05,CH2,225.83,45.21,6.50,12.00,27.79,40.21
2026-07-05 05:10,CH1,195.94,45.34,6.50,12.00,27.86,40.11
2026-07-05 05:10,CH2,229.29,46.13,6.50,12.00,27.74,40.18
2026-07-05 05:15,CH1,202.75,46.96,6.50,12.00,28.16,40.23
2026-07-05 05:15,CH2,229.06,46.05,6.50,12.00,27.90,40.33
2026-07-05 05:20,CH1,202.80,47.03,6.50,12.00,28.08,40.66
2026-07-05 05:20,CH2,231.29,46.61,6.50,12.00,28.23,40.89
2026-07-05 05:25,CH1,199.07,46.19,6.50,12.00,27.87,40.10
2026-07-05 05:25,CH2,236.09,47.57,6.50,12.00,28.66,40.65
2026-07-05 05:30,CH1,201.80,46.86,6.50,12.00,28.62,40.36
2026-07-05 05:30,CH2,234.89,47.36,6.50,12.00,28.39,40.77
2026-07-05 05:35,CH1,208.12,48.41,6.50,12.00,27.83,40.60
2026-07-05 05:35,CH2,235.05,47.47,6.50,12.00,28.14,40.86
2026-07-05 05:40,CH1,212.84,49.63,6.50,12.00,28.39,40.55
2026-07-05 05:40,CH2,237.48,48.12,6.50,12.00,28.72,40.73
2026-07-05 05:45,CH1,210.19,48.96,6.50,12.00,28.73,40.68
2026-07-05 05:45,CH2,239.99,48.60,6.50,12.00,28.54,40.06
2026-07-05 05:50,CH1,217.13,50.88,6.50,12.00,28.86,40.73
2026-07-05 05:50,CH2,251.02,50.85,6.50,12.00,28.79,40.13
2026-07-05 05:55,CH1,213.39,49.91,6.50,12.00,28.78,40.87
2026-07-05 05:55,CH2,247.44,50.19,6.50,12.00,28.07,40.91
2026-07-05 06:00,CH1,215.89,50.72,6.50,12.00,28.08,40.36
2026-07-05 06:00,CH2,252.72,51.28,6.50,12.00,28.36,40.90
2026-07-05 06:05,CH1,217.06,50.85,6.50,12.00,28.50,40.89
2026-07-05 06:05,CH2,255.67,52.03,6.50,12.00,28.61,40.36
2026-07-05 06:10,CH1,224.92,52.78,6.50,12.00,28.11,40.77
2026-07-05 06:10,CH2,259.14,52.83,6.50,12.00,28.79,40.63
2026-07-05 06:15,CH1,224.02,52.80,6.50,12.00,28.69,40.19
2026-07-05 06:15,CH2,253.37,51.78,6.50,12.00,28.68,40.68
2026-07-05 06:20,CH1,227.35,53.62,6.50,12.00,29.00,40.98
2026-07-05 06:20,CH2,259.70,53.04,6.50,12.00,28.33,40.53
2026-07-05 06:25,CH1,226.45,53.49,6.50,12.00,28.89,40.62
2026-07-05 06:25,CH2,263.18,53.77,6.50,12.00,28.23,40.82
2026-07-05 06:30,CH1,225.55,53.35,6.50,12.00,28.47,40.30
2026-07-05 06:30,CH2,263.15,53.96,6.50,12.00,28.59,40.92
2026-07-05 06:35,CH1,227.67,54.03,6.50,12.00,28.32,40.96
2026-07-05 06:35,CH2,270.03,55.39,6.50,12.00,28.57,40.01
2026-07-05 06:40,CH1,233.60,55.33,6.50,12.00,28.73,40.34
2026-07-05 06:40,CH2,267.51,54.94,6.50,12.00,28.84,40.70
2026-07-05 06:45,CH1,232.01,55.04,6.50,12.00,28.91,40.03
2026-07-05 06:45,CH2,275.91,56.78,6.50,12.00,28.38,40.32
2026-07-05 06:50,CH1,239.01,56.95,6.50,12.00,28.46,40.71
2026-07-05 06:50,CH2,273.81,56.39,6.50,12.00,28.77,40.00
2026-07-05 06:55,CH1,237.97,56.67,6.50,12.00,28.57,40.59
2026-07-05 06:55,CH2,280.63,57.83,6.50,12.00,28.84,40.36
2026-07-05 07:00,CH1,238.32,56.94,6.50,12.00,29.29,40.78
2026-07-05 07:00,CH2,282.00,58.18,6.50,12.00,28.84,40.62
2026-07-05 07:05,CH1,244.59,58.32,6.50,12.00,28.89,40.36
2026-07-05 07:05,CH2,283.70,58.61,6.50,12.00,28.75,40.89
2026-07-05 07:10,CH1,246.05,58.81,6.50,12.00,29.28,40.03
2026-07-05 07:10,CH2,281.66,58.31,6.50,12.00,29.03,40.95
2026-07-05 07:15,CH1,243.69,58.47,6.50,12.00,29.13,40.89
2026-07-05 07:15,CH2,280.83,58.23,6.50,12.00,29.37,40.99
2026-07-05 07:20,CH1,251.43,60.38,6.50,12.00,29.47,40.84
2026-07-05 07:20,CH2,287.86,59.59,6.50,12.00,28.71,40.91
2026-07-05 07:25,CH1,248.45,59.70,6.50,12.00,29.44,41.00
2026-07-05 07:25,CH2,290.90,60.40,6.50,12.00,29.54,40.12
2026-07-05 07:30,CH1,254.86,61.21,6.50,12.00,29.63,40.35
2026-07-05 07:30,CH2,295.47,61.48,6.50,12.00,29.26,40.18
2026-07-05 07:35,CH1,255.57,61.55,6.50,12.00,29.42,40.59
2026-07-05 07:35,CH2,296.90,61.71,6.50,12.00,29.22,40.20
2026-07-05 07:40,CH1,255.33,61.61,6.50,12.00,29.64,40.33
2026-07-05 07:40,CH2,295.35,61.52,6.50,12.00,28.74,40.41
2026-07-05 07:45,CH1,261.35,63.05,6.50,12.00,29.69,40.98
2026-07-05 07:45,CH2,300.35,62.62,6.50,12.00,28.94,40.57
2026-07-05 07:50,CH1,256.62,61.98,6.50,12.00,28.85,40.65
2026-07-05 07:50,CH2,300.40,62.63,6.50,12.00,28.95,40.99
2026-07-05 07:55,CH1,260.26,62.93,6.50,12.00,28.88,40.05
2026-07-05 07:55,CH2,299.40,62.51,6.50,12.00,29.19,40.28
2026-07-05 08:00,CH1,265.87,64.51,6.50,12.00,29.15,40.55
2026-07-05 08:00,CH2,305.76,63.96,6.50,12.00,29.06,40.49
2026-07-05 08:05,CH1,262.61,63.75,6.50,12.00,29.27,40.65
2026-07-05 08:05,CH2,304.14,63.77,6.50,12.00,29.21,40.66
2026-07-05 08:10,CH1,262.92,63.82,6.50,12.00,29.85,40.16
2026-07-05 08:10,CH2,305.53,64.04,6.50,12.00,29.47,40.63
2026-07-05 08:15,CH1,269.79,65.56,6.50,12.00,29.06,41.00
2026-07-05 08:15,CH2,308.04,64.74,6.50,12.00,29.57,40.45
2026-07-05 08:20,CH1,268.92,65.40,6.50,12.00,29.10,40.13
2026-07-05 08:20,CH2,311.46,65.47,6.50,12.00,29.59,40.08
2026-07-05 08:25,CH1,273.40,66.68,6.50,12.00,29.19,40.81
2026-07-05 08:25,CH2,317.76,66.82,6.50,12.00,29.00,40.11
2026-07-05 08:30,CH1,270.05,66.01,6.50,12.00,29.46,40.56
2026-07-05 08:30,CH2,319.40,67.15,6.50,12.00,29.26,40.31
2026-07-05 08:35,CH1,276.32,67.45,6.50,12.00,29.95,40.77
2026-07-05 08:35,CH2,320.43,67.51,6.50,12.00,29.64,40.92
2026-07-05 08:40,CH1,272.82,66.67,6.50,12.00,29.63,40.40
2026-07-05 08:40,CH2,320.27,67.52,6.50,12.00,29.70,40.51
2026-07-05 08:45,CH1,273.90,67.04,6.50,12.00,29.90,40.33
2026-07-05 08:45,CH2,317.08,66.91,6.50,12.00,29.42,40.35
2026-07-05 08:50,CH1,278.93,68.38,6.50,12.00,29.72,40.94
2026-07-05 08:50,CH2,324.53,68.69,6.50,12.00,29.61,40.02
2026-07-05 08:55,CH1,281.57,69.15,6.50,12.00,29.21,40.98
2026-07-05 08:55,CH2,324.44,68.66,6.50,12.00,29.65,40.46
2026-07-05 09:00,CH1,280.72,68.97,6.50,12.00,30.07,40.22
2026-07-05 09:00,CH2,327.97,69.41,6.50,12.00,29.66,40.55
2026-07-05 09:05,CH1,279.34,68.66,6.50,12.00,29.25,40.70
2026-07-05 09:05,CH2,326.83,69.27,6.50,12.00,29.89,40.30
2026-07-05 09:10,CH1,280.85,69.25,6.50,12.00,30.11,40.91
2026-07-05 09:10,CH2,328.90,69.74,6.50,12.00,29.59,40.29
2026-07-05 09:15,CH1,279.29,68.98,6.50,12.00,29.43,40.82
2026-07-05 09:15,CH2,327.93,69.56,6.50,12.00,29.40,40.93
2026-07-05 09:20,CH1,286.04,70.59,6.50,12.00,29.50,40.27
2026-07-05 09:20,CH2,335.82,71.29,6.50,12.00,29.41,40.91
2026-07-05 09:25,CH1,287.60,70.94,6.50,12.00,29.81,40.59
2026-07-05 09:25,CH2,334.62,71.23,6.50,12.00,30.30,40.57
2026-07-05 09:30,CH1,286.14,70.79,6.50,12.00,29.97,40.76
2026-07-05 09:30,CH2,331.98,70.66,6.50,12.00,29.89,40.54
2026-07-05 09:35,CH1,285.39,70.73,6.50,12.00,30.22,40.87
2026-07-05 09:35,CH2,332.00,70.71,6.50,12.00,30.29,40.73
2026-07-05 09:40,CH1,293.06,72.50,6.50,12.00,29.89,40.04
2026-07-05 09:40,CH2,331.82,70.80,6.50,12.00,30.01,40.35
2026-07-05 09:45,CH1,287.17,71.29,6.50,12.00,30.04,40.35
2026-07-05 09:45,CH2,340.29,72.67,6.50,12.00,29.67,41.00
2026-07-05 09:50,CH1,289.89,71.84,6.50,12.00,29.87,40.93
2026-07-05 09:50,CH2,340.60,72.63,6.50,12.00,29.96,40.94
2026-07-05 09:55,CH1,290.55,72.27,6.50,12.00,30.27,40.09
2026-07-05 09:55,CH2,338.20,72.33,6.50,12.00,30.41,40.25
2026-07-05 10:00,CH1,292.78,72.83,6.50,12.00,29.70,40.33
2026-07-05 10:00,CH2,341.79,73.06,6.50,12.00,29.62,40.12
2026-07-05 10:05,CH1,297.30,74.03,6.50,12.00,29.79,40.07
2026-07-05 10:05,CH2,344.67,73.75,6.50,12.00,30.05,40.76
2026-07-05 10:10,CH1,298.19,74.12,6.50,12.00,30.49,40.81
2026-07-05 10:10,CH2,341.50,73.04,6.50,12.00,29.72,40.85
2026-07-05 10:15,CH1,297.08,74.01,6.50,12.00,30.45,40.02
2026-07-05 10:15,CH2,342.29,73.35,6.50,12.00,30.48,40.61
2026-07-05 10:20,CH1,292.32,72.85,6.50,12.00,30.25,40.34
2026-07-05 10:20,CH2,343.64,73.67,6.50,12.00,29.96,40.09
2026-07-05 10:25,CH1,298.15,74.33,6.50,12.00,30.47,40.03
2026-07-05 10:25,CH2,345.33,73.96,6.50,12.00,30.38,40.16
2026-07-05 10:30,CH1,301.10,75.24,6.50,12.00,29.71,40.73
2026-07-05 10:30,CH2,343.62,73.67,6.50,12.00,29.98,40.61
2026-07-05 10:35,CH1,295.86,73.90,6.50,12.00,30.48,40.23
2026-07-05 10:35,CH2,343.33,73.69,6.50,12.00,30.07,40.70
2026-07-05 10:40,CH1,302.07,75.50,6.50,12.00,29.61,40.03
2026-07-05 10:40,CH2,344.43,73.86,6.50,12.00,30.52,40.59
2026-07-05 10:45,CH1,296.97,74.12,6.50,12.00,29.87,40.65
2026-07-05 10:45,CH2,352.46,75.78,6.50,12.00,29.85,40.63
2026-07-05 10:50,CH1,304.13,75.98,6.50,12.00,29.76,40.60
2026-07-05 10:50,CH2,349.71,75.23,6.50,12.00,30.28,40.93
2026-07-05 10:55,CH1,301.22,75.23,6.50,12.00,29.89,40.21
2026-07-05 10:55,CH2,347.80,74.71,6.50,12.00,30.41,40.21
2026-07-05 11:00,CH1,302.17,75.57,6.50,12.00,29.95,40.27
2026-07-05 11:00,CH2,355.45,76.33,6.50,12.00,30.43,40.82
2026-07-05 11:05,CH1,301.76,75.55,6.50,12.00,30.35,40.16
2026-07-05 11:05,CH2,351.48,75.56,6.50,12.00,30.08,40.80
2026-07-05 11:10,CH1,298.78,74.73,6.50,12.00,30.22,40.78
2026-07-05 11:10,CH2,355.87,76.57,6.50,12.00,30.55,40.12
2026-07-05 11:15,CH1,305.96,76.67,6.50,12.00,29.98,40.85
2026-07-05 11:15,CH2,349.56,75.26,6.50,12.00,30.28,40.57
2026-07-05 11:20,CH1,303.91,76.08,6.50,12.00,30.23,40.35
2026-07-05 11:20,CH2,348.39,74.92,6.50,12.00,30.00,40.48
2026-07-05 11:25,CH1,306.15,76.79,6.50,12.00,30.09,40.21
2026-07-05 11:25,CH2,352.54,75.94,6.50,12.00,29.79,40.32
2026-07-05 11:30,CH1,299.63,75.10,6.50,12.00,30.06,40.91
2026-07-05 11:30,CH2,350.98,75.61,6.50,12.00,29.74,40.14
2026-07-05 11:35,CH1,304.13,76.23,6.50,12.00,30.33,40.47
2026-07-05 11:35,CH2,351.49,75.71,6.50,12.00,30.52,40.24
2026-07-05 11:40,CH1,304.33,76.41,6.50,12.00,29.73,40.09
2026-07-05 11:40,CH2,352.22,75.78,6.50,12.00,30.39,40.80
2026-07-05 11:45,CH1,303.78,76.09,6.50,12.00,30.30,40.83
2026-07-05 11:45,CH2,354.64,76.44,6.50,12.00,29.71,40.14
2026-07-05 11:50,CH1,305.80,76.70,6.50,12.00,29.75,40.90
2026-07-05 11:50,CH2,350.24,75.39,6.50,12.00,30.28,40.34
2026-07-05 11:55,CH1,299.85,75.29,6.50,12.00,30.55,40.90
2026-07-05 11:55,CH2,354.67,76.37,6.50,12.00,30.59,40.66
2026-07-05 12:00,CH1,305.84,76.63,6.50,12.00,30.22,40.78
2026-07-05 12:00,CH2,355.35,76.52,6.50,12.00,30.52,40.53
2026-07-05 12:05,CH1,303.21,76.17,6.50,12.00,30.04,40.55
2026-07-05 12:05,CH2,356.23,76.86,6.50,12.00,29.87,40.71
2026-07-05 12:10,CH1,301.12,75.55,6.50,12.00,30.62,40.68
2026-07-05 12:10,CH2,351.49,75.79,6.50,12.00,30.38,40.50
2026-07-05 12:15,CH1,301.37,75.49,6.50,12.00,30.34,40.70
2026-07-05 12:15,CH2,353.00,76.14,6.50,12.00,30.64,40.36
2026-07-05 12:20,CH1,306.65,76.82,6.50,12.00,30.48,40.13
2026-07-05 12:20,CH2,350.45,75.51,6.50,12.00,29.82,40.48
2026-07-05 12:25,CH1,303.22,75.95,6.50,12.00,30.26,40.89
2026-07-05 12:25,CH2,351.57,75.76,6.50,12.00,30.62,40.03
2026-07-05 12:30,CH1,302.86,75.98,6.50,12.00,29.74,40.27
2026-07-05 12:30,CH2,351.03,75.51,6.50,12.00,29.82,40.03
2026-07-05 12:35,CH1,299.12,74.92,6.50,12.00,30.60,40.89
2026-07-05 12:35,CH2,351.09,75.52,6.50,12.00,30.09,41.00
2026-07-05 12:40,CH1,300.52,75.41,6.50,12.00,29.69,40.73
2026-07-05 12:40,CH2,353.49,76.10,6.50,12.00,29.67,40.61
2026-07-05 12:45,CH1,300.15,75.06,6.50,12.00,29.70,40.20
2026-07-05 12:45,CH2,347.81,74.84,6.50,12.00,30.20,40.42
2026-07-05 12:50,CH1,299.92,75.01,6.50,12.00,30.07,40.15
2026-07-05 12:50,CH2,353.43,75.99,6.50,12.00,29.72,40.23
2026-07-05 12:55,CH1,300.11,75.09,6.50,12.00,29.66,40.51
2026-07-05 12:55,CH2,353.33,76.08,6.50,12.00,30.62,40.62
2026-07-05 13:00,CH1,300.49,75.28,6.50,12.00,29.72,40.99
2026-07-05 13:00,CH2,346.92,74.67,6.50,12.00,30.42,40.49
2026-07-05 13:05,CH1,302.21,75.54,6.50,12.00,30.26,40.84
2026-07-05 13:05,CH2,350.23,75.30,6.50,12.00,30.36,40.43
2026-07-05 13:10,CH1,297.77,74.42,6.50,12.00,30.44,40.33
2026-07-05 13:10,CH2,352.15,75.59,6.50,12.00,29.99,40.41
2026-07-05 13:15,CH1,295.66,73.97,6.50,12.00,30.38,40.11
2026-07-05 13:15,CH2,350.77,75.28,6.50,12.00,30.20,40.77
2026-07-05 13:20,CH1,298.88,74.68,6.50,12.00,30.36,40.93
2026-07-05 13:20,CH2,346.95,74.38,6.50,12.00,30.09,40.76
2026-07-05 13:25,CH1,298.13,74.38,6.50,12.00,29.98,40.49
2026-07-05 13:25,CH2,343.75,73.77,6.50,12.00,30.23,40.13
2026-07-05 13:30,CH1,298.72,74.44,6.50,12.00,30.15,40.00
2026-07-05 13:30,CH2,348.91,74.74,6.50,12.00,29.70,40.22
2026-07-05 13:35,CH1,295.42,73.62,6.50,12.00,30.39,40.39
2026-07-05 13:35,CH2,346.25,74.31,6.50,12.00,30.35,40.09
2026-07-05 13:40,CH1,293.03,73.01,6.50,12.00,30.52,40.40
2026-07-05 13:40,CH2,347.77,74.46,6.50,12.00,29.53,40.76
2026-07-05 13:45,CH1,294.10,73.29,6.50,12.00,30.32,40.13
2026-07-05 13:45,CH2,344.85,73.85,6.50,12.00,30.13,40.68
2026-07-05 13:50,CH1,295.30,73.49,6.50,12.00,30.19,40.99
2026-07-05 13:50,CH2,338.69,72.49,6.50,12.00,29.60,40.91
2026-07-05 13:55,CH1,296.54,73.76,6.50,12.00,29.96,40.15
2026-07-05 13:55,CH2,342.64,73.19,6.50,12.00,30.11,40.98
2026-07-05 14:00,CH1,289.43,71.83,6.50,12.00,29.51,40.69
2026-07-05 14:00,CH2,338.55,72.33,6.50,12.00,30.37,40.52
2026-07-05 14:05,CH1,292.43,72.70,6.50,12.00,29.91,40.64
2026-07-05 14:05,CH2,336.45,71.95,6.50,12.00,30.39,40.36
2026-07-05 14:10,CH1,291.85,72.32,6.50,12.00,30.11,40.29
2026-07-05 14:10,CH2,336.50,71.93,6.50,12.00,30.40,40.24
2026-07-05 14:15,CH1,287.62,71.42,6.50,12.00,29.68,40.98
2026-07-05 14:15,CH2,341.18,72.74,6.50,12.00,29.42,40.97
2026-07-05 14:20,CH1,289.42,71.64,6.50,12.00,29.83,40.39
2026-07-05 14:20,CH2,336.43,71.69,6.50,12.00,29.38,40.37
2026-07-05 14:25,CH1,288.65,71.53,6.50,12.00,29.59,40.38
2026-07-05 14:25,CH2,332.13,70.80,6.50,12.00,29.52,40.41
2026-07-05 14:30,CH1,285.92,70.75,6.50,12.00,30.29,40.64
2026-07-05 14:30,CH2,332.69,70.73,6.50,12.00,29.41,40.95
2026-07-05 14:35,CH1,288.37,71.33,6.50,12.00,30.05,40.62
2026-07-05 14:35,CH2,329.81,70.18,6.50,12.00,30.14,40.72
2026-07-05 14:40,CH1,282.40,69.67,6.50,12.00,30.16,40.98
2026-07-05 14:40,CH2,329.46,70.02,6.50,12.00,30.27,40.81
2026-07-05 14:45,CH1,284.41,70.09,6.50,12.00,29.75,40.90
2026-07-05 14:45,CH2,327.95,69.66,6.50,12.00,29.95,40.71
2026-07-05 14:50,CH1,281.01,69.13,6.50,12.00,29.91,40.40
2026-07-05 14:50,CH2,325.69,69.05,6.50,12.00,29.27,40.92
2026-07-05 14:55,CH1,279.15,68.76,6.50,12.00,29.44,40.66
2026-07-05 14:55,CH2,323.84,68.53,6.50,12.00,29.56,40.64
2026-07-05 15:00,CH1,277.48,68.17,6.50,12.00,29.74,40.89
2026-07-05 15:00,CH2,325.86,69.02,6.50,12.00,30.13,40.64
2026-07-05 15:05,CH1,281.75,69.20,6.50,12.00,29.42,40.45
2026-07-05 15:05,CH2,325.35,68.77,6.50,12.00,29.95,40.00
2026-07-05 15:10,CH1,275.94,67.67,6.50,12.00,29.18,40.84
2026-07-05 15:10,CH2,326.09,68.89,6.50,12.00,29.45,40.99
2026-07-05 15:15,CH1,279.69,68.41,6.50,12.00,30.10,40.52
2026-07-05 15:15,CH2,325.27,68.61,6.50,12.00,29.16,40.67
2026-07-05 15:20,CH1,272.31,66.70,6.50,12.00,29.35,40.11
2026-07-05 15:20,CH2,314.42,66.29,6.50,12.00,30.05,40.50
2026-07-05 15:25,CH1,275.41,67.26,6.50,12.00,29.69,40.44
2026-07-05 15:25,CH2,321.71,67.77,6.50,12.00,29.51,40.10
2026-07-05 15:30,CH1,267.99,65.53,6.50,12.00,29.65,40.98
2026-07-05 15:30,CH2,317.26,66.71,6.50,12.00,29.17,40.42
2026-07-05 15:35,CH1,269.80,65.76,6.50,12.00,29.36,40.99
2026-07-05 15:35,CH2,316.90,66.71,6.50,12.00,29.22,40.79
2026-07-05 15:40,CH1,266.83,65.04,6.50,12.00,29.32,40.95
2026-07-05 15:40,CH2,313.44,65.86,6.50,12.00,29.08,40.50
2026-07-05 15:45,CH1,269.00,65.51,6.50,12.00,29.02,40.46
2026-07-05 15:45,CH2,307.05,64.52,6.50,12.00,29.03,40.40
2026-07-05 15:50,CH1,267.20,64.99,6.50,12.00,29.36,41.00
2026-07-05 15:50,CH2,305.77,64.09,6.50,12.00,29.08,40.44
2026-07-05 15:55,CH1,261.17,63.43,6.50,12.00,29.05,40.86
2026-07-05 15:55,CH2,305.52,63.95,6.50,12.00,29.46,40.98
2026-07-05 16:00,CH1,265.97,64.41,6.50,12.00,29.35,40.94
2026-07-05 16:00,CH2,299.67,62.72,6.50,12.00,29.29,40.43
2026-07-05 16:05,CH1,264.60,64.05,6.50,12.00,29.30,40.73
2026-07-05 16:05,CH2,302.45,63.24,6.50,12.00,29.65,40.70
2026-07-05 16:10,CH1,260.16,62.84,6.50,12.00,29.00,40.83
2026-07-05 16:10,CH2,298.92,62.35,6.50,12.00,29.42,40.47
2026-07-05 16:15,CH1,259.18,62.67,6.50,12.00,29.14,40.76
2026-07-05 16:15,CH2,302.15,63.04,6.50,12.00,29.72,40.62
2026-07-05 16:20,CH1,254.64,61.29,6.50,12.00,29.47,40.28
2026-07-05 16:20,CH2,294.68,61.35,6.50,12.00,29.62,40.43
2026-07-05 16:25,CH1,251.61,60.55,6.50,12.00,28.83,40.11
2026-07-05 16:25,CH2,290.99,60.60,6.50,12.00,28.94,40.92
2026-07-05 16:30,CH1,252.87,60.92,6.50,12.00,29.22,40.59
2026-07-05 16:30,CH2,293.25,60.89,6.50,12.00,28.84,40.26
2026-07-05 16:35,CH1,247.13,59.34,6.50,12.00,28.74,40.54
2026-07-05 16:35,CH2,290.13,60.31,6.50,12.00,28.93,40.25
2026-07-05 16:40,CH1,246.47,59.03,6.50,12.00,29.42,40.71
2026-07-05 16:40,CH2,284.56,59.03,6.50,12.00,29.28,40.87
2026-07-05 16:45,CH1,248.43,59.52,6.50,12.00,29.51,40.35
2026-07-05 16:45,CH2,280.68,58.21,6.50,12.00,29.04,40.11
2026-07-05 16:50,CH1,246.77,59.04,6.50,12.00,28.99,40.79
2026-07-05 16:50,CH2,284.01,58.76,6.50,12.00,28.62,40.85
2026-07-05 16:55,CH1,246.16,58.73,6.50,12.00,29.25,40.37
2026-07-05 16:55,CH2,283.19,58.55,6.50,12.00,29.03,40.79
2026-07-05 17:00,CH1,236.78,56.54,6.50,12.00,29.11,40.85
2026-07-05 17:00,CH2,282.42,58.24,6.50,12.00,29.26,40.48
2026-07-05 17:05,CH1,242.06,57.72,6.50,12.00,28.57,40.44
2026-07-05 17:05,CH2,274.47,56.54,6.50,12.00,29.11,40.94
2026-07-05 17:10,CH1,240.45,57.27,6.50,12.00,28.80,40.71
2026-07-05 17:10,CH2,272.23,56.05,6.50,12.00,29.18,40.44
2026-07-05 17:15,CH1,237.15,56.26,6.50,12.00,28.90,40.66
2026-07-05 17:15,CH2,271.72,55.91,6.50,12.00,28.53,40.47
2026-07-05 17:20,CH1,237.46,56.21,6.50,12.00,29.08,40.53
2026-07-05 17:20,CH2,271.37,55.70,6.50,12.00,28.86,40.95
2026-07-05 17:25,CH1,234.72,55.49,6.50,12.00,28.78,40.60
2026-07-05 17:25,CH2,268.61,55.14,6.50,12.00,28.64,40.49
2026-07-05 17:30,CH1,232.45,54.94,6.50,12.00,28.34,40.59
2026-07-05 17:30,CH2,266.12,54.54,6.50,12.00,28.48,40.86
2026-07-05 17:35,CH1,224.57,53.15,6.50,12.00,28.49,40.40
2026-07-05 17:35,CH2,267.59,54.70,6.50,12.00,28.63,40.03
2026-07-05 17:40,CH1,222.94,52.51,6.50,12.00,29.13,40.12
2026-07-05 17:40,CH2,263.23,53.68,6.50,12.00,28.70,40.85
2026-07-05 17:45,CH1,221.02,52.05,6.50,12.00,28.53,40.48
2026-07-05 17:45,CH2,255.29,52.17,6.50,12.00,28.46,40.46
2026-07-05 17:50,CH1,218.56,51.30,6.50,12.00,28.46,40.92
2026-07-05 17:50,CH2,259.07,52.80,6.50,12.00,28.51,40.47
2026-07-05 17:55,CH1,222.64,52.37,6.50,12.00,28.35,40.90
2026-07-05 17:55,CH2,251.41,51.22,6.50,12.00,28.45,40.42
2026-07-05 18:00,CH1,220.28,51.61,6.50,12.00,28.96,40.71
2026-07-05 18:00,CH2,247.17,50.31,6.50,12.00,28.94,40.74
2026-07-05 18:05,CH1,211.66,49.55,6.50,12.00,28.48,40.97
2026-07-05 18:05,CH2,249.72,50.67,6.50,12.00,28.15,40.91
2026-07-05 18:10,CH1,214.39,50.02,6.50,12.00,28.88,40.23
2026-07-05 18:10,CH2,244.92,49.60,6.50,12.00,28.13,40.62
2026-07-05 18:15,CH1,211.79,49.49,6.50,12.00,28.89,40.11
2026-07-05 18:15,CH2,247.03,50.06,6.50,12.00,28.22,40.19
2026-07-05 18:20,CH1,211.29,49.33,6.50,12.00,27.98,40.29
2026-07-05 18:20,CH2,240.16,48.56,6.50,12.00,28.68,40.56
2026-07-05 18:25,CH1,209.24,48.79,6.50,12.00,27.85,40.48
2026-07-05 18:25,CH2,242.14,48.87,6.50,12.00,28.17,40.65
2026-07-05 18:30,CH1,207.86,48.41,6.50,12.00,27.91,40.96
2026-07-05 18:30,CH2,239.40,48.29,6.50,12.00,28.36,41.00
2026-07-05 18:35,CH1,204.66,47.51,6.50,12.00,28.65,40.90
2026-07-05 18:35,CH2,230.07,46.31,6.50,12.00,27.95,40.29
2026-07-05 18:40,CH1,205.46,47.55,6.50,12.00,28.01,40.20
2026-07-05 18:40,CH2,236.97,47.62,6.50,12.00,28.03,40.38
2026-07-05 18:45,CH1,199.30,46.16,6.50,12.00,28.21,40.72
2026-07-05 18:45,CH2,232.36,46.74,6.50,12.00,28.47,40.28
2026-07-05 18:50,CH1,196.08,45.44,6.50,12.00,27.89,40.92
2026-07-05 18:50,CH2,231.07,46.36,6.50,12.00,27.87,40.73
2026-07-05 18:55,CH1,193.11,44.50,6.50,12.00,27.86,40.54
2026-07-05 18:55,CH2,222.17,44.56,6.50,12.00,27.92,40.56
2026-07-05 19:00,CH1,190.89,44.06,6.50,12.00,28.56,40.77
2026-07-05 19:00,CH2,225.57,45.20,6.50,12.00,27.93,40.67
2026-07-05 19:05,CH1,192.52,44.38,6.50,12.00,28.17,40.47
2026-07-05 19:05,CH2,216.13,43.30,6.50,12.00,28.21,40.48
2026-07-05 19:10,CH1,191.03,43.92,6.50,12.00,27.86,40.44
2026-07-05 19:10,CH2,222.38,44.39,6.50,12.00,27.80,40.62
2026-07-05 19:15,CH1,184.29,42.22,6.50,12.00,27.72,40.97
2026-07-05 19:15,CH2,215.44,42.94,6.50,12.00,28.26,40.28
2026-07-05 19:20,CH1,183.29,42.13,6.50,12.00,27.83,40.12
2026-07-05 19:20,CH2,212.80,42.42,6.50,12.00,28.19,40.20
2026-07-05 19:25,CH1,186.73,42.74,6.50,12.00,28.31,40.64
2026-07-05 19:25,CH2,207.07,41.16,6.50,12.00,27.93,40.59
2026-07-05 19:30,CH1,179.55,41.08,6.50,12.00,27.87,40.06
2026-07-05 19:30,CH2,202.81,40.36,6.50,12.00,27.61,40.05
2026-07-05 19:35,CH1,176.72,40.30,6.50,12.00,27.50,40.43
2026-07-05 19:35,CH2,210.11,41.83,6.50,12.00,27.86,40.80
2026-07-05 19:40,CH1,180.36,41.19,6.50,12.00,27.74,40.30
2026-07-05 19:40,CH2,199.28,39.56,6.50,12.00,27.90,40.06
2026-07-05 19:45,CH1,171.90,39.22,6.50,12.00,27.57,40.51
2026-07-05 19:45,CH2,195.86,38.89,6.50,12.00,27.46,40.35
2026-07-05 19:50,CH1,171.69,39.13,6.50,12.00,27.77,40.91
2026-07-05 19:50,CH2,194.53,38.45,6.50,12.00,27.26,40.41
2026-07-05 19:55,CH1,174.54,39.71,6.50,12.00,27.91,40.82
2026-07-05 19:55,CH2,195.33,38.70,6.50,12.00,28.00,40.56
2026-07-05 20:00,CH1,167.58,38.09,6.50,12.00,27.37,40.43
2026-07-05 20:00,CH2,195.22,38.62,6.50,12.00,28.12,40.13
2026-07-05 20:05,CH1,167.14,37.86,6.50,12.00,28.03,40.89
2026-07-05 20:05,CH2,197.18,38.88,6.50,12.00,27.49,40.33
2026-07-05 20:10,CH1,164.49,37.16,6.50,12.00,27.86,40.01
2026-07-05 20:10,CH2,189.93,37.54,6.50,12.00,28.04,40.07
2026-07-05 20:15,CH1,161.79,36.68,6.50,12.00,27.09,40.80
2026-07-05 20:15,CH2,183.15,36.02,6.50,12.00,27.95,40.15
2026-07-05 20:20,CH1,161.23,36.40,6.50,12.00,27.59,40.50
2026-07-05 20:20,CH2,190.09,37.36,6.50,12.00,27.30,40.05
2026-07-05 20:25,CH1,159.63,35.95,6.50,12.00,27.88,40.70
2026-07-05 20:25,CH2,181.11,35.69,6.50,12.00,27.07,40.26
2026-07-05 20:30,CH1,162.36,36.60,6.50,12.00,27.01,40.27
2026-07-05 20:30,CH2,176.68,34.66,6.50,12.00,27.51,40.60
2026-07-05 20:35,CH1,157.37,35.41,6.50,12.00,27.54,40.38
2026-07-05 20:35,CH2,181.37,35.67,6.50,12.00,27.32,40.72
2026-07-05 20:40,CH1,158.45,35.57,6.50,12.00,26.92,40.24
2026-07-05 20:40,CH2,181.83,35.57,6.50,12.00,27.14,40.81
2026-07-05 20:45,CH1,149.63,33.64,6.50,12.00,27.45,40.83
2026-07-05 20:45,CH2,170.47,33.47,6.50,12.00,27.41,40.50
2026-07-05 20:50,CH1,154.31,34.67,6.50,12.00,27.14,40.93
2026-07-05 20:50,CH2,170.91,33.53,6.50,12.00,27.79,40.29
2026-07-05 20:55,CH1,150.51,33.68,6.50,12.00,26.91,40.03
2026-07-05 20:55,CH2,174.36,34.07,6.50,12.00,27.41,40.64
2026-07-05 21:00,CH1,145.53,32.63,6.50,12.00,26.98,40.10
2026-07-05 21:00,CH2,167.94,32.87,6.50,12.00,27.27,40.12
2026-07-05 21:05,CH1,146.15,32.75,6.50,12.00,27.29,40.07
2026-07-05 21:05,CH2,163.94,32.09,6.50,12.00,26.95,40.42
2026-07-05 21:10,CH1,143.27,31.95,6.50,12.00,27.75,40.44
2026-07-05 21:10,CH2,161.97,31.54,6.50,12.00,27.41,40.53
2026-07-05 21:15,CH1,145.00,32.47,6.50,12.00,27.53,40.13
2026-07-05 21:15,CH2,163.46,31.84,6.50,12.00,27.41,40.85
2026-07-05 21:20,CH1,143.67,32.00,6.50,12.00,27.64,40.33
2026-07-05 21:20,CH2,168.05,32.65,6.50,12.00,27.65,40.49
2026-07-05 21:25,CH1,144.44,32.24,6.50,12.00,27.18,40.42
2026-07-05 21:25,CH2,156.65,30.49,6.50,12.00,27.37,40.20
2026-07-05 21:30,CH1,139.13,31.04,6.50,12.00,27.15,40.22
2026-07-05 21:30,CH2,154.86,30.10,6.50,12.00,26.82,40.08
2026-07-05 21:35,CH1,141.70,31.50,6.50,12.00,27.32,40.86
2026-07-05 21:35,CH2,154.08,29.85,6.50,12.00,27.53,41.00
2026-07-05 21:40,CH1,138.51,30.87,6.50,12.00,26.97,40.60
2026-07-05 21:40,CH2,155.96,30.30,6.50,12.00,26.78,40.32
2026-07-05 21:45,CH1,136.05,30.28,6.50,12.00,27.59,40.46
2026-07-05 21:45,CH2,153.42,29.84,6.50,12.00,27.12,40.79
2026-07-05 21:50,CH1,137.61,30.54,6.50,12.00,27.21,40.54
2026-07-05 21:50,CH2,157.66,30.60,6.50,12.00,26.92,40.25
2026-07-05 21:55,CH1,134.71,29.83,6.50,12.00,26.96,40.73
2026-07-05 21:55,CH2,151.64,29.31,6.50,12.00,27.19,40.21
2026-07-05 22:00,CH1,133.34,29.64,6.50,12.00,27.29,40.65
2026-07-05 22:00,CH2,156.13,30.17,6.50,12.00,27.50,40.32
2026-07-05 22:05,CH1,127.17,28.07,6.50,12.00,27.42,40.41
2026-07-05 22:05,CH2,150.42,29.20,6.50,12.00,27.19,40.21
2026-07-05 22:10,CH1,128.50,28.35,6.50,12.00,27.50,40.01
2026-07-05 22:10,CH2,145.14,28.09,6.50,12.00,27.50,40.94
2026-07-05 22:15,CH1,126.58,28.00,6.50,12.00,27.28,40.33
2026-07-05 22:15,CH2,150.35,28.99,6.50,12.00,26.84,40.64
2026-07-05 22:20,CH1,131.48,29.14,6.50,12.00,27.25,40.88
2026-07-05 22:20,CH2,150.60,29.00,6.50,12.00,27.28,40.49
2026-07-05 22:25,CH1,124.82,27.55,6.50,12.00,27.32,40.14
2026-07-05 22:25,CH2,149.80,28.89,6.50,12.00,26.79,40.73
2026-07-05 22:30,CH1,124.60,27.50,6.50,12.00,27.38,40.82
2026-07-05 22:30,CH2,143.14,27.56,6.50,12.00,26.54,40.32
2026-07-05 22:35,CH1,123.31,27.22,6.50,12.00,27.14,40.91
2026-07-05 22:35,CH2,139.10,26.84,6.50,12.00,27.06,40.48
2026-07-05 22:40,CH1,120.42,26.49,6.50,12.00,26.72,40.83
2026-07-05 22:40,CH2,139.08,26.85,6.50,12.00,27.06,40.74
2026-07-05 22:45,CH1,125.26,27.55,6.50,12.00,27.30,40.65
2026-07-05 22:45,CH2,137.30,26.47,6.50,12.00,26.43,40.53
2026-07-05 22:50,CH1,119.48,26.29,6.50,12.00,26.78,40.85
2026-07-05 22:50,CH2,136.90,26.32,6.50,12.00,26.87,40.25
2026-07-05 22:55,CH1,124.23,27.39,6.50,12.00,26.72,40.05
2026-07-05 22:55,CH2,142.57,27.43,6.50,12.00,26.96,40.77
2026-07-05 23:00,CH1,124.33,27.31,6.50,12.00,27.30,40.57
2026-07-05 23:00,CH2,137.89,26.55,6.50,12.00,27.18,40.55
2026-07-05 23:05,CH1,121.58,26.67,6.50,12.00,27.19,41.00
2026-07-05 23:05,CH2,141.80,27.39,6.50,12.00,26.41,40.04
2026-07-05 23:10,CH1,123.70,27.34,6.50,12.00,26.41,40.15
2026-07-05 23:10,CH2,139.42,26.75,6.50,12.00,27.12,40.65
2026-07-05 23:15,CH1,117.49,25.94,6.50,12.00,26.37,40.18
2026-07-05 23:15,CH2,133.06,25.68,6.50,12.00,26.39,40.35
2026-07-05 23:20,CH1,116.59,25.55,6.50,12.00,27.22,40.03
2026-07-05 23:20,CH2,140.87,27.12,6.50,12.00,26.68,40.94
2026-07-05 23:25,CH1,121.48,26.69,6.50,12.00,26.75,40.28
2026-07-05 23:25,CH2,132.33,25.50,6.50,12.00,27.29,40.20
2026-07-05 23:30,CH1,115.72,25.35,6.50,12.00,27.05,40.04
2026-07-05 23:30,CH2,135.91,26.19,6.50,12.00,27.22,40.48
2026-07-05 23:35,CH1,119.64,26.39,6.50,12.00,26.73,40.03
2026-07-05 23:35,CH2,135.00,25.86,6.50,12.00,27.09,40.38
2026-07-05 23:40,CH1,120.18,26.36,6.50,12.00,26.47,40.16
2026-07-05 23:40,CH2,130.08,25.03,6.50,12.00,27.12,40.92
2026-07-05 23:45,CH1,121.16,26.57,6.50,12.00,26.76,40.01
2026-07-05 23:45,CH2,136.24,26.18,6.50,12.00,26.82,40.11
2026-07-05 23:50,CH1,121.81,26.71,6.50,12.00,26.67,40.74
2026-07-05 23:50,CH2,137.75,26.55,6.50,12.00,26.73,40.82
2026-07-05 23:55,CH1,118.11,25.96,6.50,12.00,26.65,40.97
2026-07-05 23:55,CH2,132.84,25.46,6.50,12.00,26.82,40.44
2026-07-06 00:00,CH1,117.21,25.83,6.50,12.00,27.22,40.84
2026-07-06 00:00,CH2,128.87,24.83,6.50,12.00,27.05,40.99
2026-07-06 00:05,CH1,115.70,25.46,6.50,12.00,27.26,40.47
2026-07-06 00:05,CH2,139.74,26.78,6.50,12.00,26.59,40.36
2026-07-06 00:10,CH1,117.36,25.84,6.50,12.00,26.70,40.37
2026-07-06 00:10,CH2,134.27,25.78,6.50,12.00,26.99,40.34
2026-07-06 00:15,CH1,121.55,26.79,6.50,12.00,26.98,40.97
2026-07-06 00:15,CH2,139.50,26.75,6.50,12.00,27.19,40.61
2026-07-06 00:20,CH1,120.32,26.35,6.50,12.00,26.49,40.50
2026-07-06 00:20,CH2,135.42,25.97,6.50,12.00,26.64,40.20
2026-07-06 00:25,CH1,118.74,26.09,6.50,12.00,26.85,40.67
2026-07-06 00:25,CH2,139.72,26.92,6.50,12.00,27.29,40.91
2026-07-06 00:30,CH1,122.11,26.95,6.50,12.00,27.23,40.22
2026-07-06 00:30,CH2,139.67,26.80,6.50,12.00,26.93,40.29
2026-07-06 00:35,CH1,116.10,25.47,6.50,12.00,26.46,40.14
2026-07-06 00:35,CH2,138.85,26.70,6.50,12.00,26.57,40.34
2026-07-06 00:40,CH1,114.86,25.19,6.50,12.00,27.26,40.14
2026-07-06 00:40,CH2,135.82,26.17,6.50,12.00,26.94,40.37
2026-07-06 00:45,CH1,116.95,25.68,6.50,12.00,26.89,40.04
2026-07-06 00:45,CH2,137.22,26.39,6.50,12.00,26.63,40.88
2026-07-06 00:50,CH1,122.47,26.87,6.50,12.00,27.12,40.31
2026-07-06 00:50,CH2,137.96,26.53,6.50,12.00,26.98,40.70
2026-07-06 00:55,CH1,117.44,25.82,6.50,12.00,26.99,40.15
2026-07-06 00:55,CH2,140.91,27.15,6.50,12.00,26.78,40.09
2026-07-06 01:00,CH1,121.84,26.94,6.50,12.00,27.19,40.72
2026-07-06 01:00,CH2,140.12,26.94,6.50,12.00,26.87,40.97
2026-07-06 01:05,CH1,120.98,26.64,6.50,12.00,26.87,40.98
2026-07-06 01:05,CH2,144.05,27.68,6.50,12.00,27.09,40.70
2026-07-06 01:10,CH1,119.03,26.32,6.50,12.00,27.07,40.49
2026-07-06 01:10,CH2,144.51,27.82,6.50,12.00,26.67,40.93
2026-07-06 01:15,CH1,120.35,26.51,6.50,12.00,26.70,40.05
2026-07-06 01:15,CH2,139.51,26.97,6.50,12.00,26.89,40.43
2026-07-06 01:20,CH1,123.31,27.28,6.50,12.00,26.74,40.77
2026-07-06 01:20,CH2,143.82,27.73,6.50,12.00,26.75,40.28
2026-07-06 01:25,CH1,126.64,27.85,6.50,12.00,26.94,40.56
2026-07-06 01:25,CH2,140.10,27.08,6.50,12.00,27.16,40.82
2026-07-06 01:30,CH1,127.92,28.21,6.50,12.00,26.45,40.68
2026-07-06 01:30,CH2,143.26,27.72,6.50,12.00,26.89,40.65
2026-07-06 01:35,CH1,128.90,28.41,6.50,12.00,26.85,40.84
2026-07-06 01:35,CH2,149.66,28.82,6.50,12.00,26.67,40.35
2026-07-06 01:40,CH1,130.23,28.78,6.50,12.00,27.00,40.37
2026-07-06 01:40,CH2,143.45,27.77,6.50,12.00,27.09,40.39
2026-07-06 01:45,CH1,130.40,28.94,6.50,12.00,26.90,40.68
2026-07-06 01:45,CH2,142.90,27.57,6.50,12.00,26.91,40.09
2026-07-06 01:50,CH1,133.28,29.52,6.50,12.00,26.62,40.59
2026-07-06 01:50,CH2,143.34,27.69,6.50,12.00,26.58,40.87
2026-07-06 01:55,CH1,135.25,29.90,6.50,12.00,26.95,40.56
2026-07-06 01:55,CH2,146.29,28.21,6.50,12.00,26.57,40.85
2026-07-06 02:00,CH1,133.27,29.50,6.50,12.00,26.59,40.05
2026-07-06 02:00,CH2,146.02,28.36,6.50,12.00,27.29,40.91
2026-07-06 02:05,CH1,128.71,28.62,6.50,12.00,26.60,40.97
2026-07-06 02:05,CH2,153.37,29.78,6.50,12.00,27.44,40.65
2026-07-06 02:10,CH1,136.26,30.35,6.50,12.00,26.67,40.43
2026-07-06 02:10,CH2,150.00,29.10,6.50,12.00,26.77,40.04
2026-07-06 02:15,CH1,134.99,29.97,6.50,12.00,27.18,40.55
2026-07-06 02:15,CH2,154.34,30.01,6.50,12.00,27.59,40.04
2026-07-06 02:20,CH1,136.09,30.37,6.50,12.00,27.25,40.27
2026-07-06 02:20,CH2,152.21,29.59,6.50,12.00,26.64,40.92
2026-07-06 02:25,CH1,134.82,30.01,6.50,12.00,26.85,40.26
2026-07-06 02:25,CH2,152.91,29.77,6.50,12.00,27.58,40.74
2026-07-06 02:30,CH1,142.41,31.66,6.50,12.00,27.63,40.06
2026-07-06 02:30,CH2,157.82,30.61,6.50,12.00,26.99,40.12
2026-07-06 02:35,CH1,137.00,30.43,6.50,12.00,27.15,40.87
2026-07-06 02:35,CH2,161.52,31.46,6.50,12.00,27.37,40.15
2026-07-06 02:40,CH1,139.04,31.13,6.50,12.00,26.92,40.42
2026-07-06 02:40,CH2,165.67,32.20,6.50,12.00,27.33,40.39
2026-07-06 02:45,CH1,144.48,32.19,6.50,12.00,27.15,40.60
2026-07-06 02:45,CH2,162.09,31.54,6.50,12.00,26.94,40.51
2026-07-06 02:50,CH1,147.66,33.00,6.50,12.00,26.83,40.22
2026-07-06 02:50,CH2,163.75,31.86,6.50,12.00,27.54,40.23
2026-07-06 02:55,CH1,150.74,33.73,6.50,12.00,27.15,40.05
2026-07-06 02:55,CH2,166.20,32.50,6.50,12.00,27.05,40.92
2026-07-06 03:00,CH1,150.13,33.72,6.50,12.00,26.98,40.83
2026-07-06 03:00,CH2,167.55,32.67,6.50,12.00,26.87,40.06
2026-07-06 03:05,CH1,149.53,33.60,6.50,12.00,26.92,40.77
2026-07-06 03:05,CH2,173.23,33.83,6.50,12.00,27.01,40.56
2026-07-06 03:10,CH1,151.26,33.84,6.50,12.00,27.31,40.09
2026-07-06 03:10,CH2,176.52,34.50,6.50,12.00,27.39,40.49
2026-07-06 03:15,CH1,148.93,33.39,6.50,12.00,27.28,40.76
2026-07-06 03:15,CH2,171.25,33.56,6.50,12.00,27.66,40.06
2026-07-06 03:20,CH1,152.10,34.11,6.50,12.00,27.18,40.53
2026-07-06 03:20,CH2,179.52,35.29,6.50,12.00,26.97,40.22
2026-07-06 03:25,CH1,159.20,35.75,6.50,12.00,27.55,40.85
2026-07-06 03:25,CH2,174.41,34.26,6.50,12.00,27.03,40.66
2026-07-06 03:30,CH1,161.28,36.46,6.50,12.00,27.53,40.30
2026-07-06 03:30,CH2,178.76,35.13,6.50,12.00,27.76,40.04
2026-07-06 03:35,CH1,157.03,35.37,6.50,12.00,27.05,40.18
2026-07-06 03:35,CH2,184.81,36.40,6.50,12.00,27.55,40.41
2026-07-06 03:40,CH1,164.44,37.19,6.50,12.00,27.06,40.39
2026-07-06 03:40,CH2,181.90,35.75,6.50,12.00,27.51,40.67
2026-07-06 03:45,CH1,160.98,36.32,6.50,12.00,27.95,40.92
2026-07-06 03:45,CH2,187.49,36.89,6.50,12.00,27.63,40.14
2026-07-06 03:50,CH1,166.61,37.83,6.50,12.00,27.25,40.45
2026-07-06 03:50,CH2,186.65,36.77,6.50,12.00,28.02,40.84
2026-07-06 03:55,CH1,168.78,38.37,6.50,12.00,28.06,40.58
2026-07-06 03:55,CH2,189.30,37.34,6.50,12.00,27.27,40.44
2026-07-06 04:00,CH1,171.19,38.84,6.50,12.00,27.95,40.73
2026-07-06 04:00,CH2,197.75,39.14,6.50,12.00,27.37,40.36
2026-07-06 04:05,CH1,167.57,38.07,6.50,12.00,27.93,40.03
2026-07-06 04:05,CH2,201.00,39.70,6.50,12.00,28.03,40.40
2026-07-06 04:10,CH1,170.40,38.78,6.50,12.00,27.86,40.21
2026-07-06 04:10,CH2,198.63,39.30,6.50,12.00,27.66,40.56
2026-07-06 04:15,CH1,175.78,40.15,6.50,12.00,27.72,40.09
2026-07-06 04:15,CH2,198.80,39.47,6.50,12.00,27.46,40.81
2026-07-06 04:20,CH1,178.75,40.87,6.50,12.00,27.44,40.42
2026-07-06 04:20,CH2,205.21,40.67,6.50,12.00,27.73,40.19
2026-07-06 04:25,CH1,179.45,40.99,6.50,12.00,28.21,40.42
2026-07-06 04:25,CH2,206.41,40.92,6.50,12.00,28.18,40.14
2026-07-06 04:30,CH1,180.24,41.26,6.50,12.00,27.72,40.08
2026-07-06 04:30,CH2,205.99,40.97,6.50,12.00,27.48,40.63
2026-07-06 04:35,CH1,184.74,42.34,6.50,12.00,27.46,40.82
2026-07-06 04:35,CH2,206.67,41.17,6.50,12.00,28.14,40.51
2026-07-06 04:40,CH1,185.84,42.69,6.50,12.00,27.75,40.21
2026-07-06 04:40,CH2,216.54,43.21,6.50,12.00,27.67,40.74
2026-07-06 04:45,CH1,184.87,42.36,6.50,12.00,27.82,40.19
2026-07-06 04:45,CH2,212.56,42.35,6.50,12.00,28.32,40.59
2026-07-06 04:50,CH1,192.50,44.30,6.50,12.00,28.40,40.62
2026-07-06 04:50,CH2,222.25,44.42,6.50,12.00,28.17,40.39
2026-07-06 04:55,CH1,193.50,44.60,6.50,12.00,27.56,40.65
2026-07-06 04:55,CH2,216.39,43.28,6.50,12.00,28.37,40.06
2026-07-06 05:00,CH1,195.33,44.97,6.50,12.00,28.18,40.73
2026-07-06 05:00,CH2,222.19,44.42,6.50,12.00,27.81,40.29
2026-07-06 05:05,CH1,199.21,46.00,6.50,12.00,28.07,40.04
2026-07-06 05:05,CH2,221.00,44.23,6.50,12.00,28.40,40.45
2026-07-06 05:10,CH1,195.71,45.33,6.50,12.00,28.18,40.38
2026-07-06 05:10,CH2,229.37,46.15,6.50,12.00,27.88,40.90
2026-07-06 05:15,CH1,197.48,45.65,6.50,12.00,27.80,40.41
2026-07-06 05:15,CH2,230.23,46.24,6.50,12.00,27.78,40.74
2026-07-06 05:20,CH1,201.61,46.66,6.50,12.00,28.00,40.93
2026-07-06 05:20,CH2,234.95,47.36,6.50,12.00,28.34,40.56
2026-07-06 05:25,CH1,202.85,47.16,6.50,12.00,28.08,40.90
2026-07-06 05:25,CH2,237.06,47.86,6.50,12.00,28.74,40.86
2026-07-06 05:30,CH1,208.33,48.50,6.50,12.00,28.50,40.28
2026-07-06 05:30,CH2,240.49,48.48,6.50,12.00,27.84,40.68
2026-07-06 05:35,CH1,206.32,48.14,6.50,12.00,28.65,40.47
2026-07-06 05:35,CH2,242.06,48.82,6.50,12.00,28.75,40.44
2026-07-06 05:40,CH1,210.81,49.19,6.50,12.00,28.18,40.98
2026-07-06 05:40,CH2,241.00,48.74,6.50,12.00,28.52,40.54
2026-07-06 05:45,CH1,210.67,49.14,6.50,12.00,28.87,40.31
2026-07-06 05:45,CH2,242.34,49.00,6.50,12.00,28.63,40.63
2026-07-06 05:50,CH1,214.33,50.02,6.50,12.00,28.66,40.12
2026-07-06 05:50,CH2,248.85,50.51,6.50,12.00,28.04,40.33
2026-07-06 05:55,CH1,213.50,49.95,6.50,12.00,28.52,40.28
2026-07-06 05:55,CH2,246.74,50.16,6.50,12.00,28.30,40.90
2026-07-06 06:00,CH1,216.95,50.85,6.50,12.00,28.52,40.94
2026-07-06 06:00,CH2,247.48,50.29,6.50,12.00,28.33,40.15
2026-07-06 06:05,CH1,216.10,50.82,6.50,12.00,28.90,40.18
2026-07-06 06:05,CH2,249.79,50.92,6.50,12.00,28.12,40.77
2026-07-06 06:10,CH1,220.74,51.88,6.50,12.00,28.40,40.36
2026-07-06 06:10,CH2,260.00,52.96,6.50,12.00,28.26,40.66
2026-07-06 06:15,CH1,225.88,53.30,6.50,12.00,28.71,40.84
2026-07-06 06:15,CH2,259.16,52.81,6.50,12.00,28.30,40.38
2026-07-06 06:20,CH1,223.12,52.73,6.50,12.00,28.18,41.00
2026-07-06 06:20,CH2,255.85,52.25,6.50,12.00,28.92,40.80
2026-07-06 06:25,CH1,231.43,54.61,6.50,12.00,28.54,40.64
2026-07-06 06:25,CH2,264.40,54.03,6.50,12.00,28.50,40.45
2026-07-06 06:30,CH1,232.15,54.83,6.50,12.00,28.64,40.93
2026-07-06 06:30,CH2,261.08,53.56,6.50,12.00,28.78,40.68
2026-07-06 06:35,CH1,230.39,54.54,6.50,12.00,28.29,40.80
2026-07-06 06:35,CH2,264.54,54.19,6.50,12.00,29.00,40.22
2026-07-06 06:40,CH1,236.52,56.16,6.50,12.00,28.55,40.43
2026-07-06 06:40,CH2,272.25,55.83,6.50,12.00,29.15,40.58
2026-07-06 06:45,CH1,235.08,55.80,6.50,12.00,29.15,40.43
2026-07-06 06:45,CH2,273.38,56.24,6.50,12.00,28.81,40.16
2026-07-06 06:50,CH1,240.68,57.13,6.50,12.00,29.26,40.57
2026-07-06 06:50,CH2,273.82,56.45,6.50,12.00,29.17,40.76
2026-07-06 06:55,CH1,236.68,56.25,6.50,12.00,29.17,40.16
2026-07-06 06:55,CH2,279.08,57.46,6.50,12.00,28.86,40.33
2026-07-06 07:00,CH1,242.37,57.85,6.50,12.00,28.88,40.67
2026-07-06 07:00,CH2,277.40,57.25,6.50,12.00,28.65,40.34
2026-07-06 07:05,CH1,244.79,58.37,6.50,12.00,29.15,40.94
2026-07-06 07:05,CH2,282.35,58.33,6.50,12.00,28.77,40.49
2026-07-06 07:10,CH1,248.37,59.41,6.50,12.00,29.16,40.80
2026-07-06 07:10,CH2,283.99,58.72,6.50,12.00,28.88,40.76
2026-07-06 07:15,CH1,246.80,59.11,6.50,12.00,28.67,40.48
2026-07-06 07:15,CH2,285.21,59.03,6.50,12.00,29.11,40.04
2026-07-06 07:20,CH1,250.21,59.92,6.50,12.00,29.18,40.64
2026-07-06 07:20,CH2,289.51,59.98,6.50,12.00,29.43,40.63
2026-07-06 07:25,CH1,249.33,59.93,6.50,12.00,28.96,40.98
2026-07-06 07:25,CH2,287.96,59.83,6.50,12.00,29.38,40.80
2026-07-06 07:30,CH1,254.56,61.27,6.50,12.00,29.44,40.28
2026-07-06 07:30,CH2,292.34,60.83,6.50,12.00,29.49,40.48
2026-07-06 07:35,CH1,254.68,61.36,6.50,12.00,29.42,40.88
2026-07-06 07:35,CH2,295.95,61.49,6.50,12.00,29.14,40.54
2026-07-06 07:40,CH1,259.16,62.60,6.50,12.00,28.77,40.24
2026-07-06 07:40,CH2,296.39,61.72,6.50,12.00,29.16,40.08
2026-07-06 07:45,CH1,257.03,62.12,6.50,12.00,29.54,40.29
2026-07-06 07:45,CH2,299.48,62.50,6.50,12.00,29.10,40.63
2026-07-06 07:50,CH1,255.61,61.68,6.50,12.00,29.64,40.66
2026-07-06 07:50,CH2,300.06,62.70,6.50,12.00,28.99,40.15
2026-07-06 07:55,CH1,263.85,63.99,6.50,12.00,29.48,40.78
2026-07-06 07:55,CH2,298.23,62.22,6.50,12.00,29.54,40.41
2026-07-06 08:00,CH1,258.94,62.77,6.50,12.00,29.45,40.57
2026-07-06 08:00,CH2,299.72,62.71,6.50,12.00,29.75,40.22
2026-07-06 08:05,CH1,265.88,64.54,6.50,12.00,29.58,40.20
2026-07-06 08:05,CH2,306.40,64.10,6.50,12.00,29.10,40.82
2026-07-06 08:10,CH1,261.47,63.55,6.50,12.00,29.45,40.04
2026-07-06 08:10,CH2,307.42,64.39,6.50,12.00,29.86,40.79
2026-07-06 08:15,CH1,267.52,65.05,6.50,12.00,29.24,40.03
2026-07-06 08:15,CH2,313.34,65.70,6.50,12.00,29.73,40.13
2026-07-06 08:20,CH1,266.91,65.03,6.50,12.00,29.95,40.93
2026-07-06 08:20,CH2,308.33,64.76,6.50,12.00,29.16,40.56
2026-07-06 08:25,CH1,268.79,65.53,6.50,12.00,29.45,40.24
2026-07-06 08:25,CH2,310.23,65.18,6.50,12.00,29.93,40.15
2026-07-06 08:30,CH1,274.99,67.13,6.50,12.00,29.99,40.52
2026-07-06 08:30,CH2,311.36,65.54,6.50,12.00,29.97,40.20
2026-07-06 08:35,CH1,273.30,66.78,6.50,12.00,29.23,40.41
2026-07-06 08:35,CH2,320.48,67.60,6.50,12.00,29.67,40.04
2026-07-06 08:40,CH1,272.94,66.75,6.50,12.00,29.23,40.19
2026-07-06 08:40,CH2,320.61,67.58,6.50,12.00,29.38,40.88
2026-07-06 08:45,CH1,276.67,67.81,6.50,12.00,30.03,40.41
2026-07-06 08:45,CH2,316.73,66.82,6.50,12.00,29.45,40.36
2026-07-06 08:50,CH1,276.24,67.82,6.50,12.00,29.57,40.08
2026-07-06 08:50,CH2,319.39,67.57,6.50,12.00,29.19,40.78
2026-07-06 08:55,CH1,280.20,68.72,6.50,12.00,29.96,40.20
2026-07-06 08:55,CH2,319.05,67.57,6.50,12.00,30.13,40.35
2026-07-06 09:00,CH1,276.02,67.89,6.50,12.00,29.31,40.83
2026-07-06 09:00,CH2,322.22,68.24,6.50,12.00,29.96,40.54
2026-07-06 09:05,CH1,277.02,68.21,6.50,12.00,29.96,40.33
2026-07-06 09:05,CH2,326.67,69.27,6.50,12.00,29.33,40.49
2026-07-06 09:10,CH1,283.37,69.81,6.50,12.00,30.06,40.16
2026-07-06 09:10,CH2,326.71,69.36,6.50,12.00,29.43,40.90
2026-07-06 09:15,CH1,282.18,69.63,6.50,12.00,29.40,40.20
2026-07-06 09:15,CH2,333.06,70.63,6.50,12.00,29.97,40.93
2026-07-06 09:20,CH1,284.47,70.23,6.50,12.00,30.26,40.00
2026-07-06 09:20,CH2,329.48,69.93,6.50,12.00,29.43,40.27
2026-07-06 09:25,CH1,288.37,71.28,6.50,12.00,29.69,40.44
2026-07-06 09:25,CH2,336.24,71.51,6.50,12.00,29.41,40.43
2026-07-06 09:30,CH1,288.85,71.52,6.50,12.00,29.60,40.95
2026-07-06 09:30,CH2,332.84,70.81,6.50,12.00,29.65,40.54
2026-07-06 09:35,CH1,289.84,71.67,6.50,12.00,29.38,40.37
2026-07-06 09:35,CH2,332.13,70.78,6.50,12.00,29.48,40.01
2026-07-06 09:40,CH1,287.17,71.23,6.50,12.00,29.63,40.14
2026-07-06 09:40,CH2,333.72,71.04,6.50,12.00,29.73,40.78
2026-07-06 09:45,CH1,286.62,71.18,6.50,12.00,29.75,40.45
2026-07-06 09:45,CH2,335.92,71.73,6.50,12.00,30.33,40.29
2026-07-06 09:50,CH1,292.18,72.41,6.50,12.00,29.53,40.43
2026-07-06 09:50,CH2,338.49,72.21,6.50,12.00,29.85,40.32
2026-07-06 09:55,CH1,290.68,72.23,6.50,12.00,30.40,40.67
2026-07-06 09:55,CH2,335.66,71.67,6.50,12.00,30.06,40.00
2026-07-06 10:00,CH1,292.69,72.86,6.50,12.00,30.30,40.14
2026-07-06 10:00,CH2,336.90,71.90,6.50,12.00,29.87,40.55
2026-07-06 10:05,CH1,296.34,73.77,6.50,12.00,30.09,40.83
2026-07-06 10:05,CH2,342.97,73.34,6.50,12.00,29.91,40.04
2026-07-06 10:10,CH1,294.69,73.25,6.50,12.00,30.25,40.19
2026-07-06 10:10,CH2,338.87,72.52,6.50,12.00,30.17,40.00
2026-07-06 10:15,CH1,294.25,73.20,6.50,12.00,30.12,40.94
2026-07-06 10:15,CH2,339.17,72.62,6.50,12.00,29.51,40.52
2026-07-06 10:20,CH1,300.14,74.80,6.50,12.00,30.35,40.53
2026-07-06 10:20,CH2,341.13,73.06,6.50,12.00,30.08,40.77
2026-07-06 10:25,CH1,299.13,74.69,6.50,12.00,30.22,40.86
2026-07-06 10:25,CH2,347.12,74.45,6.50,12.00,29.64,40.36
2026-07-06 10:30,CH1,297.07,74.14,6.50,12.00,29.73,40.65
2026-07-06 10:30,CH2,343.60,73.61,6.50,12.00,30.22,40.55
2026-07-06 10:35,CH1,294.44,73.62,6.50,12.00,29.69,40.50
2026-07-06 10:35,CH2,349.90,75.00,6.50,12.00,30.22,40.69
2026-07-06 10:40,CH1,297.82,74.41,6.50,12.00,30.06,40.92
2026-07-06 10:40,CH2,350.39,75.12,6.50,12.00,30.17,40.73
2026-07-06 10:45,CH1,296.77,74.17,6.50,12.00,30.42,40.45
2026-07-06 10:45,CH2,348.14,74.73,6.50,12.00,30.31,40.20
2026-07-06 10:50,CH1,303.17,75.89,6.50,12.00,29.96,40.54
2026-07-06 10:50,CH2,350.28,75.36,6.50,12.00,30.31,40.43
2026-07-06 10:55,CH1,300.43,75.21,6.50,12.00,29.88,40.41
2026-07-06 10:55,CH2,350.42,75.40,6.50,12.00,30.54,40.72
2026-07-06 11:00,CH1,303.42,75.85,6.50,12.00,30.44,41.00
2026-07-06 11:00,CH2,346.49,74.52,6.50,12.00,29.79,40.29
2026-07-06 11:05,CH1,304.23,76.28,6.50,12.00,29.66,40.75
2026-07-06 11:05,CH2,347.70,74.81,6.50,12.00,30.06,40.83
2026-07-06 11:10,CH1,299.26,74.85,6.50,12.00,30.53,40.22
2026-07-06 11:10,CH2,350.15,75.24,6.50,12.00,30.26,40.08
2026-07-06 11:15,CH1,302.81,75.75,6.50,12.00,30.35,40.27
2026-07-06 11:15,CH2,352.66,75.95,6.50,12.00,30.02,40.86
2026-07-06 11:20,CH1,298.77,74.98,6.50,12.00,30.09,40.29
2026-07-06 11:20,CH2,348.85,75.04,6.50,12.00,29.84,40.36
2026-07-06 11:25,CH1,306.28,76.68,6.50,12.00,30.57,40.68
2026-07-06 11:25,CH2,354.88,76.46,6.50,12.00,30.58,40.13
2026-07-06 11:30,CH1,306.07,76.60,6.50,12.00,30.34,40.94
2026-07-06 11:30,CH2,354.21,76.32,6.50,12.00,30.58,40.78
2026-07-06 11:35,CH1,301.71,75.59,6.50,12.00,30.00,40.59
2026-07-06 11:35,CH2,356.47,76.81,6.50,12.00,30.00,40.88
2026-07-06 11:40,CH1,306.12,76.88,6.50,12.00,30.48,40.55
2026-07-06 11:40,CH2,357.21,77.03,6.50,12.00,30.41,40.75
2026-07-06 11:45,CH1,306.09,76.80,6.50,12.00,29.83,40.99
2026-07-06 11:45,CH2,354.24,76.35,6.50,12.00,30.34,40.76
2026-07-06 11:50,CH1,303.92,76.29,6.50,12.00,30.09,40.21
2026-07-06 11:50,CH2,353.66,76.12,6.50,12.00,30.22,40.39
2026-07-06 11:55,CH1,300.89,75.51,6.50,12.00,30.20,40.02
2026-07-06 11:55,CH2,353.83,76.27,6.50,12.00,30.20,40.28
2026-07-06 12:00,CH1,300.14,75.38,6.50,12.00,30.22,40.94
2026-07-06 12:00,CH2,358.06,77.12,6.50,12.00,30.60,40.43
2026-07-06 12:05,CH1,301.73,75.67,6.50,12.00,30.09,40.31
2026-07-06 12:05,CH2,349.86,75.34,6.50,12.00,30.42,40.90
2026-07-06 12:10,CH1,308.06,77.17,6.50,12.00,30.63,40.30
2026-07-06 12:10,CH2,350.36,75.56,6.50,12.00,30.62,40.12
2026-07-06 12:15,CH1,306.22,76.89,6.50,12.00,30.34,40.93
2026-07-06 12:15,CH2,358.32,77.13,6.50,12.00,30.21,40.83
2026-07-06 12:20,CH1,299.90,75.17,6.50,12.00,30.56,40.41
2026-07-06 12:20,CH2,350.73,75.58,6.50,12.00,29.76,40.87
2026-07-06 12:25,CH1,302.52,75.86,6.50,12.00,29.98,40.62
2026-07-06 12:25,CH2,356.53,76.68,6.50,12.00,30.32,40.84
2026-07-06 12:30,CH1,304.40,76.34,6.50,12.00,30.21,40.38
2026-07-06 12:30,CH2,354.35,76.36,6.50,12.00,30.43,40.14
2026-07-06 12:35,CH1,303.77,76.02,6.50,12.00,30.20,40.79
2026-07-06 12:35,CH2,351.98,75.68,6.50,12.00,30.20,40.51
2026-07-06 12:40,CH1,305.72,76.63,6.50,12.00,30.37,40.63
2026-07-06 12:40,CH2,356.44,76.69,6.50,12.00,30.64,40.95
2026-07-06 12:45,CH1,302.53,75.69,6.50,12.00,30.03,40.21
2026-07-06 12:45,CH2,353.83,76.16,6.50,12.00,30.02,40.16
2026-07-06 12:50,CH1,301.27,75.54,6.50,12.00,29.98,40.82
2026-07-06 12:50,CH2,349.91,75.28,6.50,12.00,30.41,40.44
2026-07-06 12:55,CH1,298.95,74.72,6.50,12.00,30.42,40.92
2026-07-06 12:55,CH2,354.03,76.07,6.50,12.00,29.77,40.83
2026-07-06 13:00,CH1,304.50,76.31,6.50,12.00,29.74,40.84
2026-07-06 13:00,CH2,350.15,75.29,6.50,12.00,29.64,40.31
2026-07-06 13:05,CH1,304.07,76.06,6.50,12.00,30.50,40.32
2026-07-06 13:05,CH2,347.93,74.88,6.50,12.00,29.84,40.87
2026-07-06 13:10,CH1,296.37,74.11,6.50,12.00,30.51,40.85
2026-07-06 13:10,CH2,349.25,75.14,6.50,12.00,30.07,40.51
2026-07-06 13:15,CH1,299.84,74.91,6.50,12.00,29.74,40.10
2026-07-06 13:15,CH2,348.43,74.84,6.50,12.00,30.09,40.56
2026-07-06 13:20,CH1,302.41,75.50,6.50,12.00,30.04,40.25
2026-07-06 13:20,CH2,344.07,73.94,6.50,12.00,29.81,40.82
2026-07-06 13:25,CH1,302.72,75.46,6.50,12.00,29.57,40.64
2026-07-06 13:25,CH2,343.07,73.56,6.50,12.00,30.45,40.50
2026-07-06 13:30,CH1,300.31,74.95,6.50,12.00,29.75,40.82
2026-07-06 13:30,CH2,347.40,74.60,6.50,12.00,29.85,40.95
2026-07-06 13:35,CH1,298.81,74.40,6.50,12.00,30.27,40.42
2026-07-06 13:35,CH2,349.87,74.92,6.50,12.00,30.18,40.84
2026-07-06 13:40,CH1,295.69,73.57,6.50,12.00,30.08,40.73
2026-07-06 13:40,CH2,344.59,73.87,6.50,12.00,30.07,40.60
2026-07-06 13:45,CH1,295.01,73.49,6.50,12.00,30.16,40.91
2026-07-06 13:45,CH2,346.52,74.18,6.50,12.00,29.53,40.34
2026-07-06 13:50,CH1,293.10,72.96,6.50,12.00,30.28,40.99
2026-07-06 13:50,CH2,347.56,74.33,6.50,12.00,30.04,40.24
2026-07-06 13:55,CH1,294.22,73.11,6.50,12.00,30.33,40.99
2026-07-06 13:55,CH2,345.69,73.93,6.50,12.00,29.71,40.23
2026-07-06 14:00,CH1,294.05,73.01,6.50,12.00,30.14,40.15
2026-07-06 14:00,CH2,340.22,72.82,6.50,12.00,29.88,40.49
2026-07-06 14:05,CH1,290.44,72.16,6.50,12.00,29.69,40.23
2026-07-06 14:05,CH2,341.23,72.87,6.50,12.00,30.39,40.28
2026-07-06 14:10,CH1,294.50,73.00,6.50,12.00,30.00,40.38
2026-07-06 14:10,CH2,340.94,72.79,6.50,12.00,30.12,40.69
2026-07-06 14:15,CH1,293.69,72.73,6.50,12.00,30.29,40.91
2026-07-06 14:15,CH2,340.85,72.65,6.50,12.00,30.13,40.04
2026-07-06 14:20,CH1,289.10,71.59,6.50,12.00,30.14,40.46
2026-07-06 14:20,CH2,334.16,71.24,6.50,12.00,29.79,40.41
2026-07-06 14:25,CH1,292.00,72.25,6.50,12.00,29.68,40.33
2026-07-06 14:25,CH2,333.01,70.96,6.50,12.00,29.67,40.82
2026-07-06 14:30,CH1,285.42,70.49,6.50,12.00,29.60,40.60
2026-07-06 14:30,CH2,332.21,70.74,6.50,12.00,30.28,40.17
2026-07-06 14:35,CH1,286.28,70.77,6.50,12.00,29.78,40.79
2026-07-06 14:35,CH2,329.11,70.05,6.50,12.00,30.06,40.47
2026-07-06 14:40,CH1,287.28,70.91,6.50,12.00,29.88,40.64
2026-07-06 14:40,CH2,331.78,70.50,6.50,12.00,29.29,40.98
2026-07-06 14:45,CH1,285.96,70.42,6.50,12.00,30.20,40.73
2026-07-06 14:45,CH2,324.89,69.01,6.50,12.00,30.22,40.31
2026-07-06 14:50,CH1,283.69,69.84,6.50,12.00,29.63,40.18
2026-07-06 14:50,CH2,331.03,70.26,6.50,12.00,29.43,40.06
2026-07-06 14:55,CH1,277.78,68.45,6.50,12.00,29.48,40.28
2026-07-06 14:55,CH2,327.55,69.38,6.50,12.00,29.37,40.93
2026-07-06 15:00,CH1,281.66,69.30,6.50,12.00,29.75,40.80
2026-07-06 15:00,CH2,326.05,69.00,6.50,12.00,29.58,40.37
2026-07-06 15:05,CH1,277.24,68.03,6.50,12.00,29.74,40.87
2026-07-06 15:05,CH2,324.72,68.68,6.50,12.00,29.99,40.82
2026-07-06 15:10,CH1,277.04,68.03,6.50,12.00,29.26,40.14
2026-07-06 15:10,CH2,319.32,67.52,6.50,12.00,29.89,40.94
2026-07-06 15:15,CH1,277.95,68.11,6.50,12.00,30.07,40.09
2026-07-06 15:15,CH2,324.52,68.59,6.50,12.00,30.08,40.81
2026-07-06 15:20,CH1,273.03,66.82,6.50,12.00,29.67,40.20
2026-07-06 15:20,CH2,316.26,66.70,6.50,12.00,30.05,40.60
2026-07-06 15:25,CH1,270.71,66.14,6.50,12.00,29.97,40.27
2026-07-06 15:25,CH2,320.72,67.53,6.50,12.00,29.35,40.14
2026-07-06 15:30,CH1,274.63,67.10,6.50,12.00,29.80,40.79
2026-07-06 15:30,CH2,316.45,66.69,6.50,12.00,29.21,40.52
2026-07-06 15:35,CH1,272.64,66.39,6.50,12.00,29.47,40.22
2026-07-06 15:35,CH2,316.55,66.64,6.50,12.00,29.75,40.80
2026-07-06 15:40,CH1,266.68,65.04,6.50,12.00,29.82,40.47
2026-07-06 15:40,CH2,315.23,66.28,6.50,12.00,29.30,40.88
2026-07-06 15:45,CH1,268.17,65.36,6.50,12.00,29.25,40.64
2026-07-06 15:45,CH2,310.12,65.04,6.50,12.00,29.29,40.84
2026-07-06 15:50,CH1,267.90,65.21,6.50,12.00,29.75,40.60
2026-07-06 15:50,CH2,310.34,65.11,6.50,12.00,29.14,40.88
2026-07-06 15:55,CH1,267.05,64.72,6.50,12.00,29.12,40.13
2026-07-06 15:55,CH2,306.23,64.04,6.50,12.00,28.91,40.08
2026-07-06 16:00,CH1,265.14,64.28,6.50,12.00,29.14,40.47
2026-07-06 16:00,CH2,300.27,62.90,6.50,12.00,29.57,40.08
2026-07-06 16:05,CH1,257.65,62.35,6.50,12.00,29.80,40.23
2026-07-06 16:05,CH2,304.96,63.78,6.50,12.00,29.04,40.84
2026-07-06 16:10,CH1,259.90,62.80,6.50,12.00,28.92,40.45
2026-07-06 16:10,CH2,301.77,63.03,6.50,12.00,29.15,40.04
2026-07-06 16:15,CH1,253.90,61.34,6.50,12.00,28.95,40.82
2026-07-06 16:15,CH2,302.05,62.90,6.50,12.00,29.06,40.94
2026-07-06 16:20,CH1,254.16,61.32,6.50,12.00,28.91,40.65
2026-07-06 16:20,CH2,293.73,61.20,6.50,12.00,29.56,40.22
2026-07-06 16:25,CH1,255.41,61.56,6.50,12.00,29.32,40.19
2026-07-06 16:25,CH2,293.35,61.05,6.50,12.00,29.18,40.36
2026-07-06 16:30,CH1,252.59,60.82,6.50,12.00,28.70,40.10
2026-07-06 16:30,CH2,291.56,60.53,6.50,12.00,29.39,40.84
2026-07-06 16:35,CH1,251.68,60.44,6.50,12.00,29.35,40.77
2026-07-06 16:35,CH2,290.26,60.21,6.50,12.00,29.27,40.96
2026-07-06 16:40,CH1,245.71,58.85,6.50,12.00,28.93,40.54
2026-07-06 16:40,CH2,289.90,60.17,6.50,12.00,28.76,40.10
2026-07-06 16:45,CH1,247.23,59.28,6.50,12.00,28.67,40.47
2026-07-06 16:45,CH2,289.92,60.02,6.50,12.00,29.03,40.81
2026-07-06 16:50,CH1,247.89,59.22,6.50,12.00,29.14,40.62
2026-07-06 16:50,CH2,284.05,58.75,6.50,12.00,28.84,40.16
2026-07-06 16:55,CH1,242.84,58.02,6.50,12.00,29.13,40.12
2026-07-06 16:55,CH2,280.66,57.92,6.50,12.00,28.75,40.94
2026-07-06 17:00,CH1,238.79,57.05,6.50,12.00,28.47,40.47
2026-07-06 17:00,CH2,277.82,57.26,6.50,12.00,29.05,40.99
2026-07-06 17:05,CH1,239.97,57.12,6.50,12.00,28.89,40.01
2026-07-06 17:05,CH2,278.84,57.47,6.50,12.00,28.68,40.98
2026-07-06 17:10,CH1,240.78,57.21,6.50,12.00,28.85,40.10
2026-07-06 17:10,CH2,270.84,55.80,6.50,12.00,28.42,40.96
2026-07-06 17:15,CH1,236.68,56.27,6.50,12.00,28.39,40.26
2026-07-06 17:15,CH2,271.87,55.87,6.50,12.00,28.71,40.74
2026-07-06 17:20,CH1,229.78,54.59,6.50,12.00,29.02,40.66
2026-07-06 17:20,CH2,269.18,55.26,6.50,12.00,28.52,40.88
2026-07-06 17:25,CH1,233.63,55.33,6.50,12.00,28.38,40.76
2026-07-06 17:25,CH2,264.99,54.39,6.50,12.00,28.93,40.90
2026-07-06 17:30,CH1,231.91,54.75,6.50,12.00,29.22,40.80
2026-07-06 17:30,CH2,269.37,55.26,6.50,12.00,29.03,40.10
2026-07-06 17:35,CH1,227.24,53.75,6.50,12.00,28.39,40.69
2026-07-06 17:35,CH2,259.44,53.08,6.50,12.00,28.77,40.67
2026-07-06 17:40,CH1,227.96,53.82,6.50,12.00,28.76,40.98
2026-07-06 17:40,CH2,261.30,53.48,6.50,12.00,28.95,40.94
2026-07-06 17:45,CH1,221.86,52.29,6.50,12.00,28.59,40.09
2026-07-06 17:45,CH2,254.67,52.06,6.50,12.00,28.87,40.74
2026-07-06 17:50,CH1,220.38,51.85,6.50,12.00,28.70,40.11
2026-07-06 17:50,CH2,256.01,52.15,6.50,12.00,28.68,40.59
2026-07-06 17:55,CH1,223.63,52.51,6.50,12.00,28.82,40.08
2026-07-06 17:55,CH2,257.07,52.32,6.50,12.00,28.13,40.44
2026-07-06 18:00,CH1,215.57,50.55,6.50,12.00,28.17,40.67
2026-07-06 18:00,CH2,250.89,51.07,6.50,12.00,28.20,40.89
2026-07-06 18:05,CH1,215.12,50.37,6.50,12.00,28.22,40.76
2026-07-06 18:05,CH2,243.41,49.48,6.50,12.00,27.97,40.19
2026-07-06 18:10,CH1,210.87,49.29,6.50,12.00,28.15,40.35
2026-07-06 18:10,CH2,243.60,49.49,6.50,12.00,28.44,40.47
2026-07-06 18:15,CH1,209.41,48.81,6.50,12.00,28.60,40.08
2026-07-06 18:15,CH2,242.89,49.17,6.50,12.00,28.07,40.68
2026-07-06 18:20,CH1,206.42,48.11,6.50,12.00,28.08,40.87
2026-07-06 18:20,CH2,243.57,49.30,6.50,12.00,28.49,40.67
2026-07-06 18:25,CH1,203.74,47.54,6.50,12.00,28.68,40.93
2026-07-06 18:25,CH2,234.53,47.38,6.50,12.00,28.20,40.55
2026-07-06 18:30,CH1,206.22,47.90,6.50,12.00,28.71,40.83
2026-07-06 18:30,CH2,235.18,47.39,6.50,12.00,28.75,40.62
2026-07-06 18:35,CH1,199.21,46.30,6.50,12.00,28.59,40.78
2026-07-06 18:35,CH2,238.45,48.15,6.50,12.00,28.38,40.59
2026-07-06 18:40,CH1,204.18,47.32,6.50,12.00,28.64,40.52
2026-07-06 18:40,CH2,228.56,45.97,6.50,12.00,28.63,40.81
2026-07-06 18:45,CH1,203.48,47.02,6.50,12.00,27.73,40.81
2026-07-06 18:45,CH2,230.14,46.35,6.50,12.00,28.15,40.70
2026-07-06 18:50,CH1,200.88,46.49,6.50,12.00,28.05,40.97
2026-07-06 18:50,CH2,222.32,44.61,6.50,12.00,28.28,40.05
2026-07-06 18:55,CH1,196.94,45.46,6.50,12.00,27.79,40.63
2026-07-06 18:55,CH2,227.48,45.58,6.50,12.00,27.85,40.33
2026-07-06 19:00,CH1,188.34,43.50,6.50,12.00,27.75,40.74
2026-07-06 19:00,CH2,222.41,44.48,6.50,12.00,28.02,40.50
2026-07-06 19:05,CH1,186.50,43.03,6.50,12.00,27.95,40.82
2026-07-06 19:05,CH2,222.69,44.61,6.50,12.00,28.41,40.29
2026-07-06 19:10,CH1,189.93,43.67,6.50,12.00,27.82,40.97
2026-07-06 19:10,CH2,216.06,43.11,6.50,12.00,28.12,40.78
2026-07-06 19:15,CH1,190.14,43.66,6.50,12.00,27.61,40.01
2026-07-06 19:15,CH2,217.15,43.25,6.50,12.00,27.60,40.97
2026-07-06 19:20,CH1,184.13,42.33,6.50,12.00,28.41,40.63
2026-07-06 19:20,CH2,214.16,42.62,6.50,12.00,28.08,40.90
2026-07-06 19:25,CH1,180.26,41.38,6.50,12.00,27.89,40.95
2026-07-06 19:25,CH2,211.70,42.15,6.50,12.00,27.95,40.19
2026-07-06 19:30,CH1,178.16,40.73,6.50,12.00,27.39,40.95
2026-07-06 19:30,CH2,205.19,40.72,6.50,12.00,27.77,40.23
2026-07-06 19:35,CH1,178.20,40.60,6.50,12.00,28.26,40.05
2026-07-06 19:35,CH2,207.84,41.26,6.50,12.00,28.04,40.50
2026-07-06 19:40,CH1,179.74,41.03,6.50,12.00,27.87,40.48
2026-07-06 19:40,CH2,201.56,39.97,6.50,12.00,27.54,40.61
2026-07-06 19:45,CH1,173.12,39.42,6.50,12.00,27.95,40.77
2026-07-06 19:45,CH2,203.07,40.22,6.50,12.00,27.59,40.48
2026-07-06 19:50,CH1,169.62,38.68,6.50,12.00,27.81,40.38
2026-07-06 19:50,CH2,198.51,39.31,6.50,12.00,27.23,40.45
2026-07-06 19:55,CH1,169.58,38.54,6.50,12.00,27.40,40.26
2026-07-06 19:55,CH2,200.69,39.66,6.50,12.00,28.09,40.07
2026-07-06 20:00,CH1,168.32,38.28,6.50,12.00,27.42,40.48
2026-07-06 20:00,CH2,190.71,37.60,6.50,12.00,27.19,40.32
2026-07-06 20:05,CH1,164.67,37.26,6.50,12.00,27.67,40.17
2026-07-06 20:05,CH2,191.60,37.91,6.50,12.00,27.26,40.33
2026-07-06 20:10,CH1,168.64,38.09,6.50,12.00,27.16,40.32
2026-07-06 20:10,CH2,189.25,37.40,6.50,12.00,28.01,40.26
2026-07-06 20:15,CH1,160.43,36.35,6.50,12.00,27.64,40.92
2026-07-06 20:15,CH2,189.98,37.45,6.50,12.00,27.33,40.49
2026-07-06 20:20,CH1,160.71,36.22,6.50,12.00,27.39,40.61
2026-07-06 20:20,CH2,190.87,37.52,6.50,12.00,27.41,40.13
2026-07-06 20:25,CH1,158.48,35.83,6.50,12.00,27.55,40.77
2026-07-06 20:25,CH2,179.69,35.39,6.50,12.00,27.10,40.40
2026-07-06 20:30,CH1,159.72,36.10,6.50,12.00,27.55,40.24
2026-07-06 20:30,CH2,177.38,34.91,6.50,12.00,27.86,40.77
2026-07-06 20:35,CH1,156.04,35.03,6.50,12.00,27.73,40.70
2026-07-06 20:35,CH2,178.23,35.04,6.50,12.00,27.44,40.60
2026-07-06 20:40,CH1,154.80,34.87,6.50,12.00,27.77,40.28
2026-07-06 20:40,CH2,174.34,34.15,6.50,12.00,27.71,40.68
2026-07-06 20:45,CH1,149.45,33.53,6.50,12.00,27.05,40.55
2026-07-06 20:45,CH2,178.65,35.06,6.50,12.00,27.24,40.81
2026-07-06 20:50,CH1,151.84,34.05,6.50,12.00,27.45,40.81
2026-07-06 20:50,CH2,175.01,34.21,6.50,12.00,27.10,40.76
2026-07-06 20:55,CH1,146.96,32.92,6.50,12.00,27.32,40.03
2026-07-06 20:55,CH2,169.23,33.10,6.50,12.00,27.28,40.11
2026-07-06 21:00,CH1,145.52,32.48,6.50,12.00,26.90,40.78
2026-07-06 21:00,CH2,168.03,32.92,6.50,12.00,26.84,40.07
2026-07-06 21:05,CH1,148.84,33.40,6.50,12.00,26.98,40.30
2026-07-06 21:05,CH2,171.89,33.58,6.50,12.00,27.08,40.23
2026-07-06 21:10,CH1,142.81,31.83,6.50,12.00,27.14,40.67
2026-07-06 21:10,CH2,165.67,32.31,6.50,12.00,27.08,40.22
2026-07-06 21:15,CH1,139.48,31.10,6.50,12.00,27.12,40.20
2026-07-06 21:15,CH2,169.03,32.96,6.50,12.00,26.86,40.79
2026-07-06 21:20,CH1,139.51,31.04,6.50,12.00,27.49,40.26
2026-07-06 21:20,CH2,168.38,32.69,6.50,12.00,27.51,40.36
2026-07-06 21:25,CH1,139.77,31.14,6.50,12.00,26.89,40.67
2026-07-06 21:25,CH2,166.47,32.30,6.50,12.00,27.43,40.74
2026-07-06 21:30,CH1,143.43,31.89,6.50,12.00,27.49,40.28
2026-07-06 21:30,CH2,160.88,31.25,6.50,12.00,27.35,40.20
2026-07-06 21:35,CH1,136.69,30.38,6.50,12.00,27.38,40.80
2026-07-06 21:35,CH2,155.41,30.27,6.50,12.00,27.16,40.02
2026-07-06 21:40,CH1,135.76,30.12,6.50,12.00,26.76,40.16
2026-07-06 21:40,CH2,158.82,30.93,6.50,12.00,27.55,40.49
2026-07-06 21:45,CH1,131.25,29.10,6.50,12.00,27.13,40.54
2026-07-06 21:45,CH2,155.77,30.25,6.50,12.00,27.41,40.62
2026-07-06 21:50,CH1,136.79,30.29,6.50,12.00,27.28,40.57
2026-07-06 21:50,CH2,148.59,28.88,6.50,12.00,27.49,40.04
2026-07-06 21:55,CH1,128.78,28.56,6.50,12.00,26.74,40.44
2026-07-06 21:55,CH2,152.87,29.68,6.50,12.00,27.30,40.79
2026-07-06 22:00,CH1,135.73,30.14,6.50,12.00,26.62,40.83
2026-07-06 22:00,CH2,155.69,30.13,6.50,12.00,26.87,40.80
2026-07-06 22:05,CH1,125.94,27.97,6.50,12.00,26.79,40.39
2026-07-06 22:05,CH2,145.21,28.00,6.50,12.00,26.90,40.68
2026-07-06 22:10,CH1,129.30,28.69,6.50,12.00,26.76,40.63
2026-07-06 22:10,CH2,149.10,28.78,6.50,12.00,26.51,40.25
2026-07-06 22:15,CH1,127.03,28.21,6.50,12.00,26.90,40.90
2026-07-06 22:15,CH2,149.75,28.91,6.50,12.00,27.29,40.29
2026-07-06 22:20,CH1,126.82,27.99,6.50,12.00,26.79,40.86
2026-07-06 22:20,CH2,144.41,27.89,6.50,12.00,26.94,40.28
2026-07-06 22:25,CH1,129.02,28.51,6.50,12.00,26.92,40.68
2026-07-06 22:25,CH2,142.43,27.44,6.50,12.00,26.94,40.34
2026-07-06 22:30,CH1,128.89,28.54,6.50,12.00,27.10,40.82
2026-07-06 22:30,CH2,139.25,26.95,6.50,12.00,27.11,40.70
2026-07-06 22:35,CH1,120.86,26.65,6.50,12.00,27.02,40.48
2026-07-06 22:35,CH2,141.72,27.36,6.50,12.00,26.53,40.50
2026-07-06 22:40,CH1,122.59,27.07,6.50,12.00,26.76,40.74
2026-07-06 22:40,CH2,145.79,28.19,6.50,12.00,27.30,40.29
2026-07-06 22:45,CH1,119.11,26.33,6.50,12.00,26.96,40.30
2026-07-06 22:45,CH2,140.62,27.19,6.50,12.00,26.88,40.75
2026-07-06 22:50,CH1,121.52,26.73,6.50,12.00,27.15,40.53
2026-07-06 22:50,CH2,138.20,26.56,6.50,12.00,26.71,40.99
2026-07-06 22:55,CH1,118.03,26.05,6.50,12.00,26.47,40.66
2026-07-06 22:55,CH2,136.49,26.22,6.50,12.00,26.52,40.14
2026-07-06 23:00,CH1,120.73,26.70,6.50,12.00,26.76,40.50
2026-07-06 23:00,CH2,136.44,26.30,6.50,12.00,27.11,40.14
2026-07-06 23:05,CH1,118.25,26.15,6.50,12.00,27.30,40.24
2026-07-06 23:05,CH2,139.38,26.79,6.50,12.00,26.71,40.31
2026-07-06 23:10,CH1,123.71,27.17,6.50,12.00,26.45,40.70
2026-07-06 23:10,CH2,133.67,25.71,6.50,12.00,27.16,40.91
2026-07-06 23:15,CH1,122.66,27.08,6.50,12.00,26.58,40.77
2026-07-06 23:15,CH2,140.72,27.10,6.50,12.00,26.63,40.24
2026-07-06 23:20,CH1,116.99,25.67,6.50,12.00,27.01,40.19
2026-07-06 23:20,CH2,141.05,27.17,6.50,12.00,27.08,40.42
2026-07-06 23:25,CH1,115.66,25.33,6.50,12.00,27.24,40.81
2026-07-06 23:25,CH2,132.88,25.53,6.50,12.00,27.22,40.69
2026-07-06 23:30,CH1,114.56,25.11,6.50,12.00,26.85,40.48
2026-07-06 23:30,CH2,134.96,25.92,6.50,12.00,26.88,40.56
2026-07-06 23:35,CH1,114.99,25.23,6.50,12.00,27.02,40.19
2026-07-06 23:35,CH2,139.23,26.68,6.50,12.00,26.62,40.36
2026-07-06 23:40,CH1,117.94,25.94,6.50,12.00,26.93,40.58
2026-07-06 23:40,CH2,136.25,26.24,6.50,12.00,26.65,40.46
2026-07-06 23:45,CH1,118.49,26.05,6.50,12.00,27.08,40.38
2026-07-06 23:45,CH2,138.90,26.68,6.50,12.00,26.94,40.22
2026-07-06 23:50,CH1,113.63,24.97,6.50,12.00,26.68,40.42
2026-07-06 23:50,CH2,137.39,26.45,6.50,12.00,26.74,40.90
2026-07-06 23:55,CH1,120.68,26.48,6.50,12.00,26.38,40.35
2026-07-06 23:55,CH2,133.34,25.55,6.50,12.00,26.78,40.63
2026-07-07 00:00,CH1,118.92,26.13,6.50,12.00,27.00,40.96
2026-07-07 00:00,CH2,132.50,25.40,6.50,12.00,26.73,40.23
2026-07-07 00:05,CH1,120.24,26.43,6.50,12.00,26.62,40.42
2026-07-07 00:05,CH2,130.93,25.17,6.50,12.00,26.37,40.56
2026-07-07 00:10,CH1,113.83,24.91,6.50,12.00,26.61,40.54
2026-07-07 00:10,CH2,137.66,26.51,6.50,12.00,26.98,40.23
2026-07-07 00:15,CH1,117.59,25.79,6.50,12.00,26.49,40.91
2026-07-07 00:15,CH2,132.54,25.44,6.50,12.00,26.60,40.22
2026-07-07 00:20,CH1,117.90,25.89,6.50,12.00,27.13,40.03
2026-07-07 00:20,CH2,133.02,25.58,6.50,12.00,26.34,40.07
2026-07-07 00:25,CH1,122.30,26.82,6.50,12.00,27.06,40.50
2026-07-07 00:25,CH2,135.43,26.10,6.50,12.00,27.21,40.47
2026-07-07 00:30,CH1,121.12,26.58,6.50,12.00,26.71,40.27
2026-07-07 00:30,CH2,138.25,26.59,6.50,12.00,27.00,40.46
2026-07-07 00:35,CH1,121.34,26.72,6.50,12.00,27.10,40.53
2026-07-07 00:35,CH2,133.98,25.69,6.50,12.00,26.92,40.52
2026-07-07 00:40,CH1,117.47,25.74,6.50,12.00,27.16,40.61
2026-07-07 00:40,CH2,131.64,25.39,6.50,12.00,26.40,40.99
2026-07-07 00:45,CH1,117.88,25.87,6.50,12.00,26.85,40.67
2026-07-07 00:45,CH2,133.47,25.59,6.50,12.00,26.86,40.40
2026-07-07 00:50,CH1,123.00,27.10,6.50,12.00,26.39,40.17
2026-07-07 00:50,CH2,138.24,26.57,6.50,12.00,26.82,40.94
2026-07-07 00:55,CH1,118.13,25.90,6.50,12.00,27.24,40.20
2026-07-07 00:55,CH2,137.05,26.32,6.50,12.00,26.47,40.98
2026-07-07 01:00,CH1,125.21,27.61,6.50,12.00,27.23,40.16
2026-07-07 01:00,CH2,134.38,25.80,6.50,12.00,26.38,40.93
2026-07-07 01:05,CH1,122.41,27.01,6.50,12.00,26.44,40.68
2026-07-07 01:05,CH2,143.71,27.59,6.50,12.00,27.38,40.32
2026-07-07 01:10,CH1,119.58,26.26,6.50,12.00,26.71,40.46
2026-07-07 01:10,CH2,136.50,26.26,6.50,12.00,26.54,40.61
2026-07-07 01:15,CH1,119.49,26.41,6.50,12.00,27.28,40.05
2026-07-07 01:15,CH2,142.63,27.50,6.50,12.00,27.03,40.29
2026-07-07 01:20,CH1,122.54,27.13,6.50,12.00,26.80,40.36
2026-07-07 01:20,CH2,145.28,28.03,6.50,12.00,27.30,40.47
2026-07-07 01:25,CH1,128.37,28.28,6.50,12.00,27.40,40.86
2026-07-07 01:25,CH2,144.52,27.95,6.50,12.00,26.49,40.50
2026-07-07 01:30,CH1,122.81,27.20,6.50,12.00,27.04,40.47
2026-07-07 01:30,CH2,146.10,28.14,6.50,12.00,26.93,40.81
2026-07-07 01:35,CH1,126.34,27.87,6.50,12.00,26.90,40.42
2026-07-07 01:35,CH2,149.75,28.89,6.50,12.00,27.12,40.35
2026-07-07 01:40,CH1,125.73,27.81,6.50,12.00,27.35,40.88
2026-07-07 01:40,CH2,149.53,28.90,6.50,12.00,26.88,40.75
2026-07-07 01:45,CH1,129.46,28.59,6.50,12.00,26.77,40.25
2026-07-07 01:45,CH2,151.21,29.27,6.50,12.00,27.00,40.08
2026-07-07 01:50,CH1,133.14,29.52,6.50,12.00,26.62,40.70
2026-07-07 01:50,CH2,144.84,27.98,6.50,12.00,27.34,40.99
2026-07-07 01:55,CH1,133.28,29.49,6.50,12.00,26.56,40.65
2026-07-07 01:55,CH2,152.62,29.54,6.50,12.00,26.82,40.71
2026-07-07 02:00,CH1,133.53,29.60,6.50,12.00,26.65,40.61
2026-07-07 02:00,CH2,151.12,29.19,6.50,12.00,27.24,40.81
2026-07-07 02:05,CH1,134.65,29.84,6.50,12.00,26.92,40.61
2026-07-07 02:05,CH2,156.68,30.41,6.50,12.00,27.10,40.45
2026-07-07 02:10,CH1,132.74,29.42,6.50,12.00,26.81,40.15
2026-07-07 02:10,CH2,150.52,29.15,6.50,12.00,27.41,40.86
2026-07-07 02:15,CH1,137.39,30.63,6.50,12.00,27.48,40.68
2026-07-07 02:15,CH2,153.73,29.86,6.50,12.00,27.41,40.05
2026-07-07 02:20,CH1,132.48,29.54,6.50,12.00,27.33,40.34
2026-07-07 02:20,CH2,151.53,29.49,6.50,12.00,26.74,40.41
2026-07-07 02:25,CH1,137.41,30.50,6.50,12.00,26.89,40.09
2026-07-07 02:25,CH2,159.46,31.01,6.50,12.00,27.26,40.99
2026-07-07 02:30,CH1,140.91,31.38,6.50,12.00,27.50,40.46
2026-07-07 02:30,CH2,156.99,30.50,6.50,12.00,27.18,40.16
2026-07-07 02:35,CH1,137.14,30.51,6.50,12.00,26.89,40.31
2026-07-07 02:35,CH2,161.77,31.53,6.50,12.00,27.18,40.52
2026-07-07 02:40,CH1,146.87,32.70,6.50,12.00,27.18,40.59
2026-07-07 02:40,CH2,166.27,32.33,6.50,12.00,27.01,40.41
2026-07-07 02:45,CH1,142.12,31.76,6.50,12.00,26.81,40.40
2026-07-07 02:45,CH2,162.32,31.71,6.50,12.00,26.94,40.05
2026-07-07 02:50,CH1,145.29,32.40,6.50,12.00,27.34,40.66
2026-07-07 02:50,CH2,162.77,31.69,6.50,12.00,27.19,40.26
2026-07-07 02:55,CH1,143.89,32.28,6.50,12.00,27.21,40.40
2026-07-07 02:55,CH2,170.96,33.27,6.50,12.00,27.38,40.53
2026-07-07 03:00,CH1,152.47,34.08,6.50,12.00,27.34,40.31
2026-07-07 03:00,CH2,170.77,33.28,6.50,12.00,27.10,40.34
2026-07-07 03:05,CH1,150.23,33.79,6.50,12.00,27.39,40.87
2026-07-07 03:05,CH2,172.91,33.81,6.50,12.00,27.34,40.84
2026-07-07 03:10,CH1,147.51,33.00,6.50,12.00,27.84,41.00
2026-07-07 03:10,CH2,169.25,33.02,6.50,12.00,27.33,40.54
2026-07-07 03:15,CH1,153.55,34.58,6.50,12.00,26.91,40.60
2026-07-07 03:15,CH2,177.89,34.88,6.50,12.00,27.81,40.68
2026-07-07 03:20,CH1,153.97,34.58,6.50,12.00,27.07,40.42
2026-07-07 03:20,CH2,174.05,34.03,6.50,12.00,27.51,40.04
2026-07-07 03:25,CH1,154.02,34.74,6.50,12.00,27.51,40.53
2026-07-07 03:25,CH2,181.19,35.49,6.50,12.00,27.69,40.59
2026-07-07 03:30,CH1,154.22,34.84,6.50,12.00,27.77,40.01
2026-07-07 03:30,CH2,184.85,36.30,6.50,12.00,26.98,40.27
2026-07-07 03:35,CH1,157.99,35.57,6.50,12.00,27.66,40.75
2026-07-07 03:35,CH2,184.17,36.17,6.50,12.00,27.14,40.08
2026-07-07 03:40,CH1,161.25,36.48,6.50,12.00,27.66,40.09
2026-07-07 03:40,CH2,189.59,37.27,6.50,12.00,27.60,40.34
2026-07-07 03:45,CH1,161.45,36.48,6.50,12.00,27.61,40.82
2026-07-07 03:45,CH2,186.23,36.78,6.50,12.00,27.74,40.18
2026-07-07 03:50,CH1,167.84,37.93,6.50,12.00,27.26,40.27
2026-07-07 03:50,CH2,187.67,36.97,6.50,12.00,27.12,40.89
2026-07-07 03:55,CH1,171.35,38.76,6.50,12.00,27.69,40.87
2026-07-07 03:55,CH2,194.27,38.44,6.50,12.00,27.73,40.61
2026-07-07 04:00,CH1,165.74,37.64,6.50,12.00,28.08,40.28
2026-07-07 04:00,CH2,198.69,39.24,6.50,12.00,27.83,40.90
2026-07-07 04:05,CH1,166.25,37.88,6.50,12.00,28.07,40.79
2026-07-07 04:05,CH2,200.86,39.67,6.50,12.00,28.09,40.94
2026-07-07 04:10,CH1,175.76,39.99,6.50,12.00,28.02,40.83
2026-07-07 04:10,CH2,195.60,38.78,6.50,12.00,27.75,40.38
2026-07-07 04:15,CH1,177.51,40.48,6.50,12.00,27.98,40.55
2026-07-07 04:15,CH2,200.44,39.65,6.50,12.00,27.45,40.77
2026-07-07 04:20,CH1,177.81,40.66,6.50,12.00,27.76,40.21
2026-07-07 04:20,CH2,199.42,39.53,6.50,12.00,27.40,40.39
2026-07-07 04:25,CH1,176.43,40.24,6.50,12.00,27.90,40.63
2026-07-07 04:25,CH2,207.73,41.24,6.50,12.00,28.13,40.73
2026-07-07 04:30,CH1,178.59,40.80,6.50,12.00,28.33,40.99
2026-07-07 04:30,CH2,206.19,41.08,6.50,12.00,27.80,40.55
2026-07-07 04:35,CH1,179.64,41.11,6.50,12.00,28.39,40.38
2026-07-07 04:35,CH2,209.60,41.71,6.50,12.00,27.48,40.66
2026-07-07 04:40,CH1,184.79,42.44,6.50,12.00,27.89,40.39
2026-07-07 04:40,CH2,215.80,43.02,6.50,12.00,27.81,40.57
2026-07-07 04:45,CH1,185.75,42.61,6.50,12.00,27.47,40.15
2026-07-07 04:45,CH2,216.31,43.19,6.50,12.00,28.00,40.83
2026-07-07 04:50,CH1,191.11,44.03,6.50,12.00,28.04,40.48
2026-07-07 04:50,CH2,217.67,43.59,6.50,12.00,27.79,40.90
2026-07-07 04:55,CH1,189.20,43.50,6.50,12.00,28.18,40.74
2026-07-07 04:55,CH2,222.16,44.40,6.50,12.00,27.71,40.27
2026-07-07 05:00,CH1,189.69,43.70,6.50,12.00,28.32,40.93
2026-07-07 05:00,CH2,222.24,44.61,6.50,12.00,28.27,40.04
2026-07-07 05:05,CH1,194.89,44.91,6.50,12.00,27.89,40.91
2026-07-07 05:05,CH2,220.30,44.25,6.50,12.00,28.50,40.46
2026-07-07 05:10,CH1,195.91,45.39,6.50,12.00,28.43,40.92
2026-07-07 05:10,CH2,228.01,45.82,6.50,12.00,27.83,40.59
2026-07-07 05:15,CH1,196.48,45.37,6.50,12.00,27.90,40.38
2026-07-07 05:15,CH2,231.46,46.62,6.50,12.00,27.94,40.28
2026-07-07 05:20,CH1,202.19,46.86,6.50,12.00,28.03,40.72
2026-07-07 05:20,CH2,230.06,46.34,6.50,12.00,28.58,40.43
2026-07-07 05:25,CH1,205.96,47.73,6.50,12.00,28.45,40.13
2026-07-07 05:25,CH2,233.62,47.07,6.50,12.00,28.27,40.56
2026-07-07 05:30,CH1,205.46,47.86,6.50,12.00,27.78,40.20
2026-07-07 05:30,CH2,234.94,47.42,6.50,12.00,28.16,40.07
2026-07-07 05:35,CH1,203.27,47.40,6.50,12.00,28.37,40.55
2026-07-07 05:35,CH2,239.37,48.40,6.50,12.00,28.05,40.25
2026-07-07 05:40,CH1,212.90,49.68,6.50,12.00,27.94,40.93
2026-07-07 05:40,CH2,244.11,49.46,6.50,12.00,28.43,40.98
2026-07-07 05:45,CH1,207.66,48.45,6.50,12.00,28.69,40.38
2026-07-07 05:45,CH2,248.71,50.29,6.50,12.00,28.23,40.84
2026-07-07 05:50,CH1,217.11,50.77,6.50,12.00,28.24,40.48
2026-07-07 05:50,CH2,243.06,49.25,6.50,12.00,28.62,40.85
2026-07-07 05:55,CH1,217.75,50.93,6.50,12.00,28.27,40.26
2026-07-07 05:55,CH2,248.60,50.42,6.50,12.00,28.72,40.84
2026-07-07 06:00,CH1,218.54,51.30,6.50,12.00,28.66,40.55
2026-07-07 06:00,CH2,250.79,50.93,6.50,12.00,28.70,40.38
2026-07-07 06:05,CH1,217.85,51.17,6.50,12.00,29.00,40.96
2026-07-07 06:05,CH2,252.73,51.34,6.50,12.00,28.91,40.94
2026-07-07 06:10,CH1,219.15,51.58,6.50,12.00,28.50,40.97
2026-07-07 06:10,CH2,257.34,52.36,6.50,12.00,28.72,40.48
2026-07-07 06:15,CH1,221.62,52.15,6.50,12.00,28.56,40.73
2026-07-07 06:15,CH2,260.07,53.05,6.50,12.00,28.21,40.54
2026-07-07 06:20,CH1,223.93,52.71,6.50,12.00,28.84,40.96
2026-07-07 06:20,CH2,261.06,53.25,6.50,12.00,29.04,40.72
2026-07-07 06:25,CH1,227.12,53.68,6.50,12.00,28.99,40.01
2026-07-07 06:25,CH2,266.50,54.52,6.50,12.00,28.50,40.32
2026-07-07 06:30,CH1,231.98,54.85,6.50,12.00,28.45,40.56
2026-07-07 06:30,CH2,263.42,53.92,6.50,12.00,28.32,40.64
2026-07-07 06:35,CH1,233.28,55.23,6.50,12.00,28.89,40.57
2026-07-07 06:35,CH2,267.57,54.78,6.50,12.00,28.30,40.47
2026-07-07 06:40,CH1,236.06,56.05,6.50,12.00,28.49,40.97
2026-07-07 06:40,CH2,274.14,56.28,6.50,12.00,28.60,40.81
2026-07-07 06:45,CH1,231.97,55.04,6.50,12.00,29.24,40.50
2026-07-07 06:45,CH2,274.42,56.44,6.50,12.00,29.07,40.66
2026-07-07 06:50,CH1,241.22,57.44,6.50,12.00,28.74,40.02
2026-07-07 06:50,CH2,272.47,56.12,6.50,12.00,28.98,40.59
2026-07-07 06:55,CH1,235.52,56.09,6.50,12.00,29.18,40.70
2026-07-07 06:55,CH2,274.86,56.57,6.50,12.00,28.76,40.38
2026-07-07 07:00,CH1,239.32,57.02,6.50,12.00,28.45,40.27
2026-07-07 07:00,CH2,283.13,58.31,6.50,12.00,28.84,40.01
2026-07-07 07:05,CH1,240.66,57.50,6.50,12.00,29.16,40.38
2026-07-07 07:05,CH2,284.97,58.79,6.50,12.00,29.29,40.67
2026-07-07 07:10,CH1,244.64,58.56,6.50,12.00,28.52,40.40
2026-07-07 07:10,CH2,282.60,58.42,6.50,12.00,29.24,40.55
2026-07-07 07:15,CH1,247.64,59.29,6.50,12.00,28.96,40.07
2026-07-07 07:15,CH2,284.85,59.03,6.50,12.00,29.04,40.44
2026-07-07 07:20,CH1,252.23,60.58,6.50,12.00,28.70,40.01
2026-07-07 07:20,CH2,285.71,59.26,6.50,12.00,29.46,40.25
2026-07-07 07:25,CH1,250.69,60.31,6.50,12.00,29.24,40.81
2026-07-07 07:25,CH2,293.08,60.76,6.50,12.00,29.39,40.40
2026-07-07 07:30,CH1,255.71,61.42,6.50,12.00,29.18,40.03
2026-07-07 07:30,CH2,296.30,61.46,6.50,12.00,28.66,40.00
2026-07-07 07:35,CH1,250.84,60.36,6.50,12.00,28.77,40.83
2026-07-07 07:35,CH2,293.13,61.03,6.50,12.00,28.83,40.51
2026-07-07 07:40,CH1,254.32,61.35,6.50,12.00,29.35,40.07
2026-07-07 07:40,CH2,296.71,61.77,6.50,12.00,28.77,40.73
2026-07-07 07:45,CH1,260.98,63.04,6.50,12.00,29.10,40.89
2026-07-07 07:45,CH2,300.23,62.53,6.50,12.00,29.64,40.28
2026-07-07 07:50,CH1,261.21,63.16,6.50,12.00,29.75,40.05
2026-07-07 07:50,CH2,304.29,63.42,6.50,12.00,29.46,40.21
2026-07-07 07:55,CH1,264.23,63.87,6.50,12.00,29.68,40.18
2026-07-07 07:55,CH2,301.82,63.16,6.50,12.00,29.22,40.58
2026-07-07 08:00,CH1,260.93,63.20,6.50,12.00,29.80,40.91
2026-07-07 08:00,CH2,303.64,63.48,6.50,12.00,29.79,40.32
2026-07-07 08:05,CH1,266.68,64.75,6.50,12.00,29.29,40.99
2026-07-07 08:05,CH2,305.08,63.85,6.50,12.00,29.70,40.37
2026-07-07 08:10,CH1,262.27,63.74,6.50,12.00,29.61,40.10
2026-07-07 08:10,CH2,306.14,64.23,6.50,12.00,29.58,40.31
2026-07-07 08:15,CH1,270.35,65.89,6.50,12.00,29.10,40.65
2026-07-07 08:15,CH2,312.36,65.66,6.50,12.00,29.67,40.80
2026-07-07 08:20,CH1,267.98,65.38,6.50,12.00,29.16,40.95
2026-07-07 08:20,CH2,307.29,64.46,6.50,12.00,29.77,40.20
2026-07-07 08:25,CH1,271.38,66.13,6.50,12.00,29.53,40.74
2026-07-07 08:25,CH2,316.15,66.54,6.50,12.00,29.56,40.10
2026-07-07 08:30,CH1,270.46,65.98,6.50,12.00,29.73,40.93
2026-07-07 08:30,CH2,317.67,66.78,6.50,12.00,29.71,40.95
2026-07-07 08:35,CH1,274.92,67.10,6.50,12.00,29.36,40.10
2026-07-07 08:35,CH2,316.51,66.65,6.50,12.00,29.14,40.97
2026-07-07 08:40,CH1,276.86,67.83,6.50,12.00,29.76,40.28
2026-07-07 08:40,CH2,316.54,66.74,6.50,12.00,29.35,40.01
2026-07-07 08:45,CH1,271.60,66.63,6.50,12.00,29.51,40.53
2026-07-07 08:45,CH2,325.16,68.59,6.50,12.00,29.25,40.71
2026-07-07 08:50,CH1,276.37,67.79,6.50,12.00,29.92,40.54
2026-07-07 08:50,CH2,326.64,69.00,6.50,12.00,29.47,40.93
2026-07-07 08:55,CH1,275.68,67.65,6.50,12.00,29.41,40.25
2026-07-07 08:55,CH2,324.96,68.82,6.50,12.00,29.82,40.82
2026-07-07 09:00,CH1,282.82,69.41,6.50,12.00,29.79,40.22
2026-07-07 09:00,CH2,329.25,69.69,6.50,12.00,29.90,40.41
2026-07-07 09:05,CH1,280.11,68.84,6.50,12.00,29.96,40.34
2026-07-07 09:05,CH2,325.68,69.00,6.50,12.00,29.90,40.89
2026-07-07 09:10,CH1,280.67,69.01,6.50,12.00,29.92,40.41
2026-07-07 09:10,CH2,331.21,70.29,6.50,12.00,29.49,40.46
2026-07-07 09:15,CH1,287.97,70.90,6.50,12.00,29.35,40.68
2026-07-07 09:15,CH2,331.49,70.48,6.50,12.00,29.70,40.12
2026-07-07 09:20,CH1,287.70,70.99,6.50,12.00,29.88,40.24
2026-07-07 09:20,CH2,331.44,70.45,6.50,12.00,30.09,40.48
2026-07-07 09:25,CH1,283.86,70.08,6.50,12.00,29.38,40.06
2026-07-07 09:25,CH2,327.63,69.67,6.50,12.00,29.59,40.37
2026-07-07 09:30,CH1,283.15,70.01,6.50,12.00,29.66,40.55
2026-07-07 09:30,CH2,337.87,71.91,6.50,12.00,29.52,40.02
2026-07-07 09:35,CH1,292.12,72.28,6.50,12.00,29.37,40.59
2026-07-07 09:35,CH2,335.42,71.41,6.50,12.00,30.17,40.56
2026-07-07 09:40,CH1,290.78,72.10,6.50,12.00,29.49,40.72
2026-07-07 09:40,CH2,333.21,71.03,6.50,12.00,30.32,40.46
2026-07-07 09:45,CH1,287.03,71.19,6.50,12.00,29.55,40.70
2026-07-07 09:45,CH2,333.51,71.17,6.50,12.00,30.27,40.48
2026-07-07 09:50,CH1,286.90,71.29,6.50,12.00,30.26,40.66
2026-07-07 09:50,CH2,335.57,71.54,6.50,12.00,30.03,40.24
2026-07-07 09:55,CH1,288.48,71.58,6.50,12.00,30.33,40.90
2026-07-07 09:55,CH2,341.46,72.93,6.50,12.00,29.87,40.49
2026-07-07 10:00,CH1,292.49,72.72,6.50,12.00,30.33,40.57
2026-07-07 10:00,CH2,340.13,72.65,6.50,12.00,30.27,40.26
2026-07-07 10:05,CH1,289.95,72.20,6.50,12.00,29.91,40.60
2026-07-07 10:05,CH2,337.53,72.24,6.50,12.00,30.29,40.49
2026-07-07 10:10,CH1,295.13,73.47,6.50,12.00,30.34,40.06
2026-07-07 10:10,CH2,346.98,74.18,6.50,12.00,30.10,40.14
2026-07-07 10:15,CH1,294.44,73.40,6.50,12.00,29.62,40.97
2026-07-07 10:15,CH2,346.12,74.08,6.50,12.00,29.63,40.53
2026-07-07 10:20,CH1,293.54,73.20,6.50,12.00,29.83,40.89
2026-07-07 10:20,CH2,345.32,74.09,6.50,12.00,29.59,40.52
2026-07-07 10:25,CH1,300.74,75.01,6.50,12.00,30.54,40.64
2026-07-07 10:25,CH2,348.34,74.57,6.50,12.00,30.49,40.98
2026-07-07 10:30,CH1,299.28,74.63,6.50,12.00,30.27,40.92
2026-07-07 10:30,CH2,344.79,74.06,6.50,12.00,30.31,40.71
2026-07-07 10:35,CH1,295.07,73.74,6.50,12.00,30.23,40.37
2026-07-07 10:35,CH2,348.62,74.83,6.50,12.00,30.08,40.22
2026-07-07 10:40,CH1,297.87,74.50,6.50,12.00,30.51,40.11
2026-07-07 10:40,CH2,346.03,74.29,6.50,12.00,29.99,41.00
2026-07-07 10:45,CH1,299.92,75.02,6.50,12.00,30.03,40.96
2026-07-07 10:45,CH2,347.45,74.71,6.50,12.00,29.81,40.72
2026-07-07 10:50,CH1,301.39,75.28,6.50,12.00,29.77,40.58
2026-07-07 10:50,CH2,348.92,75.03,6.50,12.00,29.92,40.49
2026-07-07 10:55,CH1,297.66,74.51,6.50,12.00,30.45,40.95
2026-07-07 10:55,CH2,347.94,74.80,6.50,12.00,30.25,40.15
2026-07-07 11:00,CH1,304.48,76.21,6.50,12.00,30.25,40.90
2026-07-07 11:00,CH2,345.93,74.46,6.50,12.00,30.25,40.22
2026-07-07 11:05,CH1,303.31,75.99,6.50,12.00,30.44,40.91
2026-07-07 11:05,CH2,346.64,74.55,6.50,12.00,29.83,40.32
2026-07-07 11:10,CH1,303.10,76.02,6.50,12.00,30.52,40.54
2026-07-07 11:10,CH2,351.68,75.67,6.50,12.00,29.89,40.72
2026-07-07 11:15,CH1,301.10,75.37,6.50,12.00,30.00,40.64
2026-07-07 11:15,CH2,349.93,75.41,6.50,12.00,30.16,40.59
2026-07-07 11:20,CH1,302.12,75.68,6.50,12.00,30.50,40.82
2026-07-07 11:20,CH2,349.33,75.17,6.50,12.00,29.70,40.08
2026-07-07 11:25,CH1,303.99,76.16,6.50,12.00,30.29,40.15
2026-07-07 11:25,CH2,348.81,75.14,6.50,12.00,29.85,40.64
2026-07-07 11:30,CH1,305.04,76.40,6.50,12.00,30.39,40.17
2026-07-07 11:30,CH2,351.45,75.76,6.50,12.00,30.19,40.59
2026-07-07 11:35,CH1,303.95,76.32,6.50,12.00,30.12,40.64
2026-07-07 11:35,CH2,352.43,75.96,6.50,12.00,30.06,40.70
2026-07-07 11:40,CH1,305.71,76.56,6.50,12.00,29.95,40.66
2026-07-07 11:40,CH2,357.35,77.06,6.50,12.00,29.74,40.77
2026-07-07 11:45,CH1,304.97,76.58,6.50,12.00,30.40,40.84
2026-07-07 11:45,CH2,353.79,76.26,6.50,12.00,30.22,40.58
2026-07-07 11:50,CH1,301.40,75.54,6.50,12.00,30.63,40.04
2026-07-07 11:50,CH2,357.42,77.00,6.50,12.00,30.21,40.55
2026-07-07 11:55,CH1,302.27,75.78,6.50,12.00,30.45,40.58
2026-07-07 11:55,CH2,353.09,76.13,6.50,12.00,30.22,40.32
2026-07-07 12:00,CH1,306.98,76.93,6.50,12.00,29.85,40.29
2026-07-07 12:00,CH2,351.39,75.70,6.50,12.00,30.09,40.64
2026-07-07 12:05,CH1,300.42,75.28,6.50,12.00,30.54,40.04
2026-07-07 12:05,CH2,355.33,76.50,6.50,12.00,29.68,40.20
2026-07-07 12:10,CH1,306.50,76.94,6.50,12.00,30.27,40.79
2026-07-07 12:10,CH2,349.41,75.35,6.50,12.00,29.73,40.73
2026-07-07 12:15,CH1,305.96,76.68,6.50,12.00,29.85,40.16
2026-07-07 12:15,CH2,356.86,76.78,6.50,12.00,29.73,40.88
2026-07-07 12:20,CH1,301.08,75.42,6.50,12.00,30.63,40.17
2026-07-07 12:20,CH2,349.47,75.28,6.50,12.00,30.04,40.69
2026-07-07 12:25,CH1,306.30,76.82,6.50,12.00,29.93,40.91
2026-07-07 12:25,CH2,350.03,75.43,6.50,12.00,29.97,40.31
2026-07-07 12:30,CH1,300.25,75.34,6.50,12.00,29.69,40.00
2026-07-07 12:30,CH2,352.04,75.72,6.50,12.00,30.56,40.96
2026-07-07 12:35,CH1,306.71,76.89,6.50,12.00,30.03,40.59
2026-07-07 12:35,CH2,357.21,76.80,6.50,12.00,29.87,40.78
2026-07-07 12:40,CH1,301.93,75.55,6.50,12.00,30.09,40.09
2026-07-07 12:40,CH2,354.86,76.41,6.50,12.00,30.63,40.50
2026-07-07 12:45,CH1,300.71,75.32,6.50,12.00,30.59,40.13
2026-07-07 12:45,CH2,350.21,75.43,6.50,12.00,30.01,40.12
2026-07-07 12:50,CH1,302.13,75.77,6.50,12.00,30.39,40.35
2026-07-07 12:50,CH2,348.28,74.91,6.50,12.00,30.15,40.65
2026-07-07 12:55,CH1,300.58,75.31,6.50,12.00,29.86,40.09
2026-07-07 12:55,CH2,350.85,75.51,6.50,12.00,30.60,40.42
2026-07-07 13:00,CH1,299.77,74.91,6.50,12.00,30.56,40.88
2026-07-07 13:00,CH2,345.80,74.39,6.50,12.00,30.12,40.09
2026-07-07 13:05,CH1,302.03,75.54,6.50,12.00,30.08,40.08
2026-07-07 13:05,CH2,349.71,75.25,6.50,12.00,29.78,40.18
2026-07-07 13:10,CH1,299.64,74.95,6.50,12.00,30.34,40.24
2026-07-07 13:10,CH2,349.33,75.11,6.50,12.00,30.52,40.34
2026-07-07 13:15,CH1,303.77,75.82,6.50,12.00,29.62,40.17
2026-07-07 13:15,CH2,349.94,75.14,6.50,12.00,29.93,40.32
2026-07-07 13:20,CH1,295.74,73.97,6.50,12.00,30.32,40.33
2026-07-07 13:20,CH2,343.94,73.84,6.50,12.00,29.81,40.73
2026-07-07 13:25,CH1,296.01,74.02,6.50,12.00,29.58,40.09
2026-07-07 13:25,CH2,342.19,73.50,6.50,12.00,30.38,40.39
2026-07-07 13:30,CH1,298.44,74.36,6.50,12.00,30.18,40.31
2026-07-07 13:30,CH2,350.17,75.18,6.50,12.00,29.97,40.61
2026-07-07 13:35,CH1,294.15,73.36,6.50,12.00,30.04,40.18
2026-07-07 13:35,CH2,348.37,74.70,6.50,12.00,29.90,40.35
2026-07-07 13:40,CH1,296.58,73.84,6.50,12.00,29.55,40.92
2026-07-07 13:40,CH2,345.72,74.14,6.50,12.00,29.71,40.84
2026-07-07 13:45,CH1,293.27,73.16,6.50,12.00,30.22,40.68
2026-07-07 13:45,CH2,342.53,73.36,6.50,12.00,30.36,40.64
2026-07-07 13:50,CH1,298.49,74.25,6.50,12.00,29.96,40.46
2026-07-07 13:50,CH2,338.85,72.42,6.50,12.00,29.50,40.56
2026-07-07 13:55,CH1,295.42,73.42,6.50,12.00,30.42,40.77
2026-07-07 13:55,CH2,343.87,73.48,6.50,12.00,30.36,40.96
2026-07-07 14:00,CH1,294.17,73.20,6.50,12.00,29.55,40.23
2026-07-07 14:00,CH2,339.77,72.66,6.50,12.00,30.11,40.31
2026-07-07 14:05,CH1,292.69,72.63,6.50,12.00,30.21,40.53
2026-07-07 14:05,CH2,341.04,72.93,6.50,12.00,29.73,40.10
2026-07-07 14:10,CH1,292.81,72.68,6.50,12.00,29.54,40.30
2026-07-07 14:10,CH2,340.51,72.79,6.50,12.00,30.26,40.73
2026-07-07 14:15,CH1,288.75,71.50,6.50,12.00,29.61,40.94
2026-07-07 14:15,CH2,340.23,72.58,6.50,12.00,29.47,40.73
2026-07-07 14:20,CH1,287.44,71.16,6.50,12.00,29.76,40.63
2026-07-07 14:20,CH2,340.00,72.42,6.50,12.00,29.44,40.12
2026-07-07 14:25,CH1,287.39,71.05,6.50,12.00,29.78,40.47
2026-07-07 14:25,CH2,334.35,71.21,6.50,12.00,29.54,40.73
2026-07-07 14:30,CH1,284.29,70.19,6.50,12.00,29.61,40.27
2026-07-07 14:30,CH2,337.41,71.89,6.50,12.00,29.79,40.36
2026-07-07 14:35,CH1,286.73,70.92,6.50,12.00,30.11,40.89
2026-07-07 14:35,CH2,330.22,70.15,6.50,12.00,29.52,40.90
2026-07-07 14:40,CH1,282.90,69.73,6.50,12.00,29.40,40.33
2026-07-07 14:40,CH2,333.61,70.97,6.50,12.00,29.32,40.23
2026-07-07 14:45,CH1,284.30,70.12,6.50,12.00,29.86,40.77
2026-07-07 14:45,CH2,331.23,70.35,6.50,12.00,29.81,40.92
2026-07-07 14:50,CH1,278.98,68.74,6.50,12.00,29.99,40.57
2026-07-07 14:50,CH2,325.04,69.04,6.50,12.00,29.56,40.93
2026-07-07 14:55,CH1,281.74,69.37,6.50,12.00,29.48,40.94
2026-07-07 14:55,CH2,329.09,69.71,6.50,12.00,29.62,41.00
2026-07-07 15:00,CH1,278.44,68.56,6.50,12.00,29.50,40.92
2026-07-07 15:00,CH2,323.64,68.49,6.50,12.00,29.74,40.08
2026-07-07 15:05,CH1,276.03,67.72,6.50,12.00,29.24,40.83
2026-07-07 15:05,CH2,323.53,68.37,6.50,12.00,29.72,40.19
2026-07-07 15:10,CH1,280.10,68.74,6.50,12.00,29.94,40.61
2026-07-07 15:10,CH2,326.17,69.01,6.50,12.00,29.43,40.20
2026-07-07 15:15,CH1,272.42,66.77,6.50,12.00,29.93,40.30
2026-07-07 15:15,CH2,318.32,67.26,6.50,12.00,29.20,40.30
2026-07-07 15:20,CH1,272.14,66.58,6.50,12.00,29.66,40.52
2026-07-07 15:20,CH2,316.78,66.75,6.50,12.00,29.83,40.42
2026-07-07 15:25,CH1,274.63,67.13,6.50,12.00,29.48,40.16
2026-07-07 15:25,CH2,313.21,66.04,6.50,12.00,29.33,40.79
2026-07-07 15:30,CH1,274.33,66.96,6.50,12.00,29.80,40.00
2026-07-07 15:30,CH2,314.43,66.12,6.50,12.00,29.99,40.50
2026-07-07 15:35,CH1,266.77,65.10,6.50,12.00,29.57,40.78
2026-07-07 15:35,CH2,314.22,66.19,6.50,12.00,29.82,40.23
2026-07-07 15:40,CH1,269.93,65.87,6.50,12.00,29.83,40.69
2026-07-07 15:40,CH2,314.20,65.92,6.50,12.00,29.84,40.74
2026-07-07 15:45,CH1,265.31,64.59,6.50,12.00,29.70,40.55
2026-07-07 15:45,CH2,311.34,65.26,6.50,12.00,29.74,40.41
2026-07-07 15:50,CH1,262.10,63.68,6.50,12.00,29.26,40.34
2026-07-07 15:50,CH2,303.43,63.67,6.50,12.00,29.44,40.53
2026-07-07 15:55,CH1,260.93,63.26,6.50,12.00,28.92,40.84
2026-07-07 15:55,CH2,305.05,63.88,6.50,12.00,29.21,40.11
2026-07-07 16:00,CH1,262.72,63.62,6.50,12.00,29.80,40.60
2026-07-07 16:00,CH2,299.63,62.73,6.50,12.00,29.45,40.92
2026-07-07 16:05,CH1,261.70,63.44,6.50,12.00,29.06,40.92
2026-07-07 16:05,CH2,306.30,63.97,6.50,12.00,29.27,40.67
2026-07-07 16:10,CH1,261.32,63.29,6.50,12.00,29.49,40.05
2026-07-07 16:10,CH2,300.73,62.70,6.50,12.00,29.46,40.09
2026-07-07 16:15,CH1,258.44,62.50,6.50,12.00,29.34,40.96
2026-07-07 16:15,CH2,294.72,61.51,6.50,12.00,29.73,40.90
2026-07-07 16:20,CH1,253.89,61.10,6.50,12.00,28.83,40.16
2026-07-07 16:20,CH2,299.16,62.26,6.50,12.00,29.19,40.63
2026-07-07 16:25,CH1,258.20,62.14,6.50,12.00,29.36,40.11
2026-07-07 16:25,CH2,296.40,61.66,6.50,12.00,28.72,40.82
2026-07-07 16:30,CH1,249.82,60.14,6.50,12.00,28.81,40.19
2026-07-07 16:30,CH2,295.49,61.43,6.50,12.00,29.64,40.72
2026-07-07 16:35,CH1,251.90,60.46,6.50,12.00,29.17,40.39
2026-07-07 16:35,CH2,290.34,60.36,6.50,12.00,29.38,40.18
2026-07-07 16:40,CH1,244.27,58.64,6.50,12.00,29.50,40.98
2026-07-07 16:40,CH2,286.32,59.36,6.50,12.00,29.08,40.18
2026-07-07 16:45,CH1,249.58,59.71,6.50,12.00,28.84,40.38
2026-07-07 16:45,CH2,283.10,58.54,6.50,12.00,29.00,40.47
2026-07-07 16:50,CH1,245.92,58.88,6.50,12.00,29.27,40.29
2026-07-07 16:50,CH2,281.40,58.27,6.50,12.00,28.72,40.87
2026-07-07 16:55,CH1,239.02,57.20,6.50,12.00,29.21,40.31
2026-07-07 16:55,CH2,284.26,58.78,6.50,12.00,29.02,40.25
2026-07-07 17:00,CH1,245.27,58.47,6.50,12.00,28.69,40.29
2026-07-07 17:00,CH2,275.28,56.81,6.50,12.00,29.02,40.67
2026-07-07 17:05,CH1,241.28,57.39,6.50,12.00,29.00,40.62
2026-07-07 17:05,CH2,276.09,56.83,6.50,12.00,29.01,40.09
2026-07-07 17:10,CH1,238.07,56.60,6.50,12.00,29.31,40.39
2026-07-07 17:10,CH2,275.66,56.75,6.50,12.00,29.06,40.97
2026-07-07 17:15,CH1,238.01,56.50,6.50,12.00,28.98,40.26
2026-07-07 17:15,CH2,268.97,55.33,6.50,12.00,28.68,40.82
2026-07-07 17:20,CH1,229.63,54.40,6.50,12.00,28.42,40.63
2026-07-07 17:20,CH2,274.05,56.19,6.50,12.00,28.65,40.69
2026-07-07 17:25,CH1,228.47,53.99,6.50,12.00,28.70,40.93
2026-07-07 17:25,CH2,270.05,55.41,6.50,12.00,28.66,40.56
2026-07-07 17:30,CH1,230.28,54.39,6.50,12.00,29.01,40.61
2026-07-07 17:30,CH2,269.18,55.12,6.50,12.00,28.56,40.77
2026-07-07 17:35,CH1,225.78,53.36,6.50,12.00,28.63,40.41
2026-07-07 17:35,CH2,261.25,53.46,6.50,12.00,28.22,40.68
2026-07-07 17:40,CH1,228.48,53.81,6.50,12.00,28.82,40.19
2026-07-07 17:40,CH2,262.93,53.62,6.50,12.00,28.75,40.91
2026-07-07 17:45,CH1,226.94,53.41,6.50,12.00,28.64,40.70
2026-07-07 17:45,CH2,256.21,52.20,6.50,12.00,28.62,40.82
2026-07-07 17:50,CH1,225.28,52.86,6.50,12.00,28.21,40.30
2026-07-07 17:50,CH2,253.30,51.53,6.50,12.00,28.21,40.16
2026-07-07 17:55,CH1,217.61,51.01,6.50,12.00,28.87,40.49
2026-07-07 17:55,CH2,255.61,51.98,6.50,12.00,28.14,40.40
2026-07-07 18:00,CH1,214.15,50.20,6.50,12.00,28.71,40.92
2026-07-07 18:00,CH2,249.60,50.75,6.50,12.00,28.29,40.15
2026-07-07 18:05,CH1,219.08,51.41,6.50,12.00,28.56,40.25
2026-07-07 18:05,CH2,246.07,49.98,6.50,12.00,28.49,40.14
2026-07-07 18:10,CH1,216.14,50.57,6.50,12.00,28.27,40.80
2026-07-07 18:10,CH2,244.63,49.59,6.50,12.00,28.71,40.51
2026-07-07 18:15,CH1,212.51,49.56,6.50,12.00,28.28,40.41
2026-07-07 18:15,CH2,244.32,49.49,6.50,12.00,28.24,40.14
2026-07-07 18:20,CH1,209.55,48.90,6.50,12.00,28.14,40.75
2026-07-07 18:20,CH2,244.86,49.52,6.50,12.00,28.47,40.68
2026-07-07 18:25,CH1,203.80,47.41,6.50,12.00,28.33,40.40
2026-07-07 18:25,CH2,242.35,48.93,6.50,12.00,27.98,40.21
2026-07-07 18:30,CH1,205.94,47.90,6.50,12.00,28.18,40.26
2026-07-07 18:30,CH2,239.22,48.32,6.50,12.00,28.44,40.33
2026-07-07 18:35,CH1,202.90,47.08,6.50,12.00,27.98,40.15
2026-07-07 18:35,CH2,238.41,48.05,6.50,12.00,28.59,40.79
2026-07-07 18:40,CH1,201.65,46.79,6.50,12.00,27.74,40.46
2026-07-07 18:40,CH2,227.30,45.80,6.50,12.00,27.77,40.97
2026-07-07 18:45,CH1,202.55,46.92,6.50,12.00,27.83,40.05
2026-07-07 18:45,CH2,234.52,47.06,6.50,12.00,28.40,40.84
2026-07-07 18:50,CH1,199.75,46.07,6.50,12.00,28.41,40.02
2026-07-07 18:50,CH2,224.69,45.19,6.50,12.00,27.80,40.52
2026-07-07 18:55,CH1,195.23,45.07,6.50,12.00,28.01,40.92
2026-07-07 18:55,CH2,220.56,44.27,6.50,12.00,28.54,40.96
2026-07-07 19:00,CH1,194.03,44.69,6.50,12.00,28.13,40.56
2026-07-07 19:00,CH2,224.31,44.89,6.50,12.00,27.59,40.59
2026-07-07 19:05,CH1,187.90,43.25,6.50,12.00,28.32,40.38
2026-07-07 19:05,CH2,217.47,43.54,6.50,12.00,28.53,40.12
2026-07-07 19:10,CH1,188.17,43.15,6.50,12.00,28.27,40.01
2026-07-07 19:10,CH2,214.06,42.68,6.50,12.00,28.31,40.91
2026-07-07 19:15,CH1,189.94,43.67,6.50,12.00,27.90,40.31
2026-07-07 19:15,CH2,215.36,42.91,6.50,12.00,28.30,40.13
2026-07-07 19:20,CH1,186.85,42.79,6.50,12.00,28.19,40.36
2026-07-07 19:20,CH2,208.85,41.56,6.50,12.00,28.11,40.52
2026-07-07 19:25,CH1,178.53,40.88,6.50,12.00,27.48,40.50
2026-07-07 19:25,CH2,208.96,41.69,6.50,12.00,27.48,40.68
2026-07-07 19:30,CH1,177.80,40.60,6.50,12.00,28.02,40.92
2026-07-07 19:30,CH2,211.99,42.09,6.50,12.00,27.83,40.93
2026-07-07 19:35,CH1,179.78,40.98,6.50,12.00,27.88,40.06
2026-07-07 19:35,CH2,205.65,40.84,6.50,12.00,27.90,40.59
2026-07-07 19:40,CH1,177.40,40.54,6.50,12.00,27.78,40.58
2026-07-07 19:40,CH2,206.80,40.99,6.50,12.00,27.34,40.21
2026-07-07 19:45,CH1,174.48,39.71,6.50,12.00,27.76,40.62
2026-07-07 19:45,CH2,203.26,40.26,6.50,12.00,27.50,40.04
2026-07-07 19:50,CH1,169.05,38.40,6.50,12.00,27.93,40.63
2026-07-07 19:50,CH2,202.95,40.26,6.50,12.00,27.28,40.38
2026-07-07 19:55,CH1,168.28,38.31,6.50,12.00,28.05,40.05
2026-07-07 19:55,CH2,200.98,39.83,6.50,12.00,27.25,40.99
2026-07-07 20:00,CH1,165.06,37.50,6.50,12.00,28.11,40.32
2026-07-07 20:00,CH2,193.23,38.27,6.50,12.00,27.46,40.48
2026-07-07 20:05,CH1,170.55,38.56,6.50,12.00,27.34,40.19
2026-07-07 20:05,CH2,192.41,37.88,6.50,12.00,27.56,40.03
2026-07-07 20:10,CH1,168.58,38.09,6.50,12.00,27.42,40.98
2026-07-07 20:10,CH2,191.07,37.71,6.50,12.00,27.28,40.79
2026-07-07 20:15,CH1,159.83,36.20,6.50,12.00,27.07,40.58
2026-07-07 20:15,CH2,186.34,36.67,6.50,12.00,28.03,40.95
2026-07-07 20:20,CH1,157.31,35.64,6.50,12.00,27.39,40.29
2026-07-07 20:20,CH2,184.45,36.37,6.50,12.00,27.28,40.81
2026-07-07 20:25,CH1,157.08,35.51,6.50,12.00,27.26,40.90
2026-07-07 20:25,CH2,188.68,37.04,6.50,12.00,27.41,40.08
2026-07-07 20:30,CH1,156.89,35.44,6.50,12.00,27.02,40.48
2026-07-07 20:30,CH2,186.18,36.61,6.50,12.00,27.77,40.35
2026-07-07 20:35,CH1,153.84,34.60,6.50,12.00,27.57,40.64
2026-07-07 20:35,CH2,178.09,34.98,6.50,12.00,27.89,40.86
2026-07-07 20:40,CH1,157.65,35.42,6.50,12.00,26.98,40.81
2026-07-07 20:40,CH2,176.16,34.47,6.50,12.00,27.29,40.73
2026-07-07 20:45,CH1,150.29,33.72,6.50,12.00,27.24,40.41
2026-07-07 20:45,CH2,173.19,33.85,6.50,12.00,27.55,40.50
2026-07-07 20:50,CH1,148.94,33.40,6.50,12.00,27.55,40.21
2026-07-07 20:50,CH2,171.37,33.56,6.50,12.00,27.56,40.94
2026-07-07 20:55,CH1,151.18,33.94,6.50,12.00,27.25,40.53
2026-07-07 20:55,CH2,168.06,32.87,6.50,12.00,27.06,40.07
2026-07-07 21:00,CH1,149.83,33.47,6.50,12.00,27.09,40.28
2026-07-07 21:00,CH2,174.05,34.05,6.50,12.00,27.35,40.13
2026-07-07 21:05,CH1,145.98,32.68,6.50,12.00,26.99,40.02
2026-07-07 21:05,CH2,167.14,32.56,6.50,12.00,27.65,40.02
2026-07-07 21:10,CH1,141.63,31.70,6.50,12.00,27.45,40.09
2026-07-07 21:10,CH2,168.52,32.95,6.50,12.00,27.63,40.91
2026-07-07 21:15,CH1,145.97,32.68,6.50,12.00,27.54,40.19
2026-07-07 21:15,CH2,160.27,31.14,6.50,12.00,27.11,40.87
2026-07-07 21:20,CH1,137.97,30.83,6.50,12.00,27.21,40.02
2026-07-07 21:20,CH2,157.96,30.78,6.50,12.00,27.22,40.16
2026-07-07 21:25,CH1,143.85,32.10,6.50,12.00,27.22,40.88
2026-07-07 21:25,CH2,161.63,31.42,6.50,12.00,26.78,40.18
2026-07-07 21:30,CH1,139.06,31.05,6.50,12.00,27.14,40.54
2026-07-07 21:30,CH2,162.04,31.60,6.50,12.00,27.55,40.53
2026-07-07 21:35,CH1,137.74,30.70,6.50,12.00,26.81,40.79
2026-07-07 21:35,CH2,155.50,30.22,6.50,12.00,27.47,40.06
2026-07-07 21:40,CH1,137.29,30.55,6.50,12.00,26.92,40.75
2026-07-07 21:40,CH2,156.69,30.38,6.50,12.00,26.81,40.72
2026-07-07 21:45,CH1,135.56,30.10,6.50,12.00,26.63,40.28
2026-07-07 21:45,CH2,155.05,29.99,6.50,12.00,26.66,40.76
2026-07-07 21:50,CH1,131.00,29.20,6.50,12.00,27.13,40.55
2026-07-07 21:50,CH2,151.67,29.34,6.50,12.00,26.66,40.94
2026-07-07 21:55,CH1,132.95,29.40,6.50,12.00,26.77,40.49
2026-07-07 21:55,CH2,155.19,30.16,6.50,12.00,26.87,40.80
2026-07-07 22:00,CH1,126.86,28.21,6.50,12.00,26.86,40.65
2026-07-07 22:00,CH2,151.90,29.45,6.50,12.00,27.22,40.71
2026-07-07 22:05,CH1,133.98,29.68,6.50,12.00,26.53,40.86
2026-07-07 22:05,CH2,145.98,28.17,6.50,12.00,26.98,40.59
2026-07-07 22:10,CH1,126.22,27.96,6.50,12.00,27.12,40.69
2026-07-07 22:10,CH2,148.02,28.61,6.50,12.00,26.71,40.86
2026-07-07 22:15,CH1,132.58,29.35,6.50,12.00,27.34,40.16
2026-07-07 22:15,CH2,147.56,28.49,6.50,12.00,26.71,40.60
2026-07-07 22:20,CH1,130.05,28.75,6.50,12.00,27.27,40.64
2026-07-07 22:20,CH2,143.58,27.72,6.50,12.00,27.38,40.09
2026-07-07 22:25,CH1,130.18,28.85,6.50,12.00,26.97,40.90
2026-07-07 22:25,CH2,144.85,27.87,6.50,12.00,26.89,40.12
2026-07-07 22:30,CH1,129.68,28.62,6.50,12.00,26.48,40.55
2026-07-07 22:30,CH2,145.39,27.99,6.50,12.00,27.39,40.42
2026-07-07 22:35,CH1,123.84,27.29,6.50,12.00,27.08,40.57
2026-07-07 22:35,CH2,147.67,28.49,6.50,12.00,26.49,40.29
2026-07-07 22:40,CH1,119.95,26.56,6.50,12.00,27.21,40.17
2026-07-07 22:40,CH2,141.51,27.34,6.50,12.00,27.24,40.20
2026-07-07 22:45,CH1,127.13,28.12,6.50,12.00,27.33,40.54
2026-07-07 22:45,CH2,145.23,27.95,6.50,12.00,26.54,40.18
2026-07-07 22:50,CH1,120.25,26.40,6.50,12.00,27.11,40.30
2026-07-07 22:50,CH2,142.58,27.56,6.50,12.00,26.93,40.56
2026-07-07 22:55,CH1,122.87,27.10,6.50,12.00,26.69,40.02
2026-07-07 22:55,CH2,141.07,27.24,6.50,12.00,26.80,40.40
2026-07-07 23:00,CH1,119.54,26.35,6.50,12.00,27.10,40.97
2026-07-07 23:00,CH2,140.79,27.17,6.50,12.00,26.99,40.77
2026-07-07 23:05,CH1,122.30,26.91,6.50,12.00,27.22,40.14
2026-07-07 23:05,CH2,140.32,26.92,6.50,12.00,26.55,40.51
2026-07-07 23:10,CH1,121.24,26.58,6.50,12.00,27.03,40.48
2026-07-07 23:10,CH2,134.22,25.82,6.50,12.00,26.75,40.39
2026-07-07 23:15,CH1,120.90,26.68,6.50,12.00,26.37,40.97
2026-07-07 23:15,CH2,139.01,26.72,6.50,12.00,26.93,40.06
2026-07-07 23:20,CH1,118.91,26.09,6.50,12.00,26.73,40.67
2026-07-07 23:20,CH2,138.49,26.59,6.50,12.00,27.21,40.13
2026-07-07 23:25,CH1,117.95,26.03,6.50,12.00,26.82,40.09
2026-07-07 23:25,CH2,133.48,25.75,6.50,12.00,26.92,40.33
2026-07-07 23:30,CH1,114.46,25.16,6.50,12.00,26.60,40.80
2026-07-07 23:30,CH2,137.31,26.32,6.50,12.00,27.24,40.33
2026-07-07 23:35,CH1,114.47,25.22,6.50,12.00,27.02,40.57
2026-07-07 23:35,CH2,138.00,26.45,6.50,12.00,26.60,40.73
2026-07-07 23:40,CH1,115.92,25.41,6.50,12.00,26.98,40.68
2026-07-07 23:40,CH2,139.81,26.87,6.50,12.00,26.80,40.56
2026-07-07 23:45,CH1,115.68,25.42,6.50,12.00,26.64,40.35
2026-07-07 23:45,CH2,136.54,26.22,6.50,12.00,26.42,40.24
2026-07-07 23:50,CH1,120.27,26.39,6.50,12.00,27.30,40.15
2026-07-07 23:50,CH2,134.31,25.77,6.50,12.00,27.26,40.72
2026-07-07 23:55,CH1,118.24,26.06,6.50,12.00,26.35,40.11
2026-07-07 23:55,CH2,130.41,24.99,6.50,12.00,26.56,40.31