Fluke 1738 Power Logger export
Serial number: 62934227
Site: LC5 CH3

Trend_Period	PowerP_Total_avg	PowerP_Total_min	PowerP_Total_max	PowerP_L1_avg	PowerP_L2_avg	PowerP_L3_avg	PowerQ_Total_avg	PowerS_Total_avg	Voltage_L1_avg	ActiveEnergy_Total
2026-06-28 15:40:00	1812.6	1721.9	1903.2	604.2	604.2	604.2	543.8	1903.2	400.50	151.0
2026-06-28 15:45:00	2465.8	2342.5	2589.1	821.9	821.9	821.9	739.7	2589.1	400.50	205.5
2026-06-28 15:50:00	2149.0	2041.6	2256.5	716.3	716.3	716.3	644.7	2256.5	400.50	179.1
2026-06-28 15:55:00	2328.3	2211.9	2444.7	776.1	776.1	776.1	698.5	2444.7	400.50	194.0
2026-06-28 16:00:00	1501.4	1426.3	1576.4	500.5	500.5	500.5	450.4	1576.4	400.50	125.1
2026-06-28 16:05:00	2481.1	2357.0	2605.1	827.0	827.0	827.0	744.3	2605.1	400.50	206.8
2026-06-28 16:10:00	1513.6	1437.9	1589.3	504.5	504.5	504.5	454.1	1589.3	400.50	126.1
2026-06-28 16:15:00	1626.5	1545.2	1707.8	542.2	542.2	542.2	488.0	1707.8	400.50	135.5
2026-06-28 16:20:00	1975.9	1877.1	2074.7	658.6	658.6	658.6	592.8	2074.7	400.50	164.7
2026-06-28 16:25:00	2305.1	2189.9	2420.4	768.4	768.4	768.4	691.5	2420.4	400.50	192.1
2026-06-28 16:30:00	1939.4	1842.5	2036.4	646.5	646.5	646.5	581.8	2036.4	400.50	161.6
2026-06-28 16:35:00	1577.3	1498.4	1656.1	525.8	525.8	525.8	473.2	1656.1	400.50	131.4
2026-06-28 16:40:00	1906.6	1811.3	2002.0	635.5	635.5	635.5	572.0	2002.0	400.50	158.9
2026-06-28 16:45:00	2371.7	2253.1	2490.3	790.6	790.6	790.6	711.5	2490.3	400.50	197.6
2026-06-28 16:50:00	1803.7	1713.5	1893.8	601.2	601.2	601.2	541.1	1893.8	400.50	150.3
2026-06-28 16:55:00	1725.0	1638.8	1811.3	575.0	575.0	575.0	517.5	1811.3	400.50	143.8
2026-06-28 17:00:00	2049.8	1947.3	2152.3	683.3	683.3	683.3	614.9	2152.3	400.50	170.8
2026-06-28 17:05:00	2419.2	2298.2	2540.2	806.4	806.4	806.4	725.8	2540.2	400.50	201.6
2026-06-28 17:10:00	2090.1	1985.6	2194.6	696.7	696.7	696.7	627.0	2194.6	400.50	174.2
2026-06-28 17:15:00	1827.6	1736.2	1919.0	609.2	609.2	609.2	548.3	1919.0	400.50	152.3
2026-06-28 17:20:00	2168.2	2059.8	2276.6	722.7	722.7	722.7	650.5	2276.6	400.50	180.7
2026-06-28 17:25:00	2414.7	2294.0	2535.4	804.9	804.9	804.9	724.4	2535.4	400.50	201.2
2026-06-28 17:30:00	1957.0	1859.2	2054.9	652.3	652.3	652.3	587.1	2054.9	400.50	163.1
2026-06-28 17:35:00	2428.2	2306.8	2549.6	809.4	809.4	809.4	728.5	2549.6	400.50	202.3
2026-06-28 17:40:00	2665.6	2532.4	2798.9	888.5	888.5	888.5	799.7	2798.9	400.50	222.1
2026-06-28 17:45:00	2122.5	2016.4	2228.6	707.5	707.5	707.5	636.8	2228.6	400.50	176.9
2026-06-28 17:50:00	1813.1	1722.4	1903.7	604.4	604.4	604.4	543.9	1903.7	400.50	151.1
2026-06-28 17:55:00	2654.5	2521.8	2787.3	884.8	884.8	884.8	796.4	2787.3	400.50	221.2
2026-06-28 18:00:00	1751.5	1663.9	1839.1	583.8	583.8	583.8	525.5	1839.1	400.50	146.0
2026-06-28 18:05:00	2047.3	1944.9	2149.6	682.4	682.4	682.4	614.2	2149.6	400.50	170.6
2026-06-28 18:10:00	2325.8	2209.5	2442.1	775.3	775.3	775.3	697.7	2442.1	400.50	193.8
2026-06-28 18:15:00	1969.5	1871.0	2068.0	656.5	656.5	656.5	590.9	2068.0	400.50	164.1
2026-06-28 18:20:00	1857.1	1764.3	1950.0	619.0	619.0	619.0	557.1	1950.0	400.50	154.8
2026-06-28 18:25:00	1790.7	1701.2	1880.2	596.9	596.9	596.9	537.2	1880.2	400.50	149.2
2026-06-28 18:30:00	2328.9	2212.4	2445.3	776.3	776.3	776.3	698.7	2445.3	400.50	194.1
2026-06-28 18:35:00	1973.0	1874.4	2071.7	657.7	657.7	657.7	591.9	2071.7	400.50	164.4
2026-06-28 18:40:00	2583.5	2454.3	2712.7	861.2	861.2	861.2	775.1	2712.7	400.50	215.3
2026-06-28 18:45:00	1730.8	1644.3	1817.3	576.9	576.9	576.9	519.2	1817.3	400.50	144.2
2026-06-28 18:50:00	2479.8	2355.8	2603.8	826.6	826.6	826.6	744.0	2603.8	400.50	206.7
2026-06-28 18:55:00	2083.0	1978.8	2187.1	694.3	694.3	694.3	624.9	2187.1	400.50	173.6
2026-06-28 19:00:00	2226.6	2115.3	2337.9	742.2	742.2	742.2	668.0	2337.9	400.50	185.5
2026-06-28 19:05:00	2341.8	2224.7	2458.9	780.6	780.6	780.6	702.5	2458.9	400.50	195.1
2026-06-28 19:10:00	2410.6	2290.1	2531.1	803.5	803.5	803.5	723.2	2531.1	400.50	200.9
2026-06-28 19:15:00	1832.6	1741.0	1924.2	610.9	610.9	610.9	549.8	1924.2	400.50	152.7
2026-06-28 19:20:00	2211.0	2100.5	2321.6	737.0	737.0	737.0	663.3	2321.6	400.50	184.3
2026-06-28 19:25:00	2422.0	2300.9	2543.1	807.3	807.3	807.3	726.6	2543.1	400.50	201.8
2026-06-28 19:30:00	2045.8	1943.5	2148.0	681.9	681.9	681.9	613.7	2148.0	400.50	170.5
2026-06-28 19:35:00	1689.9	1605.4	1774.4	563.3	563.3	563.3	507.0	1774.4	400.50	140.8
2026-06-28 19:40:00	1525.0	1448.8	1601.3	508.3	508.3	508.3	457.5	1601.3	400.50	127.1
2026-06-28 19:45:00	2275.6	2161.9	2389.4	758.5	758.5	758.5	682.7	2389.4	400.50	189.6
2026-06-28 19:50:00	2688.1	2553.7	2822.5	896.0	896.0	896.0	806.4	2822.5	400.50	224.0
2026-06-28 19:55:00	2153.2	2045.6	2260.9	717.7	717.7	717.7	646.0	2260.9	400.50	179.4
2026-06-28 20:00:00	1855.8	1763.0	1948.6	618.6	618.6	618.6	556.7	1948.6	400.50	154.7
2026-06-28 20:05:00	2366.3	2248.0	2484.6	788.8	788.8	788.8	709.9	2484.6	400.50	197.2
2026-06-28 20:10:00	2485.1	2360.8	2609.4	828.4	828.4	828.4	745.5	2609.4	400.50	207.1
2026-06-28 20:15:00	2099.5	1994.5	2204.4	699.8	699.8	699.8	629.8	2204.4	400.50	175.0
2026-06-28 20:20:00	2339.5	2222.5	2456.5	779.8	779.8	779.8	701.8	2456.5	400.50	195.0
2026-06-28 20:25:00	1805.3	1715.1	1895.6	601.8	601.8	601.8	541.6	1895.6	400.50	150.4
2026-06-28 20:30:00	2392.5	2272.9	2512.2	797.5	797.5	797.5	717.8	2512.2	400.50	199.4
2026-06-28 20:35:00	2236.2	2124.4	2348.0	745.4	745.4	745.4	670.9	2348.0	400.50	186.4
2026-06-28 20:40:00	2421.4	2300.3	2542.4	807.1	807.1	807.1	726.4	2542.4	400.50	201.8
2026-06-28 20:45:00	1679.3	1595.3	1763.3	559.8	559.8	559.8	503.8	1763.3	400.50	139.9
2026-06-28 20:50:00	2389.2	2269.8	2508.7	796.4	796.4	796.4	716.8	2508.7	400.50	199.1
2026-06-28 20:55:00	1603.7	1523.5	1683.9	534.6	534.6	534.6	481.1	1683.9	400.50	133.6
2026-06-28 21:00:00	1830.4	1738.8	1921.9	610.1	610.1	610.1	549.1	1921.9	400.50	152.5
2026-06-28 21:05:00	2257.1	2144.2	2369.9	752.4	752.4	752.4	677.1	2369.9	400.50	188.1
2026-06-28 21:10:00	1949.2	1851.8	2046.7	649.7	649.7	649.7	584.8	2046.7	400.50	162.4
2026-06-28 21:15:00	1901.8	1806.7	1996.9	633.9	633.9	633.9	570.5	1996.9	400.50	158.5
2026-06-28 21:20:00	2518.3	2392.3	2644.2	839.4	839.4	839.4	755.5	2644.2	400.50	209.9
2026-06-28 21:25:00	1580.3	1501.2	1659.3	526.8	526.8	526.8	474.1	1659.3	400.50	131.7
2026-06-28 21:30:00	2434.5	2312.8	2556.2	811.5	811.5	811.5	730.4	2556.2	400.50	202.9
2026-06-28 21:35:00	1543.9	1466.7	1621.1	514.6	514.6	514.6	463.2	1621.1	400.50	128.7
2026-06-28 21:40:00	2178.9	2070.0	2287.9	726.3	726.3	726.3	653.7	2287.9	400.50	181.6
2026-06-28 21:45:00	2169.0	2060.6	2277.5	723.0	723.0	723.0	650.7	2277.5	400.50	180.8
2026-06-28 21:50:00	2361.6	2243.5	2479.7	787.2	787.2	787.2	708.5	2479.7	400.50	196.8
2026-06-28 21:55:00	1512.8	1437.1	1588.4	504.3	504.3	504.3	453.8	1588.4	400.50	126.1
2026-06-28 22:00:00	2697.9	2563.0	2832.8	899.3	899.3	899.3	809.4	2832.8	400.50	224.8
2026-06-28 22:05:00	2498.7	2373.7	2623.6	832.9	832.9	832.9	749.6	2623.6	400.50	208.2
2026-06-28 22:10:00	1720.2	1634.2	1806.2	573.4	573.4	573.4	516.1	1806.2	400.50	143.3
2026-06-28 22:15:00	2188.0	2078.6	2297.4	729.3	729.3	729.3	656.4	2297.4	400.50	182.3
2026-06-28 22:20:00	2453.1	2330.5	2575.8	817.7	817.7	817.7	735.9	2575.8	400.50	204.4
2026-06-28 22:25:00	2628.5	2497.1	2759.9	876.2	876.2	876.2	788.5	2759.9	400.50	219.0
2026-06-28 22:30:00	1665.2	1581.9	1748.5	555.1	555.1	555.1	499.6	1748.5	400.50	138.8
2026-06-28 22:35:00	1590.8	1511.3	1670.4	530.3	530.3	530.3	477.2	1670.4	400.50	132.6
2026-06-28 22:40:00	1991.6	1892.0	2091.2	663.9	663.9	663.9	597.5	2091.2	400.50	166.0
2026-06-28 22:45:00	2330.9	2214.4	2447.5	777.0	777.0	777.0	699.3	2447.5	400.50	194.2
2026-06-28 22:50:00	2093.8	1989.1	2198.5	697.9	697.9	697.9	628.1	2198.5	400.50	174.5
2026-06-28 22:55:00	2542.7	2415.5	2669.8	847.6	847.6	847.6	762.8	2669.8	400.50	211.9
2026-06-28 23:00:00	1974.8	1876.1	2073.6	658.3	658.3	658.3	592.4	2073.6	400.50	164.6
2026-06-28 23:05:00	2032.5	1930.9	2134.2	677.5	677.5	677.5	609.8	2134.2	400.50	169.4
2026-06-28 23:10:00	1594.7	1515.0	1674.4	531.6	531.6	531.6	478.4	1674.4	400.50	132.9
2026-06-28 23:15:00	1551.1	1473.6	1628.7	517.0	517.0	517.0	465.3	1628.7	400.50	129.3
2026-06-28 23:20:00	2525.1	2398.8	2651.4	841.7	841.7	841.7	757.5	2651.4	400.50	210.4
2026-06-28 23:25:00	1934.1	1837.4	2030.8	644.7	644.7	644.7	580.2	2030.8	400.50	161.2
2026-06-28 23:30:00	2367.4	2249.0	2485.8	789.1	789.1	789.1	710.2	2485.8	400.50	197.3
2026-06-28 23:35:00	2601.0	2471.0	2731.1	867.0	867.0	867.0	780.3	2731.1	400.50	216.8
2026-06-28 23:40:00	2393.2	2273.5	2512.8	797.7	797.7	797.7	718.0	2512.8	400.50	199.4
2026-06-28 23:45:00	2458.2	2335.3	2581.2	819.4	819.4	819.4	737.5	2581.2	400.50	204.9
2026-06-28 23:50:00	2574.3	2445.6	2703.0	858.1	858.1	858.1	772.3	2703.0	400.50	214.5
2026-06-28 23:55:00	1895.6	1800.8	1990.4	631.9	631.9	631.9	568.7	1990.4	400.50	158.0
2026-06-29 00:00:00	1544.1	1466.9	1621.4	514.7	514.7	514.7	463.2	1621.4	400.50	128.7
2026-06-29 00:05:00	2506.8	2381.5	2632.2	835.6	835.6	835.6	752.1	2632.2	400.50	208.9
2026-06-29 00:10:00	2222.0	2110.9	2333.1	740.7	740.7	740.7	666.6	2333.1	400.50	185.2
2026-06-29 00:15:00	2492.5	2367.9	2617.2	830.8	830.8	830.8	747.8	2617.2	400.50	207.7
2026-06-29 00:20:00	1738.8	1651.8	1825.7	579.6	579.6	579.6	521.6	1825.7	400.50	144.9
2026-06-29 00:25:00	2690.3	2555.8	2824.8	896.8	896.8	896.8	807.1	2824.8	400.50	224.2
2026-06-29 00:30:00	1929.6	1833.1	2026.1	643.2	643.2	643.2	578.9	2026.1	400.50	160.8
2026-06-29 00:35:00	1529.1	1452.7	1605.6	509.7	509.7	509.7	458.7	1605.6	400.50	127.4
2026-06-29 00:40:00	2144.1	2036.9	2251.3	714.7	714.7	714.7	643.2	2251.3	400.50	178.7
2026-06-29 00:45:00	1880.6	1786.6	1974.7	626.9	626.9	626.9	564.2	1974.7	400.50	156.7
2026-06-29 00:50:00	2057.8	1955.0	2160.7	685.9	685.9	685.9	617.4	2160.7	400.50	171.5
2026-06-29 00:55:00	1899.6	1804.6	1994.6	633.2	633.2	633.2	569.9	1994.6	400.50	158.3
2026-06-29 01:00:00	1689.8	1605.3	1774.2	563.3	563.3	563.3	506.9	1774.2	400.50	140.8
2026-06-29 01:05:00	2077.3	1973.5	2181.2	692.4	692.4	692.4	623.2	2181.2	400.50	173.1
2026-06-29 01:10:00	2349.0	2231.6	2466.5	783.0	783.0	783.0	704.7	2466.5	400.50	195.8
2026-06-29 01:15:00	1683.1	1599.0	1767.3	561.0	561.0	561.0	504.9	1767.3	400.50	140.3
2026-06-29 01:20:00	2188.8	2079.4	2298.3	729.6	729.6	729.6	656.6	2298.3	400.50	182.4
2026-06-29 01:25:00	2100.1	1995.1	2205.1	700.0	700.0	700.0	630.0	2205.1	400.50	175.0
2026-06-29 01:30:00	2508.4	2383.0	2633.8	836.1	836.1	836.1	752.5	2633.8	400.50	209.0
2026-06-29 01:35:00	2308.4	2193.0	2423.8	769.5	769.5	769.5	692.5	2423.8	400.50	192.4
2026-06-29 01:40:00	2231.8	2120.2	2343.4	743.9	743.9	743.9	669.5	2343.4	400.50	186.0
2026-06-29 01:45:00	1764.1	1675.9	1852.3	588.0	588.0	588.0	529.2	1852.3	400.50	147.0
2026-06-29 01:50:00	1596.7	1516.9	1676.6	532.2	532.2	532.2	479.0	1676.6	400.50	133.1
2026-06-29 01:55:00	2691.4	2556.8	2826.0	897.1	897.1	897.1	807.4	2826.0	400.50	224.3
2026-06-29 02:00:00	2025.1	1923.9	2126.4	675.0	675.0	675.0	607.5	2126.4	400.50	168.8
2026-06-29 02:05:00	2148.9	2041.5	2256.3	716.3	716.3	716.3	644.7	2256.3	400.50	179.1
2026-06-29 02:10:00	2305.8	2190.5	2421.1	768.6	768.6	768.6	691.8	2421.1	400.50	192.2
2026-06-29 02:15:00	2540.6	2413.6	2667.6	846.9	846.9	846.9	762.2	2667.6	400.50	211.7
2026-06-29 02:20:00	2315.1	2199.4	2430.9	771.7	771.7	771.7	694.5	2430.9	400.50	192.9
2026-06-29 02:25:00	1820.0	1729.0	1911.0	606.7	606.7	606.7	546.0	1911.0	400.50	151.7
2026-06-29 02:30:00	2441.5	2319.4	2563.6	813.8	813.8	813.8	732.4	2563.6	400.50	203.5
2026-06-29 02:35:00	1890.1	1795.6	1984.7	630.0	630.0	630.0	567.0	1984.7	400.50	157.5
2026-06-29 02:40:00	2624.2	2493.0	2755.4	874.7	874.7	874.7	787.2	2755.4	400.50	218.7
2026-06-29 02:45:00	2400.2	2280.1	2520.2	800.1	800.1	800.1	720.0	2520.2	400.50	200.0
2026-06-29 02:50:00	2647.6	2515.2	2780.0	882.5	882.5	882.5	794.3	2780.0	400.50	220.6
2026-06-29 02:55:00	2635.2	2503.4	2767.0	878.4	878.4	878.4	790.6	2767.0	400.50	219.6
2026-06-29 03:00:00	2107.0	2001.6	2212.3	702.3	702.3	702.3	632.1	2212.3	400.50	175.6
2026-06-29 03:05:00	1758.6	1670.7	1846.6	586.2	586.2	586.2	527.6	1846.6	400.50	146.6
2026-06-29 03:10:00	1926.7	1830.4	2023.0	642.2	642.2	642.2	578.0	2023.0	400.50	160.6
2026-06-29 03:15:00	2572.4	2443.8	2701.0	857.5	857.5	857.5	771.7	2701.0	400.50	214.4
2026-06-29 03:20:00	2314.0	2198.3	2429.7	771.3	771.3	771.3	694.2	2429.7	400.50	192.8
2026-06-29 03:25:00	1684.0	1599.8	1768.2	561.3	561.3	561.3	505.2	1768.2	400.50	140.3
2026-06-29 03:30:00	2276.6	2162.7	2390.4	758.9	758.9	758.9	683.0	2390.4	400.50	189.7
2026-06-29 03:35:00	2557.5	2429.6	2685.3	852.5	852.5	852.5	767.2	2685.3	400.50	213.1
2026-06-29 03:40:00	1852.8	1760.2	1945.5	617.6	617.6	617.6	555.8	1945.5	400.50	154.4
2026-06-29 03:45:00	1554.5	1476.8	1632.3	518.2	518.2	518.2	466.4	1632.3	400.50	129.5
2026-06-29 03:50:00	2339.3	2222.4	2456.3	779.8	779.8	779.8	701.8	2456.3	400.50	194.9
2026-06-29 03:55:00	1630.9	1549.4	1712.5	543.6	543.6	543.6	489.3	1712.5	400.50	135.9
2026-06-29 04:00:00	2674.8	2541.1	2808.6	891.6	891.6	891.6	802.5	2808.6	400.50	222.9
2026-06-29 04:05:00	2057.7	1954.8	2160.6	685.9	685.9	685.9	617.3	2160.6	400.50	171.5
2026-06-29 04:10:00	1966.5	1868.2	2064.8	655.5	655.5	655.5	590.0	2064.8	400.50	163.9
2026-06-29 04:15:00	2479.3	2355.3	2603.3	826.4	826.4	826.4	743.8	2603.3	400.50	206.6
2026-06-29 04:20:00	2698.3	2563.3	2833.2	899.4	899.4	899.4	809.5	2833.2	400.50	224.9
2026-06-29 04:25:00	2497.2	2372.3	2622.0	832.4	832.4	832.4	749.2	2622.0	400.50	208.1
2026-06-29 04:30:00	2680.6	2546.5	2814.6	893.5	893.5	893.5	804.2	2814.6	400.50	223.4
2026-06-29 04:35:00	1920.6	1824.6	2016.6	640.2	640.2	640.2	576.2	2016.6	400.50	160.0
2026-06-29 04:40:00	1656.6	1573.8	1739.5	552.2	552.2	552.2	497.0	1739.5	400.50	138.1
2026-06-29 04:45:00	1818.5	1727.6	1909.4	606.2	606.2	606.2	545.6	1909.4	400.50	151.5
2026-06-29 04:50:00	1716.5	1630.7	1802.3	572.2	572.2	572.2	514.9	1802.3	400.50	143.0
2026-06-29 04:55:00	1587.7	1508.3	1667.1	529.2	529.2	529.2	476.3	1667.1	400.50	132.3
2026-06-29 05:00:00	2303.2	2188.0	2418.3	767.7	767.7	767.7	691.0	2418.3	400.50	191.9
2026-06-29 05:05:00	2106.2	2000.9	2211.5	702.1	702.1	702.1	631.8	2211.5	400.50	175.5
2026-06-29 05:10:00	1695.4	1610.7	1780.2	565.1	565.1	565.1	508.6	1780.2	400.50	141.3
2026-06-29 05:15:00	2390.8	2271.2	2510.3	796.9	796.9	796.9	717.2	2510.3	400.50	199.2
2026-06-29 05:20:00	1982.8	1883.7	2081.9	660.9	660.9	660.9	594.8	2081.9	400.50	165.2
2026-06-29 05:25:00	2008.3	1907.8	2108.7	669.4	669.4	669.4	602.5	2108.7	400.50	167.4
2026-06-29 05:30:00	2096.5	1991.7	2201.3	698.8	698.8	698.8	628.9	2201.3	400.50	174.7
2026-06-29 05:35:00	1614.6	1533.9	1695.3	538.2	538.2	538.2	484.4	1695.3	400.50	134.5
2026-06-29 05:40:00	2458.0	2335.1	2580.9	819.3	819.3	819.3	737.4	2580.9	400.50	204.8
2026-06-29 05:45:00	2200.0	2090.0	2310.0	733.3	733.3	733.3	660.0	2310.0	400.50	183.3
2026-06-29 05:50:00	1771.1	1682.5	1859.6	590.4	590.4	590.4	531.3	1859.6	400.50	147.6
2026-06-29 05:55:00	1881.4	1787.3	1975.5	627.1	627.1	627.1	564.4	1975.5	400.50	156.8
2026-06-29 06:00:00	1531.0	1454.4	1607.5	510.3	510.3	510.3	459.3	1607.5	400.50	127.6
2026-06-29 06:05:00	1589.2	1509.7	1668.7	529.7	529.7	529.7	476.8	1668.7	400.50	132.4
2026-06-29 06:10:00	1572.9	1494.2	1651.5	524.3	524.3	524.3	471.9	1651.5	400.50	131.1
2026-06-29 06:15:00	2171.7	2063.1	2280.3	723.9	723.9	723.9	651.5	2280.3	400.50	181.0
2026-06-29 06:20:00	2527.1	2400.8	2653.5	842.4	842.4	842.4	758.1	2653.5	400.50	210.6
2026-06-29 06:25:00	2178.0	2069.1	2286.9	726.0	726.0	726.0	653.4	2286.9	400.50	181.5
2026-06-29 06:30:00	2537.9	2411.1	2664.8	846.0	846.0	846.0	761.4	2664.8	400.50	211.5
2026-06-29 06:35:00	2029.6	1928.1	2131.1	676.5	676.5	676.5	608.9	2131.1	400.50	169.1
2026-06-29 06:40:00	1906.3	1810.9	2001.6	635.4	635.4	635.4	571.9	2001.6	400.50	158.9
2026-06-29 06:45:00	2548.7	2421.3	2676.2	849.6	849.6	849.6	764.6	2676.2	400.50	212.4
2026-06-29 06:50:00	2160.4	2052.4	2268.4	720.1	720.1	720.1	648.1	2268.4	400.50	180.0
2026-06-29 06:55:00	2541.2	2414.1	2668.2	847.1	847.1	847.1	762.3	2668.2	400.50	211.8
2026-06-29 07:00:00	1748.2	1660.8	1835.6	582.7	582.7	582.7	524.5	1835.6	400.50	145.7
2026-06-29 07:05:00	2045.0	1942.8	2147.3	681.7	681.7	681.7	613.5	2147.3	400.50	170.4
2026-06-29 07:10:00	2251.0	2138.4	2363.5	750.3	750.3	750.3	675.3	2363.5	400.50	187.6
2026-06-29 07:15:00	1627.1	1545.8	1708.5	542.4	542.4	542.4	488.1	1708.5	400.50	135.6
2026-06-29 07:20:00	2170.3	2061.8	2278.9	723.4	723.4	723.4	651.1	2278.9	400.50	180.9
2026-06-29 07:25:00	1561.7	1483.6	1639.7	520.6	520.6	520.6	468.5	1639.7	400.50	130.1
2026-06-29 07:30:00	2286.0	2171.7	2400.3	762.0	762.0	762.0	685.8	2400.3	400.50	190.5
2026-06-29 07:35:00	2370.1	2251.6	2488.6	790.0	790.0	790.0	711.0	2488.6	400.50	197.5
2026-06-29 07:40:00	2116.8	2011.0	2222.6	705.6	705.6	705.6	635.0	2222.6	400.50	176.4
2026-06-29 07:45:00	1786.2	1696.9	1875.5	595.4	595.4	595.4	535.9	1875.5	400.50	148.9
2026-06-29 07:50:00	1922.2	1826.1	2018.3	640.7	640.7	640.7	576.7	2018.3	400.50	160.2
2026-06-29 07:55:00	2116.0	2010.2	2221.8	705.3	705.3	705.3	634.8	2221.8	400.50	176.3
2026-06-29 08:00:00	1975.0	1876.3	2073.8	658.3	658.3	658.3	592.5	2073.8	400.50	164.6
2026-06-29 08:05:00	2374.7	2255.9	2493.4	791.6	791.6	791.6	712.4	2493.4	400.50	197.9
2026-06-29 08:10:00	2127.6	2021.2	2233.9	709.2	709.2	709.2	638.3	2233.9	400.50	177.3
2026-06-29 08:15:00	2579.8	2450.8	2708.8	859.9	859.9	859.9	773.9	2708.8	400.50	215.0
2026-06-29 08:20:00	959451.7	911479.1	1007424.2	321416.3	319497.4	318537.9	287835.5	1007424.2	400.50	79954.3
2026-06-29 08:25:00	950676.1	903142.3	998209.9	318476.5	316575.1	315624.5	285202.8	998209.9	400.50	79223.0
2026-06-29 08:30:00	943241.4	896079.3	990403.5	315985.9	314099.4	313156.1	282972.4	990403.5	400.50	78603.5
2026-06-29 08:35:00	938533.7	891607.0	985460.3	314408.8	312531.7	311593.2	281560.1	985460.3	400.50	78211.1
2026-06-29 08:40:00	941054.6	894001.9	988107.3	315253.3	313371.2	312430.1	282316.4	988107.3	400.50	78421.2
2026-06-29 08:45:00	923785.4	877596.1	969974.7	309468.1	307620.5	306696.8	277135.6	969974.7	400.50	76982.1
2026-06-29 08:50:00	918269.7	872356.2	964183.2	307620.4	305783.8	304865.5	275480.9	964183.2	400.50	76522.5
2026-06-29 08:55:00	916455.6	870632.8	962278.4	307012.6	305179.7	304263.3	274936.7	962278.4	400.50	76371.3
2026-06-29 09:00:00	923626.9	877445.6	969808.3	309415.0	307567.8	306644.1	277088.1	969808.3	400.50	76968.9
2026-06-29 09:05:00	908033.0	862631.4	953434.7	304191.1	302375.0	301467.0	272409.9	953434.7	400.50	75669.4
2026-06-29 09:10:00	905951.0	860653.4	951248.5	303493.6	301681.7	300775.7	271785.3	951248.5	400.50	75495.9
2026-06-29 09:15:00	905189.3	859929.8	950448.7	303238.4	301428.0	300522.8	271556.8	950448.7	400.50	75432.4
2026-06-29 09:20:00	902717.2	857581.3	947853.0	302410.3	300604.8	299702.1	270815.2	947853.0	400.50	75226.4
2026-06-29 09:25:00	895193.3	850433.6	939952.9	299889.7	298099.4	297204.2	268558.0	939952.9	400.50	74599.4
2026-06-29 09:30:00	896056.8	851254.0	940859.7	300179.0	298386.9	297490.9	268817.0	940859.7	400.50	74671.4
2026-06-29 09:35:00	872051.2	828448.7	915653.8	292137.2	290393.1	289521.0	261615.4	915653.8	400.50	72670.9
2026-06-29 09:40:00	868702.5	825267.4	912137.6	291015.3	289277.9	288409.2	260610.8	912137.6	400.50	72391.9
2026-06-29 09:45:00	875871.2	832077.7	919664.8	293416.9	291665.1	290789.2	262761.4	919664.8	400.50	72989.3
2026-06-29 09:50:00	873670.4	829986.8	917353.9	292679.6	290932.2	290058.6	262101.1	917353.9	400.50	72805.9
2026-06-29 09:55:00	870665.4	827132.1	914198.6	291672.9	289931.6	289060.9	261199.6	914198.6	400.50	72555.4
2026-06-29 10:00:00	858652.3	815719.7	901584.9	287648.5	285931.2	285072.6	257595.7	901584.9	400.50	71554.4
2026-06-29 10:05:00	852159.1	809551.1	894767.1	285473.3	283769.0	282916.8	255647.7	894767.1	400.50	71013.3
2026-06-29 10:10:00	851436.4	808864.6	894008.2	285231.2	283528.3	282676.9	255430.9	894008.2	400.50	70953.0
2026-06-29 10:15:00	839506.7	797531.3	881482.0	281234.7	279555.7	278716.2	251852.0	881482.0	400.50	69958.9
2026-06-29 10:20:00	836042.4	794240.3	877844.5	280074.2	278402.1	277566.1	250812.7	877844.5	400.50	69670.2
2026-06-29 10:25:00	838624.1	796692.9	880555.3	280939.1	279261.8	278423.2	251587.2	880555.3	400.50	69885.3
2026-06-29 10:30:00	830679.9	789145.9	872213.9	278277.8	276616.4	275785.7	249204.0	872213.9	400.50	69223.3
2026-06-29 10:35:00	831447.4	789875.1	873019.8	278534.9	276872.0	276040.5	249434.2	873019.8	400.50	69287.3
2026-06-29 10:40:00	817582.3	776703.2	858461.4	273890.1	272254.9	271437.3	245274.7	858461.4	400.50	68131.9
2026-06-29 10:45:00	828220.8	786809.8	869631.9	277454.0	275797.5	274969.3	248466.2	869631.9	400.50	69018.4
2026-06-29 10:50:00	810773.3	770234.6	851311.9	271609.0	269987.5	269176.7	243232.0	851311.9	400.50	67564.4
2026-06-29 10:55:00	816849.4	776006.9	857691.9	273644.6	272010.9	271194.0	245054.8	857691.9	400.50	68070.8
2026-06-29 11:00:00	811358.1	770790.2	851926.0	271805.0	270182.2	269370.9	243407.4	851926.0	400.50	67613.2
2026-06-29 11:05:00	810909.9	770364.4	851455.4	271654.8	270033.0	269222.1	243273.0	851455.4	400.50	67575.8
2026-06-29 11:10:00	799807.3	759816.9	839797.6	267935.4	266335.8	265536.0	239942.2	839797.6	400.50	66650.6
2026-06-29 11:15:00	793242.6	753580.5	832904.7	265736.3	264149.8	263356.5	237972.8	832904.7	400.50	66103.5
2026-06-29 11:20:00	795372.4	755603.8	835141.1	266449.8	264859.0	264063.7	238611.7	835141.1	400.50	66281.0
2026-06-29 11:25:00	796116.1	756310.3	835921.9	266698.9	265106.7	264310.5	238834.8	835921.9	400.50	66343.0
2026-06-29 11:30:00	794531.4	754804.9	834258.0	266168.0	264579.0	263784.4	238359.4	834258.0	400.50	66211.0
2026-06-29 11:35:00	787672.7	748289.0	827056.3	263870.3	262295.0	261507.3	236301.8	827056.3	400.50	65639.4
2026-06-29 11:40:00	779518.4	740542.5	818494.3	261138.7	259579.6	258800.1	233855.5	818494.3	400.50	64959.9
2026-06-29 11:45:00	780293.7	741279.0	819308.4	261398.4	259837.8	259057.5	234088.1	819308.4	400.50	65024.5
2026-06-29 11:50:00	767558.1	729180.2	805936.0	257132.0	255596.8	254829.3	230267.4	805936.0	400.50	63963.2
2026-06-29 11:55:00	774353.7	735636.0	813071.3	259408.5	257859.8	257085.4	232306.1	813071.3	400.50	64529.5
2026-06-29 12:00:00	768419.7	729998.7	806840.7	257420.6	255883.8	255115.3	230525.9	806840.7	400.50	64035.0
2026-06-29 12:05:00	760483.7	722459.5	798507.8	254762.0	253241.1	252480.6	228145.1	798507.8	400.50	63373.6
2026-06-29 12:10:00	759382.8	721413.6	797351.9	254393.2	252874.5	252115.1	227814.8	797351.9	400.50	63281.9
2026-06-29 12:15:00	754668.3	716934.9	792401.7	252813.9	251304.6	250549.9	226400.5	792401.7	400.50	62889.0
2026-06-29 12:20:00	761185.0	723125.8	799244.3	254997.0	253474.6	252713.4	228355.5	799244.3	400.50	63432.1
2026-06-29 12:25:00	747252.3	709889.7	784615.0	250329.5	248835.0	248087.8	224175.7	784615.0	400.50	62271.0
2026-06-29 12:30:00	760751.7	722714.1	798789.3	254851.8	253330.3	252569.6	228225.5	798789.3	400.50	63396.0
2026-06-29 12:35:00	742884.5	705740.2	780028.7	248866.3	247380.5	246637.6	222865.3	780028.7	400.50	61907.0
2026-06-29 12:40:00	749495.6	712020.8	786970.4	251081.0	249582.0	248832.5	224848.7	786970.4	400.50	62458.0
2026-06-29 12:45:00	743990.4	706790.9	781189.9	249236.8	247748.8	247004.8	223197.1	781189.9	400.50	61999.2
2026-06-29 12:50:00	734695.7	697960.9	771430.5	246123.1	244653.7	243919.0	220408.7	771430.5	400.50	61224.6
2026-06-29 12:55:00	748693.6	711258.9	786128.2	250812.3	249315.0	248566.3	224608.1	786128.2	400.50	62391.1
2026-06-29 13:00:00	729548.4	693070.9	766025.8	244398.7	242939.6	242210.1	218864.5	766025.8	400.50	60795.7
2026-06-29 13:05:00	742407.8	705287.4	779528.2	248706.6	247221.8	246479.4	222722.3	779528.2	400.50	61867.3
2026-06-29 13:10:00	741335.4	704268.6	778402.1	248347.3	246864.7	246123.3	222400.6	778402.1	400.50	61777.9
2026-06-29 13:15:00	729506.6	693031.3	765982.0	244384.7	242925.7	242196.2	218852.0	765982.0	400.50	60792.2
2026-06-29 13:20:00	737496.0	700621.2	774370.7	247061.1	245586.2	244848.7	221248.8	774370.7	400.50	61458.0
2026-06-29 13:25:00	732004.1	695403.9	768604.3	245221.4	243757.4	243025.4	219601.2	768604.3	400.50	61000.3
2026-06-29 13:30:00	737579.3	700700.3	774458.2	247089.1	245613.9	244876.3	221273.8	774458.2	400.50	61464.9
2026-06-29 13:35:00	723335.3	687168.5	759502.1	242317.3	240870.7	240147.3	217000.6	759502.1	400.50	60277.9
2026-06-29 13:40:00	717653.5	681770.9	753536.2	240413.9	238978.6	238261.0	215296.1	753536.2	400.50	59804.5
2026-06-29 13:45:00	730299.4	693784.4	766814.3	244650.3	243189.7	242459.4	219089.8	766814.3	400.50	60858.3
2026-06-29 13:50:00	714522.8	678796.6	750248.9	239365.1	237936.1	237221.6	214356.8	750248.9	400.50	59543.6
2026-06-29 13:55:00	715132.1	679375.5	750888.7	239569.3	238139.0	237423.9	214539.6	750888.7	400.50	59594.3
2026-06-29 14:00:00	723386.8	687217.5	759556.1	242334.6	240887.8	240164.4	217016.0	759556.1	400.50	60282.2
2026-06-29 14:05:00	712889.6	677245.1	748534.1	238818.0	237392.2	236679.3	213866.9	748534.1	400.50	59407.5
2026-06-29 14:10:00	711841.7	676249.6	747433.8	238467.0	237043.3	236331.5	213552.5	747433.8	400.50	59320.1
2026-06-29 14:15:00	723405.4	687235.1	759575.7	242340.8	240894.0	240170.6	217021.6	759575.7	400.50	60283.8
2026-06-29 14:20:00	723186.1	687026.8	759345.4	242267.3	240821.0	240097.8	216955.8	759345.4	400.50	60265.5
2026-06-29 14:25:00	717246.2	681383.9	753108.5	240277.5	238843.0	238125.7	215173.9	753108.5	400.50	59770.5
2026-06-29 14:30:00	707796.7	672406.9	743186.6	237111.9	235696.3	234988.5	212339.0	743186.6	400.50	58983.1
2026-06-29 14:35:00	702564.8	667436.6	737693.1	235359.2	233954.1	233251.5	210769.4	737693.1	400.50	58547.1
2026-06-29 14:40:00	715250.5	679487.9	751013.0	239608.9	238178.4	237463.2	214575.1	751013.0	400.50	59604.2
2026-06-29 14:45:00	708012.5	672611.8	743413.1	237184.2	235768.1	235060.1	212403.7	743413.1	400.50	59001.0
2026-06-29 14:50:00	717953.8	682056.1	753851.5	240514.5	239078.6	238360.7	215386.1	753851.5	400.50	59829.5
2026-06-29 14:55:00	710107.8	674602.4	745613.2	237886.1	236465.9	235755.8	213032.3	745613.2	400.50	59175.7
2026-06-29 15:00:00	708838.1	673396.2	744280.0	237460.8	236043.1	235334.3	212651.4	744280.0	400.50	59069.8
2026-06-29 15:05:00	705796.0	670506.2	741085.9	236441.7	235030.1	234324.3	211738.8	741085.9	400.50	58816.3
2026-06-29 15:10:00	718332.5	682415.9	754249.2	240641.4	239204.7	238486.4	215499.8	754249.2	400.50	59861.0
2026-06-29 15:15:00	705011.7	669761.1	740262.2	236178.9	234768.9	234063.9	211503.5	740262.2	400.50	58751.0
2026-06-29 15:20:00	702883.8	667739.6	738027.9	235466.1	234060.3	233357.4	210865.1	738027.9	400.50	58573.6
2026-06-29 15:25:00	715107.3	679352.0	750862.7	239561.0	238130.7	237415.6	214532.2	750862.7	400.50	59592.3
2026-06-29 15:30:00	712805.1	677164.9	748445.4	238789.7	237364.1	236651.3	213841.5	748445.4	400.50	59400.4
2026-06-29 15:35:00	719837.0	683845.2	755828.9	241145.4	239705.7	238985.9	215951.1	755828.9	400.50	59986.4
2026-06-29 15:40:00	716233.8	680422.1	752045.5	239938.3	238505.9	237789.6	214870.1	752045.5	400.50	59686.1
2026-06-29 15:45:00	719817.2	683826.3	755808.0	241138.8	239699.1	238979.3	215945.2	755808.0	400.50	59984.8
2026-06-29 15:50:00	716050.3	680247.7	751852.8	239876.8	238444.7	237728.7	214815.1	751852.8	400.50	59670.9
2026-06-29 15:55:00	710038.7	674536.8	745540.7	237863.0	236442.9	235732.9	213011.6	745540.7	400.50	59169.9
2026-06-29 16:00:00	711245.4	675683.1	746807.7	238267.2	236844.7	236133.5	213373.6	746807.7	400.50	59270.5
2026-06-29 16:05:00	719854.3	683861.6	755847.0	241151.2	239711.5	238991.6	215956.3	755847.0	400.50	59987.9
2026-06-29 16:10:00	714208.0	678497.6	749918.4	239259.7	237831.3	237117.1	214262.4	749918.4	400.50	59517.3
2026-06-29 16:15:00	723774.9	687586.2	759963.7	242464.6	241017.1	240293.3	217132.5	759963.7	400.50	60314.6
2026-06-29 16:20:00	721672.6	685589.0	757756.3	241760.3	240317.0	239595.3	216501.8	757756.3	400.50	60139.4
2026-06-29 16:25:00	724380.0	688161.0	760599.0	242667.3	241218.5	240494.2	217314.0	760599.0	400.50	60365.0
2026-06-29 16:30:00	713718.0	678032.1	749403.9	239095.5	237668.1	236954.4	214115.4	749403.9	400.50	59476.5
2026-06-29 16:35:00	712600.4	676970.4	748230.5	238721.1	237295.9	236583.3	213780.1	748230.5	400.50	59383.4
2026-06-29 16:40:00	723466.7	687293.4	759640.0	242361.3	240914.4	240190.9	217040.0	759640.0	400.50	60288.9
2026-06-29 16:45:00	722145.9	686038.6	758253.2	241918.9	240474.6	239752.4	216643.8	758253.2	400.50	60178.8
2026-06-29 16:50:00	717411.0	681540.5	753281.6	240332.7	238897.9	238180.5	215223.3	753281.6	400.50	59784.3
2026-06-29 16:55:00	717927.7	682031.3	753824.1	240505.8	239069.9	238352.0	215378.3	753824.1	400.50	59827.3
2026-06-29 17:00:00	737392.3	700522.6	774261.9	247026.4	245551.6	244814.2	221217.7	774261.9	400.50	61449.4
2026-06-29 17:05:00	728530.8	692104.3	764957.3	244057.8	242600.8	241872.2	218559.2	764957.3	400.50	60710.9
2026-06-29 17:10:00	723864.8	687671.5	760058.0	242494.7	241047.0	240323.1	217159.4	760058.0	400.50	60322.1
2026-06-29 17:15:00	741838.2	704746.3	778930.1	248515.8	247032.1	246290.3	222551.5	778930.1	400.50	61819.8
2026-06-29 17:20:00	736017.6	699216.7	772818.4	246565.9	245093.8	244357.8	220805.3	772818.4	400.50	61334.8
2026-06-29 17:25:00	737577.2	700698.4	774456.1	247088.4	245613.2	244875.6	221273.2	774456.1	400.50	61464.8
2026-06-29 17:30:00	735652.5	698869.9	772435.1	246443.6	244972.3	244236.6	220695.7	772435.1	400.50	61304.4
2026-06-29 17:35:00	740302.6	703287.5	777317.7	248001.4	246520.8	245780.5	222090.8	777317.7	400.50	61691.9
2026-06-29 17:40:00	753137.9	715481.0	790794.8	252301.2	250794.9	250041.8	225941.4	790794.8	400.50	62761.5
2026-06-29 17:45:00	750055.3	712552.5	787558.0	251268.5	249768.4	249018.4	225016.6	787558.0	400.50	62504.6
2026-06-29 17:50:00	745052.2	707799.6	782304.8	249592.5	248102.4	247357.3	223515.7	782304.8	400.50	62087.7
2026-06-29 17:55:00	753049.0	715396.6	790701.5	252271.4	250765.3	250012.3	225914.7	790701.5	400.50	62754.1
2026-06-29 18:00:00	758442.2	720520.1	796364.3	254078.1	252561.3	251802.8	227532.7	796364.3	400.50	63203.5
2026-06-29 18:05:00	756793.1	718953.5	794632.8	253525.7	252012.1	251255.3	227037.9	794632.8	400.50	63066.1
2026-06-29 18:10:00	767900.9	729505.8	806295.9	257246.8	255711.0	254943.1	230370.3	806295.9	400.50	63991.7
2026-06-29 18:15:00	768554.7	730127.0	806982.5	257465.8	255928.7	255160.2	230566.4	806982.5	400.50	64046.2
2026-06-29 18:20:00	769814.6	731323.9	808305.4	257887.9	256348.3	255578.5	230944.4	808305.4	400.50	64151.2
2026-06-29 18:25:00	778674.4	739740.7	817608.1	260855.9	259298.6	258519.9	233602.3	817608.1	400.50	64889.5
2026-06-29 18:30:00	772250.7	733638.2	810863.2	258704.0	257159.5	256387.2	231675.2	810863.2	400.50	64354.2
2026-06-29 18:35:00	780731.5	741695.0	819768.1	261545.1	259983.6	259202.9	234219.5	819768.1	400.50	65061.0
2026-06-29 18:40:00	775732.8	736946.2	814519.5	259870.5	258319.0	257543.3	232719.8	814519.5	400.50	64644.4
2026-06-29 18:45:00	781909.3	742813.8	821004.8	261939.6	260375.8	259593.9	234572.8	821004.8	400.50	65159.1
2026-06-29 18:50:00	785185.0	745925.7	824444.2	263037.0	261466.6	260681.4	235555.5	824444.2	400.50	65432.1
2026-06-29 18:55:00	794212.3	754501.7	833922.9	266061.1	264472.7	263678.5	238263.7	833922.9	400.50	66184.4
2026-06-29 19:00:00	789679.6	750195.7	829163.6	264542.7	262963.3	262173.6	236903.9	829163.6	400.50	65806.6
2026-06-29 19:05:00	802583.5	762454.3	842712.7	268865.5	267260.3	266457.7	240775.0	842712.7	400.50	66882.0
2026-06-29 19:10:00	804500.6	764275.6	844725.6	269507.7	267898.7	267094.2	241350.2	844725.6	400.50	67041.7
2026-06-29 19:15:00	796815.8	756975.0	836656.6	266933.3	265339.7	264542.8	239044.7	836656.6	400.50	66401.3
2026-06-29 19:20:00	806523.1	766197.0	846849.3	270185.2	268572.2	267765.7	241956.9	846849.3	400.50	67210.3
2026-06-29 19:25:00	813920.4	773224.4	854616.4	272663.3	271035.5	270221.6	244176.1	854616.4	400.50	67826.7
2026-06-29 19:30:00	807314.1	766948.4	847679.8	270450.2	268835.6	268028.3	242194.2	847679.8	400.50	67276.2
2026-06-29 19:35:00	807956.1	767558.3	848353.9	270665.3	269049.4	268241.4	242386.8	848353.9	400.50	67329.7
2026-06-29 19:40:00	815186.4	774427.1	855945.7	273087.4	271457.1	270641.9	244555.9	855945.7	400.50	67932.2
2026-06-29 19:45:00	822603.0	781472.8	863733.1	275572.0	273926.8	273104.2	246780.9	863733.1	400.50	68550.2
2026-06-29 19:50:00	827255.7	785892.9	868618.5	277130.7	275476.2	274648.9	248176.7	868618.5	400.50	68938.0
2026-06-29 19:55:00	832667.9	791034.5	874301.3	278943.8	277278.4	276445.7	249800.4	874301.3	400.50	69389.0
2026-06-29 20:00:00	834696.2	792961.4	876431.0	279623.2	277953.8	277119.1	250408.9	876431.0	400.50	69558.0
2026-06-29 20:05:00	831482.1	789908.0	873056.2	278546.5	276883.5	276052.1	249444.6	873056.2	400.50	69290.2
2026-06-29 20:10:00	852207.2	809596.9	894817.6	285489.4	283785.0	282932.8	255662.2	894817.6	400.50	71017.3
2026-06-29 20:15:00	858024.7	815123.5	900925.9	287438.3	285722.2	284864.2	257407.4	900925.9	400.50	71502.1
2026-06-29 20:20:00	847058.7	804705.8	889411.7	283764.7	282070.6	281223.5	254117.6	889411.7	400.50	70588.2
2026-06-29 20:25:00	849752.3	807264.6	892239.9	284667.0	282967.5	282117.7	254925.7	892239.9	400.50	70812.7
2026-06-29 20:30:00	867150.2	823792.7	910507.7	290495.3	288761.0	287893.9	260145.1	910507.7	400.50	72262.5
2026-06-29 20:35:00	858569.9	815641.4	901498.3	287620.9	285903.8	285045.2	257571.0	901498.3	400.50	71547.5
2026-06-29 20:40:00	871197.3	827637.5	914757.2	291851.1	290108.7	289237.5	261359.2	914757.2	400.50	72599.8
2026-06-29 20:45:00	880306.8	836291.4	924322.1	294902.8	293142.2	292261.9	264092.0	924322.1	400.50	73358.9
2026-06-29 20:50:00	885270.3	841006.7	929533.8	296565.5	294795.0	293909.7	265581.1	929533.8	400.50	73772.5
2026-06-29 20:55:00	876723.3	832887.1	920559.5	293702.3	291948.9	291072.1	263017.0	920559.5	400.50	73060.3
2026-06-29 21:00:00	880078.7	836074.7	924082.6	294826.3	293066.2	292186.1	264023.6	924082.6	400.50	73339.9
2026-06-29 21:05:00	897747.4	852860.0	942634.8	300745.4	298949.9	298052.1	269324.2	942634.8	400.50	74812.3
2026-06-29 21:10:00	901856.6	856763.8	946949.5	302122.0	300318.3	299416.4	270557.0	946949.5	400.50	75154.7
2026-06-29 21:15:00	911125.9	865569.6	956682.2	305227.2	303404.9	302493.8	273337.8	956682.2	400.50	75927.2
2026-06-29 21:20:00	906786.3	861447.0	952125.6	303773.4	301959.8	301053.0	272035.9	952125.6	400.50	75565.5
2026-06-29 21:25:00	918020.5	872119.4	963921.5	307536.9	305700.8	304782.8	275406.1	963921.5	400.50	76501.7
2026-06-29 21:30:00	913620.2	867939.2	959301.2	306062.8	304235.5	303321.9	274086.1	959301.2	400.50	76135.0
2026-06-29 21:35:00	922118.8	876012.8	968224.7	308909.8	307065.6	306143.4	276635.6	968224.7	400.50	76843.2
2026-06-29 21:40:00	933458.6	886785.6	980131.5	312708.6	310841.7	309908.2	280037.6	980131.5	400.50	77788.2
2026-06-29 21:45:00	934701.6	887966.5	981436.6	313125.0	311255.6	310320.9	280410.5	981436.6	400.50	77891.8
2026-06-29 21:50:00	938056.0	891153.2	984958.8	314248.8	312372.7	311434.6	281416.8	984958.8	400.50	78171.3
2026-06-29 21:55:00	931952.8	885355.2	978550.4	312204.2	310340.3	309408.3	279585.8	978550.4	400.50	77662.7
2026-06-29 22:00:00	944301.0	897086.0	991516.1	316340.8	314452.2	313507.9	283290.3	991516.1	400.50	78691.8
2026-06-29 22:05:00	954557.0	906829.2	1002284.9	319776.6	317867.5	316912.9	286367.1	1002284.9	400.50	79546.4
2026-06-29 22:10:00	952116.7	904510.8	999722.5	318959.1	317054.8	316102.7	285635.0	999722.5	400.50	79343.1
2026-06-29 22:15:00	968457.3	920034.4	1016880.1	324433.2	322496.3	321527.8	290537.2	1016880.1	400.50	80704.8
2026-06-29 22:20:00	961515.0	913439.2	1009590.7	322107.5	320184.5	319223.0	288454.5	1009590.7	400.50	80126.2
2026-06-29 22:25:00	978151.4	929243.8	1027058.9	327680.7	325724.4	324746.3	293445.4	1027058.9	400.50	81512.6
2026-06-29 22:30:00	983363.3	934195.1	1032531.4	329426.7	327460.0	326476.6	295009.0	1032531.4	400.50	81946.9
2026-06-29 22:35:00	985956.5	936658.7	1035254.4	330295.4	328323.5	327337.6	295787.0	1035254.4	400.50	82163.0
2026-06-29 22:40:00	985559.3	936281.4	1034837.3	330162.4	328191.3	327205.7	295667.8	1034837.3	400.50	82129.9
2026-06-29 22:45:00	983614.2	934433.5	1032794.9	329510.7	327543.5	326559.9	295084.2	1032794.9	400.50	81967.8
2026-06-29 22:50:00	1002246.3	952133.9	1052358.6	335752.5	333748.0	332745.8	300673.9	1052358.6	400.50	83520.5
2026-06-29 22:55:00	995229.0	945467.6	1044990.5	333401.7	331411.3	330416.0	298568.7	1044990.5	400.50	82935.8
2026-06-29 23:00:00	1013757.6	963069.8	1064445.5	339608.8	337581.3	336567.5	304127.3	1064445.5	400.50	84479.8
2026-06-29 23:05:00	1019582.7	968603.6	1070561.9	341560.2	339521.0	338501.5	305874.8	1070561.9	400.50	84965.2
2026-06-29 23:10:00	1013751.9	963064.3	1064439.5	339606.9	337579.4	336565.6	304125.6	1064439.5	400.50	84479.3
2026-06-29 23:15:00	1010193.5	959683.8	1060703.1	338414.8	336394.4	335384.2	303058.0	1060703.1	400.50	84182.8
2026-06-29 23:20:00	1028897.0	977452.2	1080341.9	344680.5	342622.7	341593.8	308669.1	1080341.9	400.50	85741.4
2026-06-29 23:25:00	1022092.6	970987.9	1073197.2	342401.0	340356.8	339334.7	306627.8	1073197.2	400.50	85174.4
2026-06-29 23:30:00	1028305.3	976890.1	1079720.6	344482.3	342425.7	341397.4	308491.6	1079720.6	400.50	85692.1
2026-06-29 23:35:00	1038202.5	986292.3	1090112.6	347797.8	345721.4	344683.2	311460.7	1090112.6	400.50	86516.9
2026-06-29 23:40:00	1043939.2	991742.3	1096136.2	349719.6	347631.8	346587.8	313181.8	1096136.2	400.50	86994.9
2026-06-29 23:45:00	1047177.2	994818.3	1099536.0	350804.4	348710.0	347662.8	314153.2	1099536.0	400.50	87264.8
2026-06-29 23:50:00	1046848.8	994506.4	1099191.3	350694.4	348600.7	347553.8	314054.7	1099191.3	400.50	87237.4
2026-06-29 23:55:00	1065466.7	1012193.4	1118740.0	356931.3	354800.4	353734.9	319640.0	1118740.0	400.50	88788.9
2026-06-30 00:00:00	1058189.8	1005280.3	1111099.3	354493.6	352377.2	351319.0	317457.0	1111099.3	400.50	88182.5
2026-06-30 00:05:00	1078587.3	1024658.0	1132516.7	361326.8	359169.6	358091.0	323576.2	1132516.7	400.50	89882.3
2026-06-30 00:10:00	1078729.6	1024793.1	1132666.1	361374.4	359217.0	358138.2	323618.9	1132666.1	400.50	89894.1
2026-06-30 00:15:00	1088619.7	1034188.7	1143050.7	364687.6	362510.4	361421.7	326585.9	1143050.7	400.50	90718.3
2026-06-30 00:20:00	1090380.8	1035861.7	1144899.8	365277.6	363096.8	362006.4	327114.2	1144899.8	400.50	90865.1
2026-06-30 00:25:00	1094943.2	1040196.0	1149690.3	366806.0	364616.1	363521.1	328482.9	1149690.3	400.50	91245.3
2026-06-30 00:30:00	1100531.9	1045505.3	1155558.5	368678.2	366477.1	365376.6	330159.6	1155558.5	400.50	91711.0
2026-06-30 00:35:00	1096995.8	1042146.0	1151845.6	367493.6	365299.6	364202.6	329098.8	1151845.6	400.50	91416.3
2026-06-30 00:40:00	1095789.8	1041000.3	1150579.3	367089.6	364898.0	363802.2	328736.9	1150579.3	400.50	91315.8
2026-06-30 00:45:00	1105687.2	1050402.9	1160971.6	370405.2	368193.8	367088.2	331706.2	1160971.6	400.50	92140.6
2026-06-30 00:50:00	1115776.9	1059988.1	1171565.8	373785.3	371553.7	370437.9	334733.1	1171565.8	400.50	92981.4
2026-06-30 00:55:00	1127288.1	1070923.7	1183652.5	377641.5	375386.9	374259.6	338186.4	1183652.5	400.50	93940.7
2026-06-30 01:00:00	1129793.5	1073303.8	1186283.2	378480.8	376221.2	375091.4	338938.1	1186283.2	400.50	94149.5
2026-06-30 01:05:00	1118791.0	1062851.5	1174730.6	374795.0	372557.4	371438.6	335637.3	1174730.6	400.50	93232.6
2026-06-30 01:10:00	1137554.7	1080677.0	1194432.5	381080.8	378805.7	377668.2	341266.4	1194432.5	400.50	94796.2
2026-06-30 01:15:00	1128493.5	1072068.8	1184918.1	378045.3	375788.3	374659.8	338548.0	1184918.1	400.50	94041.1
2026-06-30 01:20:00	1141288.0	1084223.6	1198352.4	382331.5	380048.9	378907.6	342386.4	1198352.4	400.50	95107.3
2026-06-30 01:25:00	1150174.1	1092665.4	1207682.8	385308.3	383008.0	381857.8	345052.2	1207682.8	400.50	95847.8
2026-06-30 01:30:00	1153861.7	1096168.6	1211554.7	386543.7	384235.9	383082.1	346158.5	1211554.7	400.50	96155.1
2026-06-30 01:35:00	1144991.7	1087742.1	1202241.3	383572.2	381282.2	380137.2	343497.5	1202241.3	400.50	95416.0
2026-06-30 01:40:00	1153067.1	1095413.8	1210720.5	386277.5	383971.4	382818.3	345920.1	1210720.5	400.50	96088.9
2026-06-30 01:45:00	1155330.9	1097564.3	1213097.4	387035.8	384725.2	383569.8	346599.3	1213097.4	400.50	96277.6
2026-06-30 01:50:00	1157036.1	1099184.3	1214887.9	387607.1	385293.0	384136.0	347110.8	1214887.9	400.50	96419.7
2026-06-30 01:55:00	1168017.7	1109616.9	1226418.6	391285.9	388949.9	387781.9	350405.3	1226418.6	400.50	97334.8
2026-06-30 02:00:00	1174259.9	1115546.9	1232972.9	393377.1	391028.6	389854.3	352278.0	1232972.9	400.50	97855.0
2026-06-30 02:05:00	1173642.8	1114960.6	1232324.9	393170.3	390823.0	389649.4	352092.8	1232324.9	400.50	97803.6
2026-06-30 02:10:00	1180356.6	1121338.8	1239374.5	395419.5	393058.8	391878.4	354107.0	1239374.5	400.50	98363.1
2026-06-30 02:15:00	1186343.9	1127026.7	1245661.1	397425.2	395052.5	393866.2	355903.2	1245661.1	400.50	98862.0
2026-06-30 02:20:00	1191143.5	1131586.3	1250700.6	399033.1	396650.8	395459.6	357343.0	1250700.6	400.50	99262.0
2026-06-30 02:25:00	1186012.0	1126711.4	1245312.6	397314.0	394942.0	393756.0	355803.6	1245312.6	400.50	98834.3
2026-06-30 02:30:00	1198350.2	1138432.6	1258267.7	401447.3	399050.6	397852.3	359505.0	1258267.7	400.50	99862.5
2026-06-30 02:35:00	1196998.8	1137148.8	1256848.7	400994.6	398600.6	397403.6	359099.6	1256848.7	400.50	99749.9
2026-06-30 02:40:00	1200038.3	1140036.4	1260040.3	402012.8	399612.8	398412.7	360011.5	1260040.3	400.50	100003.2
2026-06-30 02:45:00	1216769.1	1155930.7	1277607.6	407617.7	405184.1	403967.3	365030.7	1277607.6	400.50	101397.4
2026-06-30 02:50:00	1218003.7	1157103.6	1278903.9	408031.3	405595.2	404377.2	365401.1	1278903.9	400.50	101500.3
2026-06-30 02:55:00	1216483.7	1155659.5	1277307.9	407522.0	405089.1	403872.6	364945.1	1277307.9	400.50	101373.6
2026-06-30 03:00:00	1220870.1	1159826.6	1281913.6	408991.5	406549.7	405328.9	366261.0	1281913.6	400.50	101739.2
2026-06-30 03:05:00	1216726.8	1155890.5	1277563.1	407603.5	405170.0	403953.3	365018.0	1277563.1	400.50	101393.9
2026-06-30 03:10:00	1237607.1	1175726.7	1299487.5	414598.4	412123.2	410885.6	371282.1	1299487.5	400.50	103133.9
2026-06-30 03:15:00	1229491.7	1168017.1	1290966.3	411879.7	409420.7	408191.2	368847.5	1290966.3	400.50	102457.6
2026-06-30 03:20:00	1239578.0	1177599.1	1301556.9	415258.6	412779.5	411539.9	371873.4	1301556.9	400.50	103298.2
2026-06-30 03:25:00	1231129.0	1169572.6	1292685.5	412428.2	409966.0	408734.8	369338.7	1292685.5	400.50	102594.1
2026-06-30 03:30:00	1246402.9	1184082.7	1308723.0	417545.0	415052.2	413805.7	373920.9	1308723.0	400.50	103866.9
2026-06-30 03:35:00	1245868.1	1183574.7	1308161.5	417365.8	414874.1	413628.2	373760.4	1308161.5	400.50	103822.3
2026-06-30 03:40:00	1244259.6	1182046.6	1306472.6	416827.0	414338.5	413094.2	373277.9	1306472.6	400.50	103688.3
2026-06-30 03:45:00	1250877.8	1188333.9	1313421.7	419044.1	416542.3	415291.4	375263.3	1313421.7	400.50	104239.8
2026-06-30 03:50:00	1246760.2	1184422.2	1309098.2	417664.7	415171.1	413924.4	374028.0	1309098.2	400.50	103896.7
2026-06-30 03:55:00	1253524.0	1190847.8	1316200.2	419930.5	417423.5	416170.0	376057.2	1316200.2	400.50	104460.3
2026-06-30 04:00:00	1252939.9	1190292.9	1315586.9	419734.9	417229.0	415976.1	375882.0	1315586.9	400.50	104411.7
2026-06-30 04:05:00	1269022.1	1205571.0	1332473.2	425122.4	422584.4	421315.3	380706.6	1332473.2	400.50	105751.8
2026-06-30 04:10:00	1264701.7	1201466.7	1327936.8	423675.1	421145.7	419881.0	379410.5	1327936.8	400.50	105391.8
2026-06-30 04:15:00	1266128.6	1202822.2	1329435.0	424153.1	421620.8	420354.7	379838.6	1329435.0	400.50	105510.7
2026-06-30 04:20:00	1279247.1	1215284.7	1343209.4	428547.8	425989.3	424710.0	383774.1	1343209.4	400.50	106603.9
2026-06-30 04:25:00	1268195.4	1204785.6	1331605.2	424845.5	422309.1	421040.9	380458.6	1331605.2	400.50	105683.0
2026-06-30 04:30:00	1278640.2	1214708.2	1342572.3	428344.5	425787.2	424508.6	383592.1	1342572.3	400.50	106553.4
2026-06-30 04:35:00	1274436.3	1210714.5	1338158.1	426936.2	424387.3	423112.9	382330.9	1338158.1	400.50	106203.0
2026-06-30 04:40:00	1270056.3	1206553.5	1333559.1	425468.9	422928.8	421658.7	381016.9	1333559.1	400.50	105838.0
2026-06-30 04:45:00	1290635.2	1226103.4	1355166.9	432362.8	429781.5	428490.9	387190.6	1355166.9	400.50	107552.9
2026-06-30 04:50:00	1279526.4	1215550.1	1343502.7	428641.3	426082.3	424802.8	383857.9	1343502.7	400.50	106627.2
2026-06-30 04:55:00	1281100.9	1217045.9	1345156.0	429168.8	426606.6	425325.5	384330.3	1345156.0	400.50	106758.4
2026-06-30 05:00:00	1278452.8	1214530.1	1342375.4	428281.7	425724.8	424446.3	383535.8	1342375.4	400.50	106537.7
2026-06-30 05:05:00	1294225.8	1229514.5	1358937.0	433565.6	430977.2	429683.0	388267.7	1358937.0	400.50	107852.1
2026-06-30 05:10:00	1283847.2	1219654.8	1348039.5	430088.8	427521.1	426237.3	385154.2	1348039.5	400.50	106987.3
2026-06-30 05:15:00	1287737.5	1223350.7	1352124.4	431392.1	428816.6	427528.9	386321.3	1352124.4	400.50	107311.5
2026-06-30 05:20:00	1294734.7	1229998.0	1359471.4	433736.1	431146.7	429851.9	388420.4	1359471.4	400.50	107894.6
2026-06-30 05:25:00	1300969.0	1235920.5	1366017.4	435824.6	433222.7	431921.7	390290.7	1366017.4	400.50	108414.1
2026-06-30 05:30:00	1295164.7	1230406.5	1359923.0	433880.2	431289.9	429994.7	388549.4	1359923.0	400.50	107930.4
2026-06-30 05:35:00	1289785.2	1225295.9	1354274.4	432078.0	429498.5	428208.7	386935.6	1354274.4	400.50	107482.1
2026-06-30 05:40:00	1293714.1	1229028.4	1358399.8	433394.2	430806.8	429513.1	388114.2	1358399.8	400.50	107809.5
2026-06-30 05:45:00	1311372.4	1245803.7	1376941.0	439309.7	436687.0	435375.6	393411.7	1376941.0	400.50	109281.0
2026-06-30 05:50:00	1306235.5	1240923.8	1371547.3	437588.9	434976.4	433670.2	391870.7	1371547.3	400.50	108853.0
2026-06-30 05:55:00	1302458.2	1237335.3	1367581.2	436323.5	433718.6	432416.1	390737.5	1367581.2	400.50	108538.2
2026-06-30 06:00:00	1300095.8	1235091.0	1365100.6	435532.1	432931.9	431631.8	390028.7	1365100.6	400.50	108341.3
2026-06-30 06:05:00	1309085.7	1243631.4	1374539.9	438543.7	435925.5	434616.4	392725.7	1374539.9	400.50	109090.5
2026-06-30 06:10:00	1299680.5	1234696.4	1364664.5	435393.0	432793.6	431493.9	389904.1	1364664.5	400.50	108306.7
2026-06-30 06:15:00	1299877.4	1234883.5	1364871.3	435458.9	432859.2	431559.3	389963.2	1364871.3	400.50	108323.1
2026-06-30 06:20:00	1311364.3	1245796.1	1376932.6	439307.1	436684.3	435373.0	393409.3	1376932.6	400.50	109280.4
2026-06-30 06:25:00	1299242.2	1234280.1	1364204.3	435246.1	432647.6	431348.4	389772.7	1364204.3	400.50	108270.2
2026-06-30 06:30:00	1308350.5	1242933.0	1373768.1	438297.4	435680.7	434372.4	392505.2	1373768.1	400.50	109029.2
2026-06-30 06:35:00	1306943.1	1241596.0	1372290.3	437825.9	435212.1	433905.1	392082.9	1372290.3	400.50	108911.9
2026-06-30 06:40:00	1312096.4	1246491.6	1377701.2	439552.3	436928.1	435616.0	393628.9	1377701.2	400.50	109341.4
2026-06-30 06:45:00	1315149.8	1249392.3	1380907.3	440575.2	437944.9	436629.7	394545.0	1380907.3	400.50	109595.8
2026-06-30 06:50:00	1317231.1	1251369.6	1383092.7	441272.4	438638.0	437320.7	395169.3	1383092.7	400.50	109769.3
2026-06-30 06:55:00	1305588.4	1240309.0	1370867.9	437372.1	434760.9	433455.4	391676.5	1370867.9	400.50	108799.0
2026-06-30 07:00:00	1309979.0	1244480.0	1375477.9	438843.0	436223.0	434913.0	392993.7	1375477.9	400.50	109164.9
2026-06-30 07:05:00	1311131.5	1245574.9	1376688.1	439229.1	436606.8	435295.7	393339.5	1376688.1	400.50	109261.0
2026-06-30 07:10:00	1313342.4	1247675.2	1379009.5	439969.7	437343.0	436029.7	394002.7	1379009.5	400.50	109445.2
2026-06-30 07:15:00	1318792.5	1252852.9	1384732.1	441795.5	439157.9	437839.1	395637.7	1384732.1	400.50	109899.4
2026-06-30 07:20:00	1313623.2	1247942.1	1379304.4	440063.8	437436.5	436122.9	394087.0	1379304.4	400.50	109468.6
2026-06-30 07:25:00	1302753.8	1237616.1	1367891.5	436422.5	433817.0	432514.3	390826.2	1367891.5	400.50	108562.8
2026-06-30 07:30:00	1313966.1	1248267.8	1379664.4	440178.6	437550.7	436236.7	394189.8	1379664.4	400.50	109497.2
2026-06-30 07:35:00	1301076.9	1236023.0	1366130.7	435860.8	433258.6	431957.5	390323.1	1366130.7	400.50	108423.1
2026-06-30 07:40:00	1315001.6	1249251.5	1380751.7	440525.5	437895.5	436580.5	394500.5	1380751.7	400.50	109583.5
2026-06-30 07:45:00	1305754.7	1240467.0	1371042.5	437427.8	434816.3	433510.6	391726.4	1371042.5	400.50	108812.9
2026-06-30 07:50:00	1305929.8	1240633.3	1371226.3	437486.5	434874.6	433568.7	391778.9	1371226.3	400.50	108827.5
2026-06-30 07:55:00	1313692.9	1248008.2	1379377.5	440087.1	437459.7	436146.0	394107.9	1379377.5	400.50	109474.4
2026-06-30 08:00:00	1309105.3	1243650.0	1374560.6	438550.3	435932.1	434623.0	392731.6	1374560.6	400.50	109092.1
2026-06-30 08:05:00	1303805.7	1238615.4	1368996.0	436774.9	434167.3	432863.5	391141.7	1368996.0	400.50	108650.5
2026-06-30 08:10:00	1301274.2	1236210.5	1366337.9	435926.9	433324.3	432023.0	390382.3	1366337.9	400.50	108439.5
2026-06-30 08:15:00	1299973.6	1234975.0	1364972.3	435491.2	432891.2	431591.2	389992.1	1364972.3	400.50	108331.1
2026-06-30 08:20:00	1299770.9	1234782.4	1364759.5	435423.3	432823.7	431523.9	389931.3	1364759.5	400.50	108314.2
2026-06-30 08:25:00	1305849.4	1240557.0	1371141.9	437459.6	434847.9	433542.0	391754.8	1371141.9	400.50	108820.8
2026-06-30 08:30:00	1292018.9	1227417.9	1356619.8	432826.3	430242.3	428950.3	387605.7	1356619.8	400.50	107668.2
2026-06-30 08:35:00	1301262.5	1236199.4	1366325.7	435922.9	433320.4	432019.2	390378.8	1366325.7	400.50	108438.5
2026-06-30 08:40:00	1290047.8	1225545.4	1354550.2	432166.0	429585.9	428295.9	387014.3	1354550.2	400.50	107504.0
2026-06-30 08:45:00	1296375.3	1231556.6	1361194.1	434285.7	431693.0	430396.6	388912.6	1361194.1	400.50	108031.3
2026-06-30 08:50:00	1297328.9	1232462.5	1362195.4	434605.2	432010.5	430713.2	389198.7	1362195.4	400.50	108110.7
2026-06-30 08:55:00	1289893.1	1225398.5	1354387.8	432114.2	429534.4	428244.5	386967.9	1354387.8	400.50	107491.1
2026-06-30 09:00:00	1276580.0	1212751.0	1340409.0	427654.3	425101.1	423824.6	382974.0	1340409.0	400.50	106381.7
2026-06-30 09:05:00	1289556.8	1225078.9	1354034.6	432001.5	429422.4	428132.8	386867.0	1354034.6	400.50	107463.1
2026-06-30 09:10:00	1290539.5	1226012.5	1355066.4	432330.7	429749.6	428459.1	387161.8	1355066.4	400.50	107545.0
2026-06-30 09:15:00	1268693.5	1205258.8	1332128.2	425012.3	422474.9	421206.2	380608.1	1332128.2	400.50	105724.5
2026-06-30 09:20:00	1266560.2	1203232.2	1329888.2	424297.7	421764.6	420498.0	379968.1	1329888.2	400.50	105546.7
2026-06-30 09:25:00	1265571.2	1202292.7	1328849.8	423966.4	421435.2	420169.6	379671.4	1328849.8	400.50	105464.3
2026-06-30 09:30:00	1269030.2	1205578.7	1332481.7	425125.1	422587.0	421318.0	380709.1	1332481.7	400.50	105752.5
2026-06-30 09:35:00	1270752.5	1207214.8	1334290.1	425702.1	423160.6	421889.8	381225.7	1334290.1	400.50	105896.0
2026-06-30 09:40:00	1275053.0	1211300.3	1338805.6	427142.7	424592.6	423317.6	382515.9	1338805.6	400.50	106254.4
2026-06-30 09:45:00	1263741.8	1200554.7	1326928.9	423353.5	420826.0	419562.3	379122.5	1326928.9	400.50	105311.8
2026-06-30 09:50:00	1255981.0	1193182.0	1318780.1	420753.6	418241.7	416985.7	376794.3	1318780.1	400.50	104665.1
2026-06-30 09:55:00	1262000.7	1198900.7	1325100.7	422770.2	420246.2	418984.2	378600.2	1325100.7	400.50	105166.7
2026-06-30 10:00:00	1259102.8	1196147.7	1322057.9	421799.4	419281.2	418022.1	377730.8	1322057.9	400.50	104925.2
2026-06-30 10:05:00	1244155.4	1181947.6	1306363.2	416792.1	414303.7	413059.6	373246.6	1306363.2	400.50	103679.6
2026-06-30 10:10:00	1258650.4	1195717.9	1321583.0	421647.9	419130.6	417871.9	377595.1	1321583.0	400.50	104887.5
2026-06-30 10:15:00	1253215.6	1190554.9	1315876.4	419827.2	417320.8	416067.6	375964.7	1315876.4	400.50	104434.6
2026-06-30 10:20:00	1236086.2	1174281.9	1297890.5	414088.9	411616.7	410380.6	370825.9	1297890.5	400.50	103007.2
2026-06-30 10:25:00	1243122.8	1180966.7	1305278.9	416446.1	413959.9	412716.8	372936.8	1305278.9	400.50	103593.6
2026-06-30 10:30:00	1246396.2	1184076.4	1308716.1	417542.7	415050.0	413803.6	373918.9	1308716.1	400.50	103866.4
2026-06-30 10:35:00	1232694.4	1171059.7	1294329.1	412952.6	410487.2	409254.5	369808.3	1294329.1	400.50	102724.5
2026-06-30 10:40:00	1221196.3	1160136.5	1282256.1	409100.8	406658.4	405437.2	366358.9	1282256.1	400.50	101766.4
2026-06-30 10:45:00	1223065.7	1161912.5	1284219.0	409727.0	407280.9	406057.8	366919.7	1284219.0	400.50	101922.1
2026-06-30 10:50:00	1226261.7	1164948.6	1287574.7	410797.7	408345.1	407118.9	367878.5	1287574.7	400.50	102188.5
2026-06-30 10:55:00	1215220.8	1154459.8	1275981.9	407099.0	404668.5	403453.3	364566.3	1275981.9	400.50	101268.4
2026-06-30 11:00:00	1221557.6	1160479.7	1282635.4	409221.8	406778.7	405557.1	366467.3	1282635.4	400.50	101796.5
2026-06-30 11:05:00	1204827.5	1144586.1	1265068.9	403617.2	401207.6	400002.7	361448.3	1265068.9	400.50	100402.3
2026-06-30 11:10:00	1206210.4	1145899.9	1266520.9	404080.5	401668.1	400461.9	361863.1	1266520.9	400.50	100517.5
2026-06-30 11:15:00	1200513.3	1140487.6	1260538.9	402171.9	399770.9	398570.4	360154.0	1260538.9	400.50	100042.8
2026-06-30 11:20:00	1208367.6	1147949.2	1268785.9	404803.1	402386.4	401178.0	362510.3	1268785.9	400.50	100697.3
2026-06-30 11:25:00	1194280.4	1134566.3	1253994.4	400083.9	397695.4	396501.1	358284.1	1253994.4	400.50	99523.4
2026-06-30 11:30:00	1197063.7	1137210.5	1256916.9	401016.3	398622.2	397425.1	359119.1	1256916.9	400.50	99755.3
2026-06-30 11:35:00	1196881.0	1137036.9	1256725.0	400955.1	398561.4	397364.5	359064.3	1256725.0	400.50	99740.1
2026-06-30 11:40:00	1176149.9	1117342.4	1234957.4	394010.2	391657.9	390481.8	352845.0	1234957.4	400.50	98012.5
2026-06-30 11:45:00	1175454.2	1116681.5	1234226.9	393777.1	391426.2	390250.8	352636.3	1234226.9	400.50	97954.5
2026-06-30 11:50:00	1172769.6	1114131.1	1231408.1	392877.8	390532.3	389359.5	351830.9	1231408.1	400.50	97730.8
2026-06-30 11:55:00	1165641.5	1107359.4	1223923.5	390489.9	388158.6	386993.0	349692.4	1223923.5	400.50	97136.8
2026-06-30 12:00:00	1168184.5	1109775.3	1226593.8	391341.8	389005.5	387837.3	350455.4	1226593.8	400.50	97348.7
2026-06-30 12:05:00	1162006.0	1103905.7	1220106.3	389272.0	386948.0	385786.0	348601.8	1220106.3	400.50	96833.8
2026-06-30 12:10:00	1162382.3	1104263.2	1220501.5	389398.1	387073.3	385910.9	348714.7	1220501.5	400.50	96865.2
2026-06-30 12:15:00	1155455.2	1097682.4	1213227.9	387077.5	384766.6	383611.1	346636.6	1213227.9	400.50	96287.9
2026-06-30 12:20:00	1146410.8	1089090.3	1203731.3	384047.6	381754.8	380608.4	343923.2	1203731.3	400.50	95534.2
2026-06-30 12:25:00	1140244.0	1083231.8	1197256.2	381981.7	379701.3	378561.0	342073.2	1197256.2	400.50	95020.3
2026-06-30 12:30:00	1149216.8	1091755.9	1206677.6	384987.6	382689.2	381540.0	344765.0	1206677.6	400.50	95768.1
2026-06-30 12:35:00	1134696.3	1077961.5	1191431.1	380123.3	377853.9	376719.2	340408.9	1191431.1	400.50	94558.0
2026-06-30 12:40:00	1130309.9	1073794.4	1186825.4	378653.8	376393.2	375262.9	339093.0	1186825.4	400.50	94192.5
2026-06-30 12:45:00	1121303.0	1065237.9	1177368.2	375636.5	373393.9	372272.6	336390.9	1177368.2	400.50	93441.9
2026-06-30 12:50:00	1123598.8	1067418.9	1179778.8	376405.6	374158.4	373034.8	337079.6	1179778.8	400.50	93633.2
2026-06-30 12:55:00	1110400.1	1054880.1	1165920.2	371984.0	369763.2	368652.8	333120.0	1165920.2	400.50	92533.3
2026-06-30 13:00:00	1113091.9	1057437.3	1168746.5	372885.8	370659.6	369546.5	333927.6	1168746.5	400.50	92757.7
2026-06-30 13:05:00	1108135.5	1052728.7	1163542.2	371225.4	369009.1	367901.0	332440.6	1163542.2	400.50	92344.6
2026-06-30 13:10:00	1112645.5	1057013.2	1168277.8	372736.2	370510.9	369398.3	333793.6	1168277.8	400.50	92720.5
2026-06-30 13:15:00	1101088.0	1046033.6	1156142.4	368864.5	366662.3	365561.2	330326.4	1156142.4	400.50	91757.3
2026-06-30 13:20:00	1092545.1	1037917.9	1147172.4	366002.6	363817.5	362725.0	327763.5	1147172.4	400.50	91045.4
2026-06-30 13:25:00	1087312.1	1032946.5	1141677.7	364249.6	362074.9	360987.6	326193.6	1141677.7	400.50	90609.3
2026-06-30 13:30:00	1088967.0	1034518.6	1143415.3	364803.9	362626.0	361537.0	326690.1	1143415.3	400.50	90747.2
2026-06-30 13:35:00	1087061.2	1032708.1	1141414.2	364165.5	361991.4	360904.3	326118.3	1141414.2	400.50	90588.4
2026-06-30 13:40:00	1077821.9	1023930.8	1131713.0	361070.3	358914.7	357836.9	323346.6	1131713.0	400.50	89818.5
2026-06-30 13:45:00	1072791.6	1019152.0	1126431.2	359385.2	357239.6	356166.8	321837.5	1126431.2	400.50	89399.3
2026-06-30 13:50:00	1073841.6	1020149.6	1127533.7	359736.9	357589.3	356515.4	322152.5	1127533.7	400.50	89486.8
2026-06-30 13:55:00	1065919.1	1012623.2	1119215.1	357082.9	354951.1	353885.2	319775.7	1119215.1	400.50	88826.6
2026-06-30 14:00:00	1063972.5	1010773.9	1117171.1	356430.8	354302.8	353238.9	319191.7	1117171.1	400.50	88664.4
2026-06-30 14:05:00	1053899.5	1001204.5	1106594.4	353056.3	350948.5	349894.6	316169.8	1106594.4	400.50	87825.0
2026-06-30 14:10:00	1048150.4	995742.9	1100558.0	351130.4	349034.1	347985.9	314445.1	1100558.0	400.50	87345.9
2026-06-30 14:15:00	1048737.2	996300.4	1101174.1	351327.0	349229.5	348180.8	314621.2	1101174.1	400.50	87394.8
2026-06-30 14:20:00	1041928.2	989831.8	1094024.6	349045.9	346962.1	345920.2	312578.5	1094024.6	400.50	86827.3
2026-06-30 14:25:00	1038276.0	986362.2	1090189.8	347822.5	345745.9	344707.6	311482.8	1090189.8	400.50	86523.0
2026-06-30 14:30:00	1017691.6	966807.0	1068576.2	340926.7	338891.3	337873.6	305307.5	1068576.2	400.50	84807.6
2026-06-30 14:35:00	1020953.6	969906.0	1072001.3	342019.5	339977.6	338956.6	306286.1	1072001.3	400.50	85079.5
2026-06-30 14:40:00	1018886.6	967942.2	1069830.9	341327.0	339289.2	338270.3	305666.0	1069830.9	400.50	84907.2
2026-06-30 14:45:00	1015335.0	964568.2	1066101.7	340137.2	338106.5	337091.2	304600.5	1066101.7	400.50	84611.2
2026-06-30 14:50:00	1010301.8	959786.7	1060816.9	338451.1	336430.5	335420.2	303090.5	1060816.9	400.50	84191.8
2026-06-30 14:55:00	1003285.5	953121.2	1053449.8	336100.6	334094.1	333090.8	300985.6	1053449.8	400.50	83607.1
2026-06-30 15:00:00	996543.6	946716.4	1046370.7	333842.1	331849.0	330852.5	298963.1	1046370.7	400.50	83045.3
2026-06-30 15:05:00	983477.3	934303.4	1032651.1	329464.9	327497.9	326514.5	295043.2	1032651.1	400.50	81956.4
2026-06-30 15:10:00	979301.2	930336.2	1028266.3	328065.9	326107.3	325128.0	293790.4	1028266.3	400.50	81608.4
2026-06-30 15:15:00	985329.9	936063.5	1034596.4	330085.5	328114.9	327129.5	295599.0	1034596.4	400.50	82110.8
2026-06-30 15:20:00	967864.8	919471.5	1016258.0	324234.7	322299.0	321331.1	290359.4	1016258.0	400.50	80655.4
2026-06-30 15:25:00	977343.4	928476.2	1026210.6	327410.0	325455.4	324478.0	293203.0	1026210.6	400.50	81445.3
2026-06-30 15:30:00	970832.8	922291.2	1019374.5	325229.0	323287.3	322316.5	291249.8	1019374.5	400.50	80902.7
2026-06-30 15:35:00	960639.6	912607.6	1008671.6	321814.3	319893.0	318932.4	288191.9	1008671.6	400.50	80053.3
2026-06-30 15:40:00	965455.6	917182.8	1013728.4	323427.6	321496.7	320531.3	289636.7	1013728.4	400.50	80454.6
2026-06-30 15:45:00	956671.8	908838.2	1004505.4	320485.1	318571.7	317615.0	287001.6	1004505.4	400.50	79722.7
2026-06-30 15:50:00	952304.3	904689.1	999919.5	319021.9	317117.3	316165.0	285691.3	999919.5	400.50	79358.7
2026-06-30 15:55:00	941540.6	894463.6	988617.6	315416.1	313533.0	312591.5	282462.2	988617.6	400.50	78461.7
2026-06-30 16:00:00	946606.3	899276.0	993936.7	317113.1	315219.9	314273.3	283981.9	993936.7	400.50	78883.9
2026-06-30 16:05:00	942470.9	895347.4	989594.4	315727.8	313842.8	312900.3	282741.3	989594.4	400.50	78539.2
2026-06-30 16:10:00	931674.2	885090.5	978257.9	312110.9	310247.5	309315.8	279502.3	978257.9	400.50	77639.5
2026-06-30 16:15:00	916688.1	870853.7	962522.5	307090.5	305257.1	304340.4	275006.4	962522.5	400.50	76390.7
2026-06-30 16:20:00	914691.8	868957.2	960426.4	306421.8	304592.4	303677.7	274407.5	960426.4	400.50	76224.3
2026-06-30 16:25:00	909878.5	864384.6	955372.4	304809.3	302989.5	302079.7	272963.5	955372.4	400.50	75823.2
2026-06-30 16:30:00	905689.1	860404.6	950973.5	303405.8	301594.5	300688.8	271706.7	950973.5	400.50	75474.1
2026-06-30 16:35:00	901102.5	856047.4	946157.7	301869.4	300067.1	299166.0	270330.8	946157.7	400.50	75091.9
2026-06-30 16:40:00	908483.2	863059.0	953907.3	304341.9	302524.9	301616.4	272544.9	953907.3	400.50	75706.9
2026-06-30 16:45:00	887317.6	842951.7	931683.5	297251.4	295476.8	294589.5	266195.3	931683.5	400.50	73943.1
2026-06-30 16:50:00	881288.8	837224.3	925353.2	295231.7	293469.2	292587.9	264386.6	925353.2	400.50	73440.7
2026-06-30 16:55:00	881721.9	837635.8	925808.0	295376.8	293613.4	292731.7	264516.6	925808.0	400.50	73476.8
2026-06-30 17:00:00	883789.7	839600.2	927979.2	296069.6	294302.0	293418.2	265136.9	927979.2	400.50	73649.1
2026-06-30 17:05:00	885137.0	840880.1	929393.8	296520.9	294750.6	293865.5	265541.1	929393.8	400.50	73761.4
2026-06-30 17:10:00	876674.7	832840.9	920508.4	293686.0	291932.7	291056.0	263002.4	920508.4	400.50	73056.2
2026-06-30 17:15:00	862825.5	819684.2	905966.8	289046.5	287320.9	286458.1	258847.6	905966.8	400.50	71902.1
2026-06-30 17:20:00	865438.4	822166.5	908710.3	289921.9	288191.0	287325.5	259631.5	908710.3	400.50	72119.9
2026-06-30 17:25:00	853035.6	810383.8	895687.4	285766.9	284060.9	283207.8	255910.7	895687.4	400.50	71086.3
2026-06-30 17:30:00	847747.9	805360.5	890135.3	283995.6	282300.1	281452.3	254324.4	890135.3	400.50	70645.7
2026-06-30 17:35:00	841358.8	799290.8	883426.7	281855.2	280172.5	279331.1	252407.6	883426.7	400.50	70113.2
2026-06-30 17:40:00	848418.0	805997.1	890838.9	284220.0	282523.2	281674.8	254525.4	890838.9	400.50	70701.5
2026-06-30 17:45:00	833014.6	791363.9	874665.3	279059.9	277393.9	276560.8	249904.4	874665.3	400.50	69417.9
2026-06-30 17:50:00	842358.9	800241.0	884476.9	282190.2	280505.5	279663.2	252707.7	884476.9	400.50	70196.6
2026-06-30 17:55:00	824728.7	783492.2	865965.1	276284.1	274634.6	273809.9	247418.6	865965.1	400.50	68727.4
2026-06-30 18:00:00	824980.8	783731.7	866229.8	276368.6	274718.6	273893.6	247494.2	866229.8	400.50	68748.4
2026-06-30 18:05:00	827932.0	786535.4	869328.6	277357.2	275701.4	274873.4	248379.6	869328.6	400.50	68994.3
2026-06-30 18:10:00	828674.3	787240.6	870108.0	277605.9	275948.6	275119.9	248602.3	870108.0	400.50	69056.2
2026-06-30 18:15:00	811818.1	771227.2	852409.0	271959.1	270335.4	269523.6	243545.4	852409.0	400.50	67651.5
2026-06-30 18:20:00	806683.7	766349.6	847017.9	270239.1	268625.7	267819.0	242005.1	847017.9	400.50	67223.6
2026-06-30 18:25:00	802180.0	762071.0	842289.0	268730.3	267125.9	266323.8	240654.0	842289.0	400.50	66848.3
2026-06-30 18:30:00	802551.6	762424.1	842679.2	268854.8	267249.7	266447.1	240765.5	842679.2	400.50	66879.3
2026-06-30 18:35:00	794447.8	754725.4	834170.2	266140.0	264551.1	263756.7	238334.3	834170.2	400.50	66204.0
2026-06-30 18:40:00	796199.0	756389.0	836008.9	266726.6	265134.3	264338.1	238859.7	836008.9	400.50	66349.9
2026-06-30 18:45:00	786841.6	747499.6	826183.7	263592.0	262018.3	261231.4	236052.5	826183.7	400.50	65570.1
2026-06-30 18:50:00	799965.6	759967.3	839963.9	267988.5	266388.5	265588.6	239989.7	839963.9	400.50	66663.8
2026-06-30 18:55:00	791896.1	752301.3	831490.9	265285.2	263701.4	262909.5	237568.8	831490.9	400.50	65991.3
2026-06-30 19:00:00	791817.6	752226.8	831408.5	265258.9	263675.3	262883.5	237545.3	831408.5	400.50	65984.8
2026-06-30 19:05:00	781569.3	742490.9	820647.8	261825.7	260262.6	259481.0	234470.8	820647.8	400.50	65130.8
2026-06-30 19:10:00	777954.5	739056.7	816852.2	260614.7	259058.8	258280.9	233386.3	816852.2	400.50	64829.5
2026-06-30 19:15:00	782933.9	743787.2	822080.5	262282.8	260717.0	259934.0	234880.2	822080.5	400.50	65244.5
2026-06-30 19:20:00	781443.5	742371.4	820515.7	261783.6	260220.7	259439.3	234433.1	820515.7	400.50	65120.3
2026-06-30 19:25:00	762135.8	724029.0	800242.5	255315.5	253791.2	253029.1	228640.7	800242.5	400.50	63511.3
2026-06-30 19:30:00	777337.4	738470.5	816204.3	260408.0	258853.4	258076.0	233201.2	816204.3	400.50	64778.1
2026-06-30 19:35:00	755927.8	718131.4	793724.1	253235.8	251723.9	250968.0	226778.3	793724.1	400.50	62994.0
2026-06-30 19:40:00	762049.1	723946.6	800151.5	255286.4	253762.3	253000.3	228614.7	800151.5	400.50	63504.1
2026-06-30 19:45:00	753450.7	715778.1	791123.2	252406.0	250899.1	250145.6	226035.2	791123.2	400.50	62787.6
2026-06-30 19:50:00	749657.3	712174.5	787140.2	251135.2	249635.9	248886.2	224897.2	787140.2	400.50	62471.4
2026-06-30 19:55:00	745715.6	708429.8	783001.4	249814.7	248323.3	247577.6	223714.7	783001.4	400.50	62143.0
2026-06-30 20:00:00	755494.9	717720.2	793269.7	253090.8	251579.8	250824.3	226648.5	793269.7	400.50	62957.9
2026-06-30 20:05:00	751001.1	713451.0	788551.1	251585.4	250083.4	249332.4	225300.3	788551.1	400.50	62583.4
2026-06-30 20:10:00	741185.0	704125.8	778244.3	248297.0	246814.6	246073.4	222355.5	778244.3	400.50	61765.4
2026-06-30 20:15:00	736176.9	699368.1	772985.8	246619.3	245146.9	244410.7	220853.1	772985.8	400.50	61348.1
2026-06-30 20:20:00	736057.0	699254.2	772859.9	246579.1	245107.0	244370.9	220817.1	772859.9	400.50	61338.1
2026-06-30 20:25:00	736698.7	699863.8	773533.6	246794.1	245320.7	244584.0	221009.6	773533.6	400.50	61391.6
2026-06-30 20:30:00	746653.2	709320.5	783985.9	250128.8	248635.5	247888.9	223996.0	783985.9	400.50	62221.1
2026-06-30 20:35:00	744993.3	707743.6	782242.9	249572.7	248082.8	247337.8	223498.0	782242.9	400.50	62082.8
2026-06-30 20:40:00	734892.5	698147.8	771637.1	246189.0	244719.2	243984.3	220467.7	771637.1	400.50	61241.0
2026-06-30 20:45:00	723059.8	686906.8	759212.8	242225.0	240778.9	240055.9	216917.9	759212.8	400.50	60255.0
2026-06-30 20:50:00	728968.8	692520.4	765417.3	244204.6	242746.6	242017.7	218690.7	765417.3	400.50	60747.4
2026-06-30 20:55:00	728232.3	691820.7	764644.0	243957.8	242501.4	241773.1	218469.7	764644.0	400.50	60686.0
2026-06-30 21:00:00	733318.3	696652.4	769984.2	245661.6	244195.0	243461.7	219995.5	769984.2	400.50	61109.9
2026-06-30 21:05:00	720909.1	684863.7	756954.6	241504.6	240062.7	239341.8	216272.7	756954.6	400.50	60075.8
2026-06-30 21:10:00	717911.8	682016.2	753807.4	240500.5	239064.6	238346.7	215373.5	753807.4	400.50	59826.0
2026-06-30 21:15:00	730574.8	694046.0	767103.5	244742.6	243281.4	242550.8	219172.4	767103.5	400.50	60881.2
2026-06-30 21:20:00	730194.3	693684.6	766704.0	244615.1	243154.7	242424.5	219058.3	766704.0	400.50	60849.5
2026-06-30 21:25:00	728880.4	692436.4	765324.5	244174.9	242717.2	241988.3	218664.1	765324.5	400.50	60740.0
2026-06-30 21:30:00	726603.8	690273.6	762934.0	243412.3	241959.1	241232.5	217981.1	762934.0	400.50	60550.3
2026-06-30 21:35:00	717963.5	682065.4	753861.7	240517.8	239081.9	238363.9	215389.1	753861.7	400.50	59830.3
2026-06-30 21:40:00	712115.4	676509.6	747721.2	238558.7	237134.4	236422.3	213634.6	747721.2	400.50	59342.9
2026-06-30 21:45:00	716622.7	680791.6	752453.8	240068.6	238635.4	237918.7	214986.8	752453.8	400.50	59718.6
2026-06-30 21:50:00	713307.4	677642.0	748972.7	238958.0	237531.4	236818.0	213992.2	748972.7	400.50	59442.3
2026-06-30 21:55:00	710701.2	675166.2	746236.3	238084.9	236663.5	235952.8	213210.4	746236.3	400.50	59225.1
2026-06-30 22:00:00	704687.7	669453.3	739922.1	236070.4	234661.0	233956.3	211406.3	739922.1	400.50	58724.0
2026-06-30 22:05:00	716583.8	680754.6	752413.0	240055.6	238622.4	237905.8	214975.1	752413.0	400.50	59715.3
2026-06-30 22:10:00	708575.7	673146.9	744004.4	237372.8	235955.7	235247.1	212572.7	744004.4	400.50	59048.0
2026-06-30 22:15:00	701098.3	666043.4	736153.2	234867.9	233465.7	232764.6	210329.5	736153.2	400.50	58424.9
2026-06-30 22:20:00	702803.7	667663.5	737943.9	235439.2	234033.6	233330.8	210841.1	737943.9	400.50	58567.0
2026-06-30 22:25:00	714686.3	678952.0	750420.6	239419.9	237990.5	237275.8	214405.9	750420.6	400.50	59557.2
2026-06-30 22:30:00	710980.8	675431.8	746529.8	238178.6	236756.6	236045.6	213294.2	746529.8	400.50	59248.4
2026-06-30 22:35:00	711024.1	675472.9	746575.3	238193.1	236771.0	236060.0	213307.2	746575.3	400.50	59252.0
2026-06-30 22:40:00	717036.9	681185.1	752888.7	240207.4	238773.3	238056.2	215111.1	752888.7	400.50	59753.1
2026-06-30 22:45:00	713201.9	677541.8	748861.9	238922.6	237496.2	236783.0	213960.6	748861.9	400.50	59433.5
2026-06-30 22:50:00	718064.1	682160.9	753967.3	240551.5	239115.3	238397.3	215419.2	753967.3	400.50	59838.7
2026-06-30 22:55:00	719413.3	683442.6	755384.0	241003.5	239564.6	238845.2	215824.0	755384.0	400.50	59951.1
2026-06-30 23:00:00	709821.7	674330.6	745312.8	237790.3	236370.6	235660.8	212946.5	745312.8	400.50	59151.8
2026-06-30 23:05:00	708511.3	673085.8	743936.9	237351.3	235934.3	235225.8	212553.4	743936.9	400.50	59042.6
2026-06-30 23:10:00	717650.2	681767.7	753532.8	240412.8	238977.5	238259.9	215295.1	753532.8	400.50	59804.2
2026-06-30 23:15:00	714068.2	678364.8	749771.7	239212.9	237784.7	237070.7	214220.5	749771.7	400.50	59505.7
2026-06-30 23:20:00	709206.3	673746.0	744666.7	237584.1	236165.7	235456.5	212761.9	744666.7	400.50	59100.5
2026-06-30 23:25:00	717738.8	681851.9	753625.7	240442.5	239007.0	238289.3	215321.6	753625.7	400.50	59811.6
2026-06-30 23:30:00	720682.7	684648.6	756716.8	241428.7	239987.3	239266.7	216204.8	756716.8	400.50	60056.9
2026-06-30 23:35:00	709482.6	674008.5	744956.7	237676.7	236257.7	235548.2	212844.8	744956.7	400.50	59123.6
2026-06-30 23:40:00	716947.5	681100.2	752794.9	240177.4	238743.5	238026.6	215084.3	752794.9	400.50	59745.6
2026-06-30 23:45:00	722741.3	686604.3	758878.4	242118.3	240672.9	239950.1	216822.4	758878.4	400.50	60228.4
2026-06-30 23:50:00	708600.0	673170.0	744030.0	237381.0	235963.8	235255.2	212580.0	744030.0	400.50	59050.0
2026-06-30 23:55:00	725540.5	689263.5	761817.5	243056.1	241605.0	240879.5	217662.2	761817.5	400.50	60461.7
2026-07-01 00:00:00	712930.9	677284.4	748577.5	238831.9	237406.0	236693.1	213879.3	748577.5	400.50	59410.9
2026-07-01 00:05:00	728422.1	692001.0	764843.2	244021.4	242564.6	241836.1	218526.6	764843.2	400.50	60701.8
2026-07-01 00:10:00	733730.5	697044.0	770417.0	245799.7	244332.3	243598.5	220119.1	770417.0	400.50	61144.2
2026-07-01 00:15:00	727389.3	691019.8	763758.8	243675.4	242220.6	241493.2	218216.8	763758.8	400.50	60615.8
2026-07-01 00:20:00	719996.5	683996.7	755996.3	241198.8	239758.8	239038.8	215998.9	755996.3	400.50	59999.7
2026-07-01 00:25:00	726520.8	690194.7	762846.8	243384.5	241931.4	241204.9	217956.2	762846.8	400.50	60543.4
2026-07-01 00:30:00	736257.0	699444.1	773069.8	246646.1	245173.6	244437.3	220877.1	773069.8	400.50	61354.7
2026-07-01 00:35:00	737112.7	700257.1	773968.3	246932.8	245458.5	244721.4	221133.8	773968.3	400.50	61426.1
2026-07-01 00:40:00	736235.8	699424.0	773047.6	246639.0	245166.5	244430.3	220870.7	773047.6	400.50	61353.0
2026-07-01 00:45:00	733777.6	697088.7	770466.4	245815.5	244347.9	243614.2	220133.3	770466.4	400.50	61148.1
2026-07-01 00:50:00	731152.6	694594.9	767710.2	244936.1	243473.8	242742.6	219345.8	767710.2	400.50	60929.4
2026-07-01 00:55:00	746616.8	709285.9	783947.6	250116.6	248623.4	247876.8	223985.0	783947.6	400.50	62218.1
2026-07-01 01:00:00	741827.1	704735.7	778918.5	248512.1	247028.4	246286.6	222548.1	778918.5	400.50	61818.9
2026-07-01 01:05:00	745207.3	707946.9	782467.6	249644.4	248154.0	247408.8	223562.2	782467.6	400.50	62100.6
2026-07-01 01:10:00	752032.4	714430.8	789634.0	251930.8	250426.8	249674.8	225609.7	789634.0	400.50	62669.4
2026-07-01 01:15:00	749111.6	711656.0	786567.1	250952.4	249454.2	248705.0	224733.5	786567.1	400.50	62426.0
2026-07-01 01:20:00	758587.0	720657.7	796516.4	254126.6	252609.5	251850.9	227576.1	796516.4	400.50	63215.6
2026-07-01 01:25:00	760525.2	722498.9	798551.4	254775.9	253254.9	252494.4	228157.6	798551.4	400.50	63377.1
2026-07-01 01:30:00	753035.0	715383.3	790686.8	252266.7	250760.7	250007.6	225910.5	790686.8	400.50	62752.9
2026-07-01 01:35:00	769684.9	731200.6	808169.1	257844.4	256305.1	255535.4	230905.5	808169.1	400.50	64140.4
2026-07-01 01:40:00	763399.3	725229.4	801569.3	255738.8	254212.0	253448.6	229019.8	801569.3	400.50	63616.6
2026-07-01 01:45:00	774323.3	735607.1	813039.4	259398.3	257849.7	257075.3	232297.0	813039.4	400.50	64526.9
2026-07-01 01:50:00	759671.4	721687.8	797654.9	254489.9	252970.6	252210.9	227901.4	797654.9	400.50	63305.9
2026-07-01 01:55:00	763941.5	725744.4	802138.6	255920.4	254392.5	253628.6	229182.4	802138.6	400.50	63661.8
2026-07-01 02:00:00	774695.9	735961.1	813430.7	259523.1	257973.7	257199.0	232408.8	813430.7	400.50	64558.0
2026-07-01 02:05:00	771917.2	733321.3	810513.0	258592.3	257048.4	256276.5	231575.2	810513.0	400.50	64326.4
2026-07-01 02:10:00	785000.5	745750.5	824250.5	262975.2	261405.2	260620.2	235500.1	824250.5	400.50	65416.7
2026-07-01 02:15:00	792198.2	752588.3	831808.1	265386.4	263802.0	263009.8	237659.4	831808.1	400.50	66016.5
2026-07-01 02:20:00	793453.6	753780.9	833126.2	265806.9	264220.0	263426.6	238036.1	833126.2	400.50	66121.1
2026-07-01 02:25:00	796322.2	756506.1	836138.3	266767.9	265175.3	264379.0	238896.7	836138.3	400.50	66360.2
2026-07-01 02:30:00	792916.5	753270.7	832562.3	265627.0	264041.2	263248.3	237874.9	832562.3	400.50	66076.4
2026-07-01 02:35:00	808087.8	767683.5	848492.2	270709.4	269093.3	268285.2	242426.4	848492.2	400.50	67340.7
2026-07-01 02:40:00	806009.6	765709.1	846310.1	270013.2	268401.2	267595.2	241802.9	846310.1	400.50	67167.5
2026-07-01 02:45:00	811487.9	770913.5	852062.3	271848.5	270225.5	269414.0	243446.4	852062.3	400.50	67624.0
2026-07-01 02:50:00	813921.4	773225.4	854617.5	272663.7	271035.8	270221.9	244176.4	854617.5	400.50	67826.8
2026-07-01 02:55:00	816768.1	775929.7	857606.5	273617.3	271983.8	271167.0	245030.4	857606.5	400.50	68064.0
2026-07-01 03:00:00	826390.5	785071.0	867710.1	276840.8	275188.1	274361.7	247917.2	867710.1	400.50	68865.9
2026-07-01 03:05:00	824208.5	782998.1	865418.9	276109.9	274461.4	273637.2	247262.6	865418.9	400.50	68684.0
2026-07-01 03:10:00	827664.3	786281.1	869047.5	277267.5	275612.2	274784.6	248299.3	869047.5	400.50	68972.0
2026-07-01 03:15:00	829097.6	787642.7	870552.5	277747.7	276089.5	275260.4	248729.3	870552.5	400.50	69091.5
2026-07-01 03:20:00	824865.2	783622.0	866108.5	276329.9	274680.1	273855.3	247459.6	866108.5	400.50	68738.8
2026-07-01 03:25:00	828625.5	787194.2	870056.7	277589.5	275932.3	275103.7	248587.6	870056.7	400.50	69052.1
2026-07-01 03:30:00	841288.6	799224.2	883353.0	281831.7	280149.1	279307.8	252386.6	883353.0	400.50	70107.4
2026-07-01 03:35:00	844242.5	802030.3	886454.6	282821.2	281132.7	280288.5	253272.7	886454.6	400.50	70353.5
2026-07-01 03:40:00	847704.7	805319.5	890089.9	283981.1	282285.7	281438.0	254311.4	890089.9	400.50	70642.1
2026-07-01 03:45:00	861192.5	818132.9	904252.1	288499.5	286777.1	285915.9	258357.7	904252.1	400.50	71766.0
2026-07-01 03:50:00	862711.2	819575.6	905846.8	289008.2	287282.8	286420.1	258813.4	905846.8	400.50	71892.6
2026-07-01 03:55:00	862390.2	819270.7	905509.7	288900.7	287175.9	286313.5	258717.1	905509.7	400.50	71865.8
2026-07-01 04:00:00	857194.9	814335.2	900054.6	287160.3	285445.9	284588.7	257158.5	900054.6	400.50	71432.9
2026-07-01 04:05:00	879153.3	835195.6	923110.9	294516.3	292758.0	291878.9	263746.0	923110.9	400.50	73262.8
2026-07-01 04:10:00	865537.8	822260.9	908814.7	289955.2	288224.1	287358.6	259661.3	908814.7	400.50	72128.2
2026-07-01 04:15:00	875905.0	832109.7	919700.2	293428.2	291676.4	290800.5	262771.5	919700.2	400.50	72992.1
2026-07-01 04:20:00	881334.1	837267.4	925400.8	295246.9	293484.2	292602.9	264400.2	925400.8	400.50	73444.5
2026-07-01 04:25:00	897983.5	853084.3	942882.6	300824.5	299028.5	298130.5	269395.0	942882.6	400.50	74832.0
2026-07-01 04:30:00	891396.3	846826.5	935966.2	298617.8	296835.0	295943.6	267418.9	935966.2	400.50	74283.0
2026-07-01 04:35:00	894747.5	850010.1	939484.9	299740.4	297950.9	297056.2	268424.3	939484.9	400.50	74562.3
2026-07-01 04:40:00	910761.4	865223.4	956299.5	305105.1	303283.6	302372.8	273228.4	956299.5	400.50	75896.8
2026-07-01 04:45:00	911112.4	865556.8	956668.0	305222.6	303400.4	302489.3	273333.7	956668.0	400.50	75926.0
2026-07-01 04:50:00	919964.5	873966.3	965962.8	308188.1	306348.2	305428.2	275989.4	965962.8	400.50	76663.7
2026-07-01 04:55:00	912200.0	866590.0	957810.0	305587.0	303762.6	302850.4	273660.0	957810.0	400.50	76016.7
2026-07-01 05:00:00	911672.2	866088.6	957255.8	305410.2	303586.8	302675.2	273501.7	957255.8	400.50	75972.7
2026-07-01 05:05:00	918987.5	873038.2	964936.9	307860.8	306022.8	305103.9	275696.3	964936.9	400.50	76582.3
2026-07-01 05:10:00	928730.4	882293.9	975166.9	311124.7	309267.2	308338.5	278619.1	975166.9	400.50	77394.2
2026-07-01 05:15:00	941811.8	894721.2	988902.4	315506.9	313623.3	312681.5	282543.5	988902.4	400.50	78484.3
2026-07-01 05:20:00	931774.4	885185.7	978363.1	312144.4	310280.9	309349.1	279532.3	978363.1	400.50	77647.9
2026-07-01 05:25:00	948454.5	901031.8	995877.2	317732.3	315835.4	314886.9	284536.4	995877.2	400.50	79037.9
2026-07-01 05:30:00	949499.0	902024.1	996974.0	318082.2	316183.2	315233.7	284849.7	996974.0	400.50	79124.9
2026-07-01 05:35:00	949693.7	902209.0	997178.3	318147.4	316248.0	315298.3	284908.1	997178.3	400.50	79141.1
2026-07-01 05:40:00	951364.5	903796.3	998932.7	318707.1	316804.4	315853.0	285409.3	998932.7	400.50	79280.4
2026-07-01 05:45:00	973887.1	925192.8	1022581.5	326252.2	324304.4	323330.5	292166.1	1022581.5	400.50	81157.3
2026-07-01 05:50:00	977808.5	928918.1	1026698.9	327565.9	325610.2	324632.4	293342.6	1026698.9	400.50	81484.0
2026-07-01 05:55:00	967454.1	919081.4	1015826.8	324097.1	322162.2	321194.8	290236.2	1015826.8	400.50	80621.2
2026-07-01 06:00:00	988813.4	939372.7	1038254.0	331252.5	329274.9	328286.0	296644.0	1038254.0	400.50	82401.1
2026-07-01 06:05:00	985055.4	935802.6	1034308.1	329993.5	328023.4	327038.4	295516.6	1034308.1	400.50	82087.9
2026-07-01 06:10:00	989919.7	940423.8	1039415.7	331623.1	329643.3	328653.4	296975.9	1039415.7	400.50	82493.3
2026-07-01 06:15:00	987878.0	938484.1	1037271.9	330939.1	328963.4	327975.5	296363.4	1037271.9	400.50	82323.2
2026-07-01 06:20:00	999621.3	949640.3	1049602.4	334873.1	332873.9	331874.3	299886.4	1049602.4	400.50	83301.8
2026-07-01 06:25:00	1004426.5	954205.2	1054647.9	336482.9	334474.0	333469.6	301328.0	1054647.9	400.50	83702.2
2026-07-01 06:30:00	1009385.0	958915.7	1059854.2	338144.0	336125.2	335115.8	302815.5	1059854.2	400.50	84115.4
2026-07-01 06:35:00	1013555.7	962877.9	1064233.5	339541.1	337514.0	336500.5	304066.7	1064233.5	400.50	84463.0
2026-07-01 06:40:00	1011266.5	960703.2	1061829.8	338774.3	336751.7	335740.5	303379.9	1061829.8	400.50	84272.2
2026-07-01 06:45:00	1025461.6	974188.5	1076734.7	343529.6	341478.7	340453.2	307638.5	1076734.7	400.50	85455.1
2026-07-01 06:50:00	1021883.4	970789.2	1072977.5	342330.9	340287.2	339265.3	306565.0	1072977.5	400.50	85156.9
2026-07-01 06:55:00	1035180.7	983421.6	1086939.7	346785.5	344715.2	343680.0	310554.2	1086939.7	400.50	86265.1
2026-07-01 07:00:00	1046144.1	993836.9	1098451.3	350458.3	348366.0	347319.9	313843.2	1098451.3	400.50	87178.7
2026-07-01 07:05:00	1044245.8	992033.5	1096458.0	349822.3	347733.8	346689.6	313273.7	1096458.0	400.50	87020.5
2026-07-01 07:10:00	1056858.0	1004015.1	1109700.9	354047.4	351933.7	350876.8	317057.4	1109700.9	400.50	88071.5
2026-07-01 07:15:00	1064482.0	1011257.9	1117706.1	356601.5	354472.5	353408.0	319344.6	1117706.1	400.50	88706.8
2026-07-01 07:20:00	1063483.4	1010309.2	1116657.6	356266.9	354140.0	353076.5	319045.0	1116657.6	400.50	88623.6
2026-07-01 07:25:00	1055147.2	1002389.8	1107904.5	353474.3	351364.0	350308.9	316544.1	1107904.5	400.50	87928.9
2026-07-01 07:30:00	1078513.1	1024587.4	1132438.7	361301.9	359144.9	358066.3	323553.9	1132438.7	400.50	89876.1
2026-07-01 07:35:00	1067525.4	1014149.1	1120901.6	357621.0	355485.9	354418.4	320257.6	1120901.6	400.50	88960.4
2026-07-01 07:40:00	1085085.9	1030831.6	1139340.2	363503.8	361333.6	360248.5	325525.8	1139340.2	400.50	90423.8
2026-07-01 07:45:00	1076754.5	1022916.7	1130592.2	360712.7	358559.2	357482.5	323026.3	1130592.2	400.50	89729.5
2026-07-01 07:50:00	1083763.3	1029575.2	1137951.5	363060.7	360893.2	359809.4	325129.0	1137951.5	400.50	90313.6
2026-07-01 07:55:00	1097282.0	1042417.9	1152146.1	367589.5	365394.9	364297.6	329184.6	1152146.1	400.50	91440.2
2026-07-01 08:00:00	1101822.0	1046730.9	1156913.1	369110.4	366906.7	365804.9	330546.6	1156913.1	400.50	91818.5
2026-07-01 08:05:00	1108196.0	1052786.2	1163605.8	371245.7	369029.3	367921.1	332458.8	1163605.8	400.50	92349.7
2026-07-01 08:10:00	1104172.2	1048963.6	1159380.8	369897.7	367689.3	366585.2	331251.7	1159380.8	400.50	92014.3
2026-07-01 08:15:00	1113502.4	1057827.3	1169177.6	373023.3	370796.3	369682.8	334050.7	1169177.6	400.50	92791.9
2026-07-01 08:20:00	1114585.9	1058856.6	1170315.2	373386.3	371157.1	370042.5	334375.8	1170315.2	400.50	92882.2
2026-07-01 08:25:00	1113150.8	1057493.3	1168808.4	372905.5	370679.2	369566.1	333945.3	1168808.4	400.50	92762.6
2026-07-01 08:30:00	1124700.3	1068465.3	1180935.3	376774.6	374525.2	373400.5	337410.1	1180935.3	400.50	93725.0
2026-07-01 08:35:00	1129338.0	1072871.1	1185804.9	378328.2	376069.6	374940.2	338801.4	1185804.9	400.50	94111.5
2026-07-01 08:40:00	1134125.5	1077419.3	1190831.8	379932.1	377663.8	376529.7	340237.7	1190831.8	400.50	94510.5
2026-07-01 08:45:00	1141245.7	1084183.4	1198308.0	382317.3	380034.8	378893.6	342373.7	1198308.0	400.50	95103.8
2026-07-01 08:50:00	1140318.3	1083302.3	1197334.2	382006.6	379726.0	378585.7	342095.5	1197334.2	400.50	95026.5
2026-07-01 08:55:00	1153876.6	1096182.8	1211570.4	386548.7	384240.9	383087.0	346163.0	1211570.4	400.50	96156.4
2026-07-01 09:00:00	1152360.8	1094742.7	1209978.8	386040.9	383736.1	382583.8	345708.2	1209978.8	400.50	96030.1
2026-07-01 09:05:00	1156660.0	1098827.0	1214493.0	387481.1	385167.8	384011.1	346998.0	1214493.0	400.50	96388.3
2026-07-01 09:10:00	1158718.4	1100782.5	1216654.3	388170.7	385853.2	384694.5	347615.5	1216654.3	400.50	96559.9
2026-07-01 09:15:00	1165086.7	1106832.3	1223341.0	390304.0	387973.9	386808.8	349526.0	1223341.0	400.50	97090.6
2026-07-01 09:20:00	1172796.1	1114156.3	1231435.9	392886.7	390541.1	389368.3	351838.8	1231435.9	400.50	97733.0
2026-07-01 09:25:00	1170060.5	1111557.5	1228563.5	391970.3	389630.1	388460.1	351018.1	1228563.5	400.50	97505.0
2026-07-01 09:30:00	1173142.8	1114485.7	1231800.0	393002.8	390656.6	389483.4	351942.8	1231800.0	400.50	97761.9
2026-07-01 09:35:00	1190731.3	1131194.8	1250267.9	398895.0	396513.5	395322.8	357219.4	1250267.9	400.50	99227.6
2026-07-01 09:40:00	1191419.5	1131848.5	1250990.4	399125.5	396742.7	395551.3	357425.8	1250990.4	400.50	99285.0
2026-07-01 09:45:00	1198823.8	1138882.6	1258765.0	401606.0	399208.3	398009.5	359647.1	1258765.0	400.50	99902.0
2026-07-01 09:50:00	1193024.2	1133373.0	1252675.4	399663.1	397277.0	396084.0	357907.3	1252675.4	400.50	99418.7
2026-07-01 09:55:00	1201120.4	1141064.3	1261176.4	402375.3	399973.1	398772.0	360336.1	1261176.4	400.50	100093.4
2026-07-01 10:00:00	1196459.9	1136636.9	1256282.9	400814.1	398421.1	397224.7	358938.0	1256282.9	400.50	99705.0
2026-07-01 10:05:00	1205962.3	1145664.1	1266260.4	403997.4	401585.4	400379.5	361788.7	1266260.4	400.50	100496.9
2026-07-01 10:10:00	1210444.7	1149922.4	1270966.9	405499.0	403078.1	401867.6	363133.4	1270966.9	400.50	100870.4
2026-07-01 10:15:00	1218501.0	1157576.0	1279426.1	408197.9	405760.8	404542.3	365550.3	1279426.1	400.50	101541.8
2026-07-01 10:20:00	1221454.8	1160382.0	1282527.5	409187.3	406744.4	405523.0	366436.4	1282527.5	400.50	101787.9
2026-07-01 10:25:00	1214111.6	1153406.0	1274817.2	406727.4	404299.2	403085.0	364233.5	1274817.2	400.50	101176.0
2026-07-01 10:30:00	1221562.0	1160483.9	1282640.1	409223.3	406780.1	405558.6	366468.6	1282640.1	400.50	101796.8
2026-07-01 10:35:00	1219901.1	1158906.1	1280896.2	408666.9	406227.1	405007.2	365970.3	1280896.2	400.50	101658.4
2026-07-01 10:40:00	1231192.7	1169633.1	1292752.4	412449.6	409987.2	408756.0	369357.8	1292752.4	400.50	102599.4
2026-07-01 10:45:00	1234301.2	1172586.2	1296016.3	413490.9	411022.3	409788.0	370290.4	1296016.3	400.50	102858.4
2026-07-01 10:50:00	1244645.8	1182413.5	1306878.1	416956.3	414467.1	413222.4	373393.7	1306878.1	400.50	103720.5
2026-07-01 10:55:00	1237846.9	1175954.6	1299739.3	414678.7	412203.0	410965.2	371354.1	1299739.3	400.50	103153.9
2026-07-01 11:00:00	1244377.6	1182158.7	1306596.4	416866.5	414377.7	413133.3	373313.3	1306596.4	400.50	103698.1
2026-07-01 11:05:00	1257349.4	1194481.9	1320216.8	421212.0	418697.3	417440.0	377204.8	1320216.8	400.50	104779.1
2026-07-01 11:10:00	1252956.0	1190308.2	1315603.8	419740.3	417234.3	415981.4	375886.8	1315603.8	400.50	104413.0
2026-07-01 11:15:00	1255858.6	1193065.6	1318651.5	420712.6	418200.9	416945.0	376757.6	1318651.5	400.50	104654.9
2026-07-01 11:20:00	1260000.5	1197000.5	1323000.5	422100.2	419580.2	418320.2	378000.1	1323000.5	400.50	105000.0
2026-07-01 11:25:00	1262105.4	1199000.1	1325210.6	422805.3	420281.1	419019.0	378631.6	1325210.6	400.50	105175.4
2026-07-01 11:30:00	1257701.8	1194816.7	1320586.8	421330.1	418814.7	417557.0	377310.5	1320586.8	400.50	104808.5
2026-07-01 11:35:00	1255801.4	1193011.3	1318591.4	420693.5	418181.9	416926.1	376740.4	1318591.4	400.50	104650.1
2026-07-01 11:40:00	1266469.8	1203146.3	1329793.3	424267.4	421734.5	420468.0	379941.0	1329793.3	400.50	105539.2
2026-07-01 11:45:00	1268364.7	1204946.5	1331783.0	424902.2	422365.5	421097.1	380509.4	1331783.0	400.50	105697.1
2026-07-01 11:50:00	1275227.5	1211466.1	1338988.8	427201.2	424650.7	423375.5	382568.2	1338988.8	400.50	106269.0
2026-07-01 11:55:00	1271957.1	1208359.2	1335554.9	426105.6	423561.7	422289.8	381587.1	1335554.9	400.50	105996.4
2026-07-01 12:00:00	1273845.7	1210153.5	1337538.0	426738.3	424190.6	422916.8	382153.7	1337538.0	400.50	106153.8
2026-07-01 12:05:00	1279379.6	1215410.7	1343348.6	428592.2	426033.4	424754.0	383813.9	1343348.6	400.50	106615.0
2026-07-01 12:10:00	1273743.0	1210055.8	1337430.1	426703.9	424156.4	422882.7	382122.9	1337430.1	400.50	106145.2
2026-07-01 12:15:00	1288329.5	1223913.0	1352746.0	431590.4	429013.7	427725.4	386498.8	1352746.0	400.50	107360.8
2026-07-01 12:20:00	1276288.8	1212474.4	1340103.3	427556.8	425004.2	423727.9	382886.7	1340103.3	400.50	106357.4
2026-07-01 12:25:00	1294535.3	1229808.5	1359262.0	433669.3	431080.3	429785.7	388360.6	1359262.0	400.50	107877.9
2026-07-01 12:30:00	1285269.3	1221005.9	1349532.8	430565.2	427994.7	426709.4	385580.8	1349532.8	400.50	107105.8
2026-07-01 12:35:00	1286499.4	1222174.5	1350824.4	430977.3	428404.3	427117.8	385949.8	1350824.4	400.50	107208.3
2026-07-01 12:40:00	1294944.2	1230196.9	1359691.4	433806.3	431216.4	429921.5	388483.2	1359691.4	400.50	107912.0
2026-07-01 12:45:00	1304582.9	1239353.8	1369812.1	437035.3	434426.1	433121.5	391374.9	1369812.1	400.50	108715.2
2026-07-01 12:50:00	1293431.7	1228760.1	1358103.3	433299.6	430712.8	429419.3	388029.5	1358103.3	400.50	107786.0
2026-07-01 12:55:00	1304712.2	1239476.6	1369947.8	437078.6	434469.2	433164.5	391413.7	1369947.8	400.50	108726.0
2026-07-01 13:00:00	1302708.2	1237572.8	1367843.6	436407.2	433801.8	432499.1	390812.5	1367843.6	400.50	108559.0
2026-07-01 13:05:00	1301568.1	1236489.7	1366646.5	436025.3	433422.2	432120.6	390470.4	1366646.5	400.50	108464.0
2026-07-01 13:10:00	1303651.7	1238469.1	1368834.2	436723.3	434116.0	432812.4	391095.5	1368834.2	400.50	108637.6
2026-07-01 13:15:00	1306764.4	1241426.2	1372102.6	437766.1	435152.6	433845.8	392029.3	1372102.6	400.50	108897.0
2026-07-01 13:20:00	1296248.7	1231436.3	1361061.1	434243.3	431650.8	430354.6	388874.6	1361061.1	400.50	108020.7
2026-07-01 13:25:00	1313731.5	1248044.9	1379418.1	440100.1	437472.6	436158.9	394119.5	1379418.1	400.50	109477.6
2026-07-01 13:30:00	1300166.7	1235158.4	1365175.1	435555.9	432955.5	431655.4	390050.0	1365175.1	400.50	108347.2
2026-07-01 13:35:00	1313692.8	1248008.2	1379377.4	440087.1	437459.7	436146.0	394107.8	1379377.4	400.50	109474.4
2026-07-01 13:40:00	1300774.2	1235735.5	1365812.9	435759.3	433157.8	431857.0	390232.3	1365812.9	400.50	108397.8
2026-07-01 13:45:00	1317091.0	1251236.5	1382945.6	441225.5	438591.3	437274.2	395127.3	1382945.6	400.50	109757.6
2026-07-01 13:50:00	1306259.6	1240946.6	1371572.6	437597.0	434984.4	433678.2	391877.9	1371572.6	400.50	108855.0
2026-07-01 13:55:00	1310879.0	1245335.0	1376422.9	439144.5	436522.7	435211.8	393263.7	1376422.9	400.50	109239.9
2026-07-01 14:00:00	1307499.8	1242124.8	1372874.8	438012.4	435397.4	434089.9	392249.9	1372874.8	400.50	108958.3
2026-07-01 14:05:00	1303024.9	1237873.6	1368176.1	436513.3	433907.3	432604.3	390907.5	1368176.1	400.50	108585.4
2026-07-01 14:10:00	1309853.0	1244360.4	1375345.7	438800.8	436181.1	434871.2	392955.9	1375345.7	400.50	109154.4
2026-07-01 14:15:00	1317101.9	1251246.8	1382957.0	441229.1	438594.9	437277.8	395130.6	1382957.0	400.50	109758.5
2026-07-01 14:20:00	1313310.1	1247644.6	1378975.6	439958.9	437332.3	436018.9	393993.0	1378975.6	400.50	109442.5
2026-07-01 14:25:00	1315162.3	1249404.1	1380920.4	440579.4	437949.0	436633.9	394548.7	1380920.4	400.50	109596.9
2026-07-01 14:30:00	1305456.8	1240183.9	1370729.6	437328.0	434717.1	433411.7	391637.0	1370729.6	400.50	108788.1
2026-07-01 14:35:00	1308481.7	1243057.7	1373905.8	438341.4	435724.4	434415.9	392544.5	1373905.8	400.50	109040.1
2026-07-01 14:40:00	1305953.4	1240655.8	1371251.1	437494.4	434882.5	433576.5	391786.0	1371251.1	400.50	108829.5
2026-07-01 14:45:00	1307248.1	1241885.7	1372610.5	437928.1	435313.6	434006.4	392174.4	1372610.5	400.50	108937.3
2026-07-01 14:50:00	1311335.9	1245769.1	1376902.7	439297.5	436674.9	435363.5	393400.8	1376902.7	400.50	109278.0
2026-07-01 14:55:00	1306459.6	1241136.7	1371782.6	437664.0	435051.1	433744.6	391937.9	1371782.6	400.50	108871.6
2026-07-01 15:00:00	1315888.8	1250094.4	1381683.3	440822.8	438191.0	436875.1	394766.6	1381683.3	400.50	109657.4
2026-07-01 15:05:00	1297898.8	1233003.9	1362793.8	434796.1	432200.3	430902.4	389369.6	1362793.8	400.50	108158.2
2026-07-01 15:10:00	1303844.0	1238651.8	1369036.3	436787.8	434180.1	432876.2	391153.2	1369036.3	400.50	108653.7
2026-07-01 15:15:00	1311742.2	1246155.1	1377329.3	439433.6	436810.1	435498.4	393522.6	1377329.3	400.50	109311.8
2026-07-01 15:20:00	1295058.1	1230305.2	1359811.0	433844.5	431254.3	429959.3	388517.4	1359811.0	400.50	107921.5
2026-07-01 15:25:00	1296665.2	1231832.0	1361498.5	434382.9	431789.5	430492.9	388999.6	1361498.5	400.50	108055.4
2026-07-01 15:30:00	1299115.4	1234159.6	1364071.2	435203.7	432605.4	431306.3	389734.6	1364071.2	400.50	108259.6
2026-07-01 15:35:00	1293074.3	1228420.6	1357728.0	433179.9	430593.8	429300.7	387922.3	1357728.0	400.50	107756.2
2026-07-01 15:40:00	1302792.2	1237652.5	1367931.8	436435.4	433829.8	432527.0	390837.6	1367931.8	400.50	108566.0
2026-07-01 15:45:00	1303118.3	1237962.4	1368274.3	436544.6	433938.4	432635.3	390935.5	1368274.3	400.50	108593.2
2026-07-01 15:50:00	1298818.6	1233877.7	1363759.6	435104.2	432506.6	431207.8	389645.6	1363759.6	400.50	108234.9
2026-07-01 15:55:00	1298998.5	1234048.6	1363948.5	435164.5	432566.5	431267.5	389699.6	1363948.5	400.50	108249.9
2026-07-01 16:00:00	1289827.6	1225336.2	1354319.0	432092.3	429512.6	428222.8	386948.3	1354319.0	400.50	107485.6
2026-07-01 16:05:00	1282411.7	1218291.1	1346532.3	429607.9	427043.1	425760.7	384723.5	1346532.3	400.50	106867.6
2026-07-01 16:10:00	1294231.3	1229519.7	1358942.9	433567.5	430979.0	429684.8	388269.4	1358942.9	400.50	107852.6
2026-07-01 16:15:00	1290291.1	1225776.5	1354805.6	432247.5	429666.9	428376.6	387087.3	1354805.6	400.50	107524.3
2026-07-01 16:20:00	1283381.4	1219212.3	1347550.5	429932.8	427366.0	426082.6	385014.4	1347550.5	400.50	106948.5
2026-07-01 16:25:00	1282544.9	1218417.6	1346672.1	429652.5	427087.4	425804.9	384763.5	1346672.1	400.50	106878.7
2026-07-01 16:30:00	1273436.3	1209764.5	1337108.1	426601.2	424054.3	422780.8	382030.9	1337108.1	400.50	106119.7
2026-07-01 16:35:00	1275046.9	1211294.6	1338799.2	427140.7	424590.6	423315.6	382514.1	1338799.2	400.50	106253.9
2026-07-01 16:40:00	1281881.6	1217787.5	1345975.7	429430.3	426866.6	425584.7	384564.5	1345975.7	400.50	106823.5
2026-07-01 16:45:00	1283574.4	1219395.7	1347753.1	429997.4	427430.3	426146.7	385072.3	1347753.1	400.50	106964.5
2026-07-01 16:50:00	1269467.2	1205993.8	1332940.6	425271.5	422732.6	421463.1	380840.2	1332940.6	400.50	105788.9
2026-07-01 16:55:00	1279278.4	1215314.5	1343242.3	428558.3	425999.7	424720.4	383783.5	1343242.3	400.50	106606.5
2026-07-01 17:00:00	1269734.5	1206247.8	1333221.2	425361.0	422821.6	421551.8	380920.3	1333221.2	400.50	105811.2
2026-07-01 17:05:00	1258904.3	1195959.1	1321849.6	421733.0	419215.1	417956.2	377671.3	1321849.6	400.50	104908.7
2026-07-01 17:10:00	1258618.5	1195687.6	1321549.5	421637.2	419120.0	417861.4	377585.6	1321549.5	400.50	104884.9
2026-07-01 17:15:00	1266139.7	1202832.7	1329446.7	424156.8	421624.5	420358.4	379841.9	1329446.7	400.50	105511.6
2026-07-01 17:20:00	1264569.3	1201340.9	1327797.8	423630.7	421101.6	419837.0	379370.8	1327797.8	400.50	105380.8
2026-07-01 17:25:00	1262659.1	1199526.2	1325792.1	422990.8	420465.5	419202.8	378797.7	1325792.1	400.50	105221.6
2026-07-01 17:30:00	1261716.8	1198631.0	1324802.6	422675.1	420151.7	418890.0	378515.0	1324802.6	400.50	105143.1
2026-07-01 17:35:00	1252936.6	1190289.7	1315583.4	419733.7	417227.9	415974.9	375881.0	1315583.4	400.50	104411.4
2026-07-01 17:40:00	1255145.0	1192387.8	1317902.3	420473.6	417963.3	416708.1	376543.5	1317902.3	400.50	104595.4
2026-07-01 17:45:00	1233869.8	1172176.3	1295563.3	413346.4	410878.6	409644.8	370160.9	1295563.3	400.50	102822.5
2026-07-01 17:50:00	1237742.2	1175855.1	1299629.3	414643.6	412168.2	410930.4	371322.7	1299629.3	400.50	103145.2
2026-07-01 17:55:00	1236572.1	1174743.5	1298400.7	414251.7	411778.5	410541.9	370971.6	1298400.7	400.50	103047.7
2026-07-01 18:00:00	1227402.6	1166032.5	1288772.7	411179.9	408725.1	407497.7	368220.8	1288772.7	400.50	102283.5
2026-07-01 18:05:00	1236246.5	1174434.2	1298058.8	414142.6	411670.1	410433.8	370874.0	1298058.8	400.50	103020.5
2026-07-01 18:10:00	1225419.7	1164148.7	1286690.7	410515.6	408064.8	406839.3	367625.9	1286690.7	400.50	102118.3
2026-07-01 18:15:00	1229181.9	1167722.8	1290640.9	411775.9	409317.6	408088.4	368754.6	1290640.9	400.50	102431.8
2026-07-01 18:20:00	1223669.5	1162486.1	1284853.0	409929.3	407482.0	406258.3	367100.9	1284853.0	400.50	101972.5
2026-07-01 18:25:00	1214843.4	1154101.2	1275585.5	406972.5	404542.8	403328.0	364453.0	1275585.5	400.50	101236.9
2026-07-01 18:30:00	1218875.8	1157932.0	1279819.5	408323.4	405885.6	404666.8	365662.7	1279819.5	400.50	101573.0
2026-07-01 18:35:00	1207341.0	1146973.9	1267708.0	404459.2	402044.5	400837.2	362202.3	1267708.0	400.50	100611.7
2026-07-01 18:40:00	1209412.8	1148942.1	1269883.4	405153.3	402734.4	401525.0	362823.8	1269883.4	400.50	100784.4
2026-07-01 18:45:00	1208554.8	1148127.0	1268982.5	404865.8	402448.7	401240.2	362566.4	1268982.5	400.50	100712.9
2026-07-01 18:50:00	1196564.9	1136736.7	1256393.2	400849.2	398456.1	397259.5	358969.5	1256393.2	400.50	99713.7
2026-07-01 18:55:00	1193124.7	1133468.5	1252781.0	399696.8	397310.5	396117.4	357937.4	1252781.0	400.50	99427.1
2026-07-01 19:00:00	1198544.7	1138617.4	1258471.9	401512.5	399115.4	397916.8	359563.4	1258471.9	400.50	99878.7
2026-07-01 19:05:00	1177433.1	1118561.5	1236304.8	394440.1	392085.2	390907.8	353229.9	1236304.8	400.50	98119.4
2026-07-01 19:10:00	1185035.9	1125784.1	1244287.7	396987.0	394617.0	393431.9	355510.8	1244287.7	400.50	98753.0
2026-07-01 19:15:00	1172078.0	1113474.1	1230681.9	392646.1	390302.0	389129.9	351623.4	1230681.9	400.50	97673.2
2026-07-01 19:20:00	1175174.9	1116416.1	1233933.6	393683.6	391333.2	390158.1	352552.5	1233933.6	400.50	97931.2
2026-07-01 19:25:00	1168929.1	1110482.7	1227375.6	391591.3	389253.4	388084.5	350678.7	1227375.6	400.50	97410.8
2026-07-01 19:30:00	1162554.0	1104426.3	1220681.7	389455.6	387130.5	385967.9	348766.2	1220681.7	400.50	96879.5
2026-07-01 19:35:00	1162763.0	1104624.9	1220901.2	389525.6	387200.1	386037.3	348828.9	1220901.2	400.50	96896.9
2026-07-01 19:40:00	1154799.0	1097059.1	1212539.0	386857.7	384548.1	383393.3	346439.7	1212539.0	400.50	96233.3
2026-07-01 19:45:00	1159956.6	1101958.8	1217954.5	388585.5	386265.6	385105.6	347987.0	1217954.5	400.50	96663.1
2026-07-01 19:50:00	1141708.6	1084623.2	1198794.1	382472.4	380189.0	379047.3	342512.6	1198794.1	400.50	95142.4
2026-07-01 19:55:00	1136838.1	1079996.2	1193680.0	380840.7	378567.1	377430.2	341051.4	1193680.0	400.50	94736.5
2026-07-01 20:00:00	1134781.9	1078042.8	1191521.0	380151.9	377882.4	376747.6	340434.6	1191521.0	400.50	94565.2
2026-07-01 20:05:00	1128668.4	1072235.0	1185101.8	378103.9	375846.6	374717.9	338600.5	1185101.8	400.50	94055.7
2026-07-01 20:10:00	1138702.1	1081767.0	1195637.2	381465.2	379187.8	378049.1	341610.6	1195637.2	400.50	94891.8
2026-07-01 20:15:00	1130261.9	1073748.8	1186775.0	378637.7	376377.2	375247.0	339078.6	1186775.0	400.50	94188.5
2026-07-01 20:20:00	1123663.3	1067480.1	1179846.5	376427.2	374179.9	373056.2	337099.0	1179846.5	400.50	93638.6
2026-07-01 20:25:00	1118593.5	1062663.9	1174523.2	374728.8	372491.6	371373.1	335578.1	1174523.2	400.50	93216.1
2026-07-01 20:30:00	1118469.1	1062545.6	1174392.5	374687.1	372450.2	371331.7	335540.7	1174392.5	400.50	93205.8
2026-07-01 20:35:00	1109854.3	1054361.6	1165347.0	371801.2	369581.5	368471.6	332956.3	1165347.0	400.50	92487.9
2026-07-01 20:40:00	1093639.1	1038957.2	1148321.1	366369.1	364181.8	363088.2	328091.7	1148321.1	400.50	91136.6
2026-07-01 20:45:00	1103999.3	1048799.3	1159199.3	369839.8	367631.8	366527.8	331199.8	1159199.3	400.50	91999.9
2026-07-01 20:50:00	1090978.3	1036429.3	1145527.2	365477.7	363295.8	362204.8	327293.5	1145527.2	400.50	90914.9
2026-07-01 20:55:00	1090318.9	1035803.0	1144834.9	365256.8	363076.2	361985.9	327095.7	1144834.9	400.50	90859.9
2026-07-01 21:00:00	1079311.7	1025346.1	1133277.3	361569.4	359410.8	358331.5	323793.5	1133277.3	400.50	89942.6
2026-07-01 21:05:00	1081881.9	1027787.8	1135976.0	362430.4	360266.7	359184.8	324564.6	1135976.0	400.50	90156.8
2026-07-01 21:10:00	1064731.5	1011494.9	1117968.1	356685.0	354555.6	353490.9	319419.4	1117968.1	400.50	88727.6
2026-07-01 21:15:00	1059781.2	1006792.1	1112770.2	355026.7	352907.1	351847.3	317934.3	1112770.2	400.50	88315.1
2026-07-01 21:20:00	1066537.4	1013210.5	1119864.3	357290.0	355157.0	354090.4	319961.2	1119864.3	400.50	88878.1
2026-07-01 21:25:00	1049865.9	997372.6	1102359.2	351705.1	349605.3	348555.5	314959.8	1102359.2	400.50	87488.8
2026-07-01 21:30:00	1046859.3	994516.3	1099202.2	350697.9	348604.1	347557.3	314057.8	1099202.2	400.50	87238.3
2026-07-01 21:35:00	1044397.2	992177.4	1096617.1	349873.1	347784.3	346739.9	313319.2	1096617.1	400.50	87033.1
2026-07-01 21:40:00	1041502.3	989427.2	1093577.4	348903.3	346820.3	345778.8	312450.7	1093577.4	400.50	86791.9
2026-07-01 21:45:00	1035901.6	984106.5	1087696.7	347027.0	344955.2	343919.3	310770.5	1087696.7	400.50	86325.1
2026-07-01 21:50:00	1034943.9	983196.7	1086691.1	346706.2	344636.3	343601.4	310483.2	1086691.1	400.50	86245.3
2026-07-01 21:55:00	1029182.0	977722.9	1080641.1	344776.0	342717.6	341688.4	308754.6	1080641.1	400.50	85765.2
2026-07-01 22:00:00	1022789.3	971649.8	1073928.8	342634.4	340588.8	339566.0	306836.8	1073928.8	400.50	85232.4
2026-07-01 22:05:00	1016015.2	965214.4	1066815.9	340365.1	338333.1	337317.0	304804.6	1066815.9	400.50	84667.9
2026-07-01 22:10:00	1022032.5	970930.9	1073134.1	342380.9	340336.8	339314.8	306609.8	1073134.1	400.50	85169.4
2026-07-01 22:15:00	1016120.0	965314.0	1066926.0	340400.2	338368.0	337351.8	304836.0	1066926.0	400.50	84676.7
2026-07-01 22:20:00	1001464.8	951391.5	1051538.0	335490.7	333487.8	332486.3	300439.4	1051538.0	400.50	83455.4
2026-07-01 22:25:00	1001194.5	951134.8	1051254.2	335400.2	333397.8	332396.6	300358.4	1051254.2	400.50	83432.9
2026-07-01 22:30:00	995078.3	945324.4	1044832.2	333351.2	331361.1	330366.0	298523.5	1044832.2	400.50	82923.2
2026-07-01 22:35:00	977726.6	928840.2	1026612.9	327538.4	325582.9	324605.2	293318.0	1026612.9	400.50	81477.2
2026-07-01 22:40:00	975925.9	927129.6	1024722.2	326935.2	324983.3	324007.4	292777.8	1024722.2	400.50	81327.2
2026-07-01 22:45:00	980809.7	931769.2	1029850.2	328571.2	326609.6	325628.8	294242.9	1029850.2	400.50	81734.1
2026-07-01 22:50:00	977069.4	928215.9	1025922.9	327318.2	325364.1	324387.0	293120.8	1025922.9	400.50	81422.4
2026-07-01 22:55:00	964149.4	915942.0	1012356.9	322990.1	321061.8	320097.6	289244.8	1012356.9	400.50	80345.8
2026-07-01 23:00:00	965084.7	916830.4	1013338.9	323303.4	321373.2	320408.1	289525.4	1013338.9	400.50	80423.7
2026-07-01 23:05:00	956718.4	908882.4	1004554.3	320500.7	318587.2	317630.5	287015.5	1004554.3	400.50	79726.5
2026-07-01 23:10:00	953109.4	905453.9	1000764.8	319291.6	317385.4	316432.3	285932.8	1000764.8	400.50	79425.8
2026-07-01 23:15:00	945035.6	897783.8	992287.4	316586.9	314696.9	313751.8	283510.7	992287.4	400.50	78753.0
2026-07-01 23:20:00	942445.4	895323.1	989567.7	315719.2	313834.3	312891.9	282733.6	989567.7	400.50	78537.1
2026-07-01 23:25:00	935916.7	889120.8	982712.5	313532.1	311660.3	310724.3	280775.0	982712.5	400.50	77993.1
2026-07-01 23:30:00	937528.4	890651.9	984404.8	314072.0	312196.9	311259.4	281258.5	984404.8	400.50	78127.4
2026-07-01 23:35:00	923163.1	877004.9	969321.3	309259.6	307413.3	306490.1	276948.9	969321.3	400.50	76930.3
2026-07-01 23:40:00	914934.6	869187.8	960681.3	306503.1	304673.2	303758.3	274480.4	960681.3	400.50	76244.5
2026-07-01 23:45:00	926788.2	880448.8	973127.6	310474.0	308620.5	307693.7	278036.5	973127.6	400.50	77232.3
2026-07-01 23:50:00	909976.1	864477.3	955474.9	304842.0	303022.0	302112.1	272992.8	955474.9	400.50	75831.3
2026-07-01 23:55:00	901392.8	856323.2	946462.5	301966.6	300163.8	299262.4	270417.8	946462.5	400.50	75116.1
2026-07-02 00:00:00	901303.2	856238.0	946368.4	301936.6	300134.0	299232.7	270391.0	946368.4	400.50	75108.6
2026-07-02 00:05:00	907799.9	862409.9	953189.9	304113.0	302297.4	301389.6	272340.0	953189.9	400.50	75650.0
2026-07-02 00:10:00	904274.9	859061.2	949488.6	302932.1	301123.5	300219.3	271282.5	949488.6	400.50	75356.2
2026-07-02 00:15:00	882948.0	838800.6	927095.4	295787.6	294021.7	293138.7	264884.4	927095.4	400.50	73579.0
2026-07-02 00:20:00	889083.1	844629.0	933537.3	297842.8	296064.7	295175.6	266724.9	933537.3	400.50	74090.3
2026-07-02 00:25:00	872650.6	829018.1	916283.2	292338.0	290592.7	289720.0	261795.2	916283.2	400.50	72720.9
2026-07-02 00:30:00	884131.4	839924.8	928337.9	296184.0	294415.7	293531.6	265239.4	928337.9	400.50	73677.6
2026-07-02 00:35:00	877453.9	833581.2	921326.6	293947.1	292192.2	291314.7	263236.2	921326.6	400.50	73121.2
2026-07-02 00:40:00	870698.8	827163.9	914233.8	291684.1	289942.7	289072.0	261209.7	914233.8	400.50	72558.2
2026-07-02 00:45:00	861396.4	818326.6	904466.2	288567.8	286845.0	285983.6	258418.9	904466.2	400.50	71783.0
2026-07-02 00:50:00	865420.0	822149.0	908691.0	289915.7	288184.9	287319.5	259626.0	908691.0	400.50	72118.3
2026-07-02 00:55:00	848405.9	805985.6	890826.2	284216.0	282519.2	281670.8	254521.8	890826.2	400.50	70700.5
2026-07-02 01:00:00	841506.4	799431.1	883581.7	281904.7	280221.6	279380.1	252451.9	883581.7	400.50	70125.5
2026-07-02 01:05:00	853216.0	810555.2	895876.8	285827.3	284120.9	283267.7	255964.8	895876.8	400.50	71101.3
2026-07-02 01:10:00	836034.2	794232.5	877835.9	280071.5	278399.4	277563.3	250810.3	877835.9	400.50	69669.5
2026-07-02 01:15:00	837959.7	796061.7	879857.7	280716.5	279040.6	278202.6	251387.9	879857.7	400.50	69830.0
2026-07-02 01:20:00	832480.6	790856.5	874104.6	278881.0	277216.0	276383.5	249744.2	874104.6	400.50	69373.4
2026-07-02 01:25:00	826515.6	785189.8	867841.4	276882.7	275229.7	274403.2	247954.7	867841.4	400.50	68876.3
2026-07-02 01:30:00	824656.3	783423.5	865889.1	276259.9	274610.5	273785.9	247396.9	865889.1	400.50	68721.4
2026-07-02 01:35:00	814737.5	774000.6	855474.4	272937.1	271307.6	270492.9	244421.3	855474.4	400.50	67894.8
2026-07-02 01:40:00	819923.2	778927.1	860919.4	274674.3	273034.4	272214.5	245977.0	860919.4	400.50	68326.9
2026-07-02 01:45:00	820697.2	779662.4	861732.1	274933.6	273292.2	272471.5	246209.2	861732.1	400.50	68391.4
2026-07-02 01:50:00	805631.8	765350.3	845913.4	269886.7	268275.4	267469.8	241689.6	845913.4	400.50	67136.0
2026-07-02 01:55:00	805374.3	765105.6	845643.0	269800.4	268189.6	267384.3	241612.3	845643.0	400.50	67114.5
2026-07-02 02:00:00	802774.2	762635.5	842912.9	268929.4	267323.8	266521.0	240832.3	842912.9	400.50	66897.8
2026-07-02 02:05:00	798796.0	758856.2	838735.8	267596.6	265999.1	265200.3	239638.8	838735.8	400.50	66566.3
2026-07-02 02:10:00	801923.0	761826.9	842019.2	268644.2	267040.4	266238.4	240576.9	842019.2	400.50	66826.9
2026-07-02 02:15:00	784480.0	745256.0	823704.0	262800.8	261231.8	260447.3	235344.0	823704.0	400.50	65373.3
2026-07-02 02:20:00	782253.1	743140.5	821365.8	262054.8	260490.3	259708.0	234675.9	821365.8	400.50	65187.8
2026-07-02 02:25:00	777011.6	738161.0	815862.2	260298.9	258744.9	257967.8	233103.5	815862.2	400.50	64751.0
2026-07-02 02:30:00	777354.1	738486.4	816221.8	260413.6	258858.9	258081.6	233206.2	816221.8	400.50	64779.5
2026-07-02 02:35:00	780343.8	741326.6	819361.0	261415.2	259854.5	259074.1	234103.1	819361.0	400.50	65028.6
2026-07-02 02:40:00	781015.5	741964.8	820066.3	261640.2	260078.2	259297.2	234304.7	820066.3	400.50	65084.6
2026-07-02 02:45:00	782293.5	743178.9	821408.2	262068.3	260503.7	259721.5	234688.1	821408.2	400.50	65191.1
2026-07-02 02:50:00	780143.1	741135.9	819150.3	261347.9	259787.7	259007.5	234042.9	819150.3	400.50	65011.9
2026-07-02 02:55:00	772237.1	733625.2	810848.9	258699.4	257154.9	256382.7	231671.1	810848.9	400.50	64353.1
2026-07-02 03:00:00	772019.5	733418.6	810620.5	258626.5	257082.5	256310.5	231605.9	810620.5	400.50	64335.0
2026-07-02 03:05:00	759047.6	721095.2	797000.0	254281.0	252762.9	252003.8	227714.3	797000.0	400.50	63254.0
2026-07-02 03:10:00	768304.7	729889.5	806720.0	257382.1	255845.5	255077.2	230491.4	806720.0	400.50	64025.4
2026-07-02 03:15:00	762547.8	724420.4	800675.2	255453.5	253928.4	253165.9	228764.3	800675.2	400.50	63545.7
2026-07-02 03:20:00	762706.0	724570.7	800841.3	255506.5	253981.1	253218.4	228811.8	800841.3	400.50	63558.8
2026-07-02 03:25:00	759699.1	721714.1	797684.1	254499.2	252979.8	252220.1	227909.7	797684.1	400.50	63308.3
2026-07-02 03:30:00	740950.5	703902.9	777998.0	248218.4	246736.5	245995.5	222285.1	777998.0	400.50	61745.9
2026-07-02 03:35:00	742267.0	705153.6	779380.3	248659.4	247174.9	246432.6	222680.1	779380.3	400.50	61855.6
2026-07-02 03:40:00	752635.2	715003.4	790267.0	252132.8	250627.5	249874.9	225790.6	790267.0	400.50	62719.6
2026-07-02 03:45:00	743339.4	706172.4	780506.3	249018.7	247532.0	246788.7	223001.8	780506.3	400.50	61944.9
2026-07-02 03:50:00	733883.4	697189.3	770577.6	245851.0	244383.2	243649.3	220165.0	770577.6	400.50	61157.0
2026-07-02 03:55:00	732916.9	696271.1	769562.8	245527.2	244061.3	243328.4	219875.1	769562.8	400.50	61076.4
2026-07-02 04:00:00	733074.3	696420.6	769728.0	245579.9	244113.7	243380.7	219922.3	769728.0	400.50	61089.5
2026-07-02 04:05:00	735085.2	698331.0	771839.5	246253.6	244783.4	244048.3	220525.6	771839.5	400.50	61257.1
2026-07-02 04:10:00	725415.3	689144.6	761686.1	243014.1	241563.3	240837.9	217624.6	761686.1	400.50	60451.3
2026-07-02 04:15:00	726563.0	690234.9	762891.2	243398.6	241945.5	241218.9	217968.9	762891.2	400.50	60546.9
2026-07-02 04:20:00	723687.0	687502.6	759871.3	242435.1	240987.8	240264.1	217106.1	759871.3	400.50	60307.2
2026-07-02 04:25:00	735466.3	698692.9	772239.6	246381.2	244910.3	244174.8	220639.9	772239.6	400.50	61288.9
2026-07-02 04:30:00	732421.3	695800.2	769042.3	245361.1	243896.3	243163.9	219726.4	769042.3	400.50	61035.1
2026-07-02 04:35:00	731297.3	694732.4	767862.1	244984.6	243522.0	242790.7	219389.2	767862.1	400.50	60941.4
2026-07-02 04:40:00	725606.8	689326.5	761887.1	243078.3	241627.1	240901.5	217682.0	761887.1	400.50	60467.2
2026-07-02 04:45:00	723510.2	687334.7	759685.7	242375.9	240928.9	240205.4	217053.1	759685.7	400.50	60292.5
2026-07-02 04:50:00	713107.9	677452.5	748763.3	238891.1	237464.9	236751.8	213932.4	748763.3	400.50	59425.7
2026-07-02 04:55:00	725411.8	689141.2	761682.4	243012.9	241562.1	240836.7	217623.5	761682.4	400.50	60451.0
2026-07-02 05:00:00	719097.3	683142.5	755052.2	240897.6	239459.4	238740.3	215729.2	755052.2	400.50	59924.8
2026-07-02 05:05:00	710276.9	674763.0	745790.7	237942.8	236522.2	235811.9	213083.1	745790.7	400.50	59189.7
2026-07-02 05:10:00	707526.1	672149.8	742902.4	237021.3	235606.2	234898.7	212257.8	742902.4	400.50	58960.5
2026-07-02 05:15:00	710487.3	674962.9	746011.6	238013.2	236592.3	235881.8	213146.2	746011.6	400.50	59207.3
2026-07-02 05:20:00	709407.1	673936.7	744877.4	237651.4	236232.5	235523.1	212822.1	744877.4	400.50	59117.3
2026-07-02 05:25:00	712173.9	676565.2	747782.6	238578.3	237153.9	236441.7	213652.2	747782.6	400.50	59347.8
2026-07-02 05:30:00	718430.7	682509.1	754352.2	240674.3	239237.4	238519.0	215529.2	754352.2	400.50	59869.2
2026-07-02 05:35:00	705587.8	670308.4	740867.2	236371.9	234960.7	234255.1	211676.3	740867.2	400.50	58799.0
2026-07-02 05:40:00	720472.2	684448.5	756495.8	241358.2	239917.2	239196.8	216141.6	756495.8	400.50	60039.3
2026-07-02 05:45:00	709564.9	674086.7	745043.2	237704.2	236285.1	235575.6	212869.5	745043.2	400.50	59130.4
2026-07-02 05:50:00	701047.3	665994.9	736099.7	234850.8	233448.8	232747.7	210314.2	736099.7	400.50	58420.6
2026-07-02 05:55:00	705441.5	670169.5	740713.6	236322.9	234912.0	234206.6	211632.5	740713.6	400.50	58786.8
2026-07-02 06:00:00	719562.3	683584.2	755540.4	241053.4	239614.2	238894.7	215868.7	755540.4	400.50	59963.5
2026-07-02 06:05:00	705146.3	669889.0	740403.6	236224.0	234813.7	234108.6	211543.9	740403.6	400.50	58762.2
2026-07-02 06:10:00	702658.4	667525.5	737791.4	235390.6	233985.3	233282.6	210797.5	737791.4	400.50	58554.9
2026-07-02 06:15:00	710127.3	674620.9	745633.6	237892.6	236472.4	235762.2	213038.2	745633.6	400.50	59177.3
2026-07-02 06:20:00	714285.4	678571.1	749999.7	239285.6	237857.0	237142.7	214285.6	749999.7	400.50	59523.8
2026-07-02 06:25:00	709896.6	674401.7	745391.4	237815.3	236395.6	235685.7	212969.0	745391.4	400.50	59158.0
2026-07-02 06:30:00	718992.0	683042.4	754941.6	240862.3	239424.3	238705.3	215697.6	754941.6	400.50	59916.0
2026-07-02 06:35:00	715256.8	679493.9	751019.6	239611.0	238180.5	237465.2	214577.0	751019.6	400.50	59604.7
2026-07-02 06:40:00	708484.4	673060.2	743908.6	237342.3	235925.3	235216.8	212545.3	743908.6	400.50	59040.4
2026-07-02 06:45:00	720030.5	684029.0	756032.0	241210.2	239770.2	239050.1	216009.1	756032.0	400.50	60002.5
2026-07-02 06:50:00	709581.7	674102.6	745060.8	237709.9	236290.7	235581.1	212874.5	745060.8	400.50	59131.8
2026-07-02 06:55:00	719042.6	683090.4	754994.7	240879.3	239441.2	238722.1	215712.8	754994.7	400.50	59920.2
2026-07-02 07:00:00	705402.1	670132.0	740672.2	236309.7	234898.9	234193.5	211620.6	740672.2	400.50	58783.5
2026-07-02 07:05:00	726176.0	689867.2	762484.8	243269.0	241816.6	241090.4	217852.8	762484.8	400.50	60514.7
2026-07-02 07:10:00	727174.2	690815.5	763532.9	243603.3	242149.0	241421.8	218152.3	763532.9	400.50	60597.8
2026-07-02 07:15:00	720816.1	684775.3	756856.9	241473.4	240031.8	239310.9	216244.8	756856.9	400.50	60068.0
2026-07-02 07:20:00	727247.3	690885.0	763609.7	243627.9	242173.4	241446.1	218174.2	763609.7	400.50	60603.9
2026-07-02 07:25:00	720397.8	684377.9	756417.7	241333.3	239892.5	239172.1	216119.3	756417.7	400.50	60033.2
2026-07-02 07:30:00	718791.9	682852.3	754731.5	240795.3	239357.7	238638.9	215637.6	754731.5	400.50	59899.3
2026-07-02 07:35:00	729830.2	693338.7	766321.7	244493.1	243033.5	242303.6	218949.1	766321.7	400.50	60819.2
2026-07-02 07:40:00	717439.9	681567.9	753311.9	240342.4	238907.5	238190.0	215232.0	753311.9	400.50	59786.7
2026-07-02 07:45:00	719127.3	683170.9	755083.7	240907.6	239469.4	238750.3	215738.2	755083.7	400.50	59927.3
2026-07-02 07:50:00	725854.2	689561.5	762146.9	243161.2	241709.4	240983.6	217756.3	762146.9	400.50	60487.8
2026-07-02 07:55:00	736096.5	699291.7	772901.3	246592.3	245120.1	244384.0	220829.0	772901.3	400.50	61341.4
2026-07-02 08:00:00	733461.4	696788.3	770134.5	245709.6	244242.7	243509.2	220038.4	770134.5	400.50	61121.8
2026-07-02 08:05:00	728931.5	692484.9	765378.1	244192.1	242734.2	242005.3	218679.5	765378.1	400.50	60744.3
2026-07-02 08:10:00	736913.5	700067.9	773759.2	246866.0	245392.2	244655.3	221074.1	773759.2	400.50	61409.5
2026-07-02 08:15:00	734486.6	697762.3	771210.9	246053.0	244584.0	243849.5	220346.0	771210.9	400.50	61207.2
2026-07-02 08:20:00	733797.8	697107.9	770487.6	245822.2	244354.7	243620.9	220139.3	770487.6	400.50	61149.8
2026-07-02 08:25:00	738744.4	701807.2	775681.6	247479.4	246001.9	245263.1	221623.3	775681.6	400.50	61562.0
2026-07-02 08:30:00	742734.3	705597.6	779871.1	248816.0	247330.5	246587.8	222820.3	779871.1	400.50	61894.5
2026-07-02 08:35:00	752386.7	714767.4	790006.1	252049.6	250544.8	249792.4	225716.0	790006.1	400.50	62698.9
2026-07-02 08:40:00	750260.3	712747.3	787773.3	251337.2	249836.7	249086.4	225078.1	787773.3	400.50	62521.7
2026-07-02 08:45:00	748704.0	711268.8	786139.2	250815.8	249318.4	248569.7	224611.2	786139.2	400.50	62392.0
2026-07-02 08:50:00	758722.4	720786.2	796658.5	254172.0	252654.5	251895.8	227616.7	796658.5	400.50	63226.9
2026-07-02 08:55:00	756411.7	718591.1	794232.3	253397.9	251885.1	251128.7	226923.5	794232.3	400.50	63034.3
2026-07-02 09:00:00	765178.5	726919.6	803437.4	256334.8	254804.4	254039.3	229553.6	803437.4	400.50	63764.9
2026-07-02 09:05:00	762600.7	724470.6	800730.7	255471.2	253946.0	253183.4	228780.2	800730.7	400.50	63550.1
2026-07-02 09:10:00	772441.4	733819.4	811063.5	258767.9	257223.0	256450.6	231732.4	811063.5	400.50	64370.1
2026-07-02 09:15:00	769890.3	731395.8	808384.9	257913.3	256373.5	255603.6	230967.1	808384.9	400.50	64157.5
2026-07-02 09:20:00	768262.1	729849.0	806675.2	257367.8	255831.3	255063.0	230478.6	806675.2	400.50	64021.8
2026-07-02 09:25:00	778916.4	739970.6	817862.2	260937.0	259379.2	258600.2	233674.9	817862.2	400.50	64909.7
2026-07-02 09:30:00	782328.2	743211.8	821444.6	262079.9	260515.3	259733.0	234698.5	821444.6	400.50	65194.0
2026-07-02 09:35:00	778108.0	739202.6	817013.5	260666.2	259110.0	258331.9	233432.4	817013.5	400.50	64842.3
2026-07-02 09:40:00	783996.5	744796.6	823196.3	262638.8	261070.8	260286.8	235198.9	823196.3	400.50	65333.0
2026-07-02 09:45:00	779639.1	740657.2	818621.1	261179.1	259619.8	258840.2	233891.7	818621.1	400.50	64969.9
2026-07-02 09:50:00	790762.8	751224.7	830301.0	264905.5	263324.0	262533.3	237228.8	830301.0	400.50	65896.9
2026-07-02 09:55:00	787603.5	748223.3	826983.7	263847.2	262272.0	261484.4	236281.0	826983.7	400.50	65633.6
2026-07-02 10:00:00	798915.8	758970.0	838861.6	267636.8	266039.0	265240.0	239674.7	838861.6	400.50	66576.3
2026-07-02 10:05:00	793004.9	753354.7	832655.2	265656.6	264070.6	263277.6	237901.5	832655.2	400.50	66083.7
2026-07-02 10:10:00	809632.2	769150.5	850113.8	271226.8	269607.5	268797.9	242889.6	850113.8	400.50	67469.3
2026-07-02 10:15:00	816719.0	775883.1	857555.0	273600.9	271967.4	271150.7	245015.7	857555.0	400.50	68059.9
2026-07-02 10:20:00	814970.2	774221.7	855718.7	273015.0	271385.1	270570.1	244491.1	855718.7	400.50	67914.2
2026-07-02 10:25:00	825079.3	783825.4	866333.3	276401.6	274751.4	273926.3	247523.8	866333.3	400.50	68756.6
2026-07-02 10:30:00	819765.4	778777.1	860753.7	274621.4	272981.9	272162.1	245929.6	860753.7	400.50	68313.8
2026-07-02 10:35:00	820159.9	779151.9	861167.9	274753.6	273113.2	272293.1	246048.0	861167.9	400.50	68346.7
2026-07-02 10:40:00	827618.3	786237.4	868999.3	277252.1	275596.9	274769.3	248285.5	868999.3	400.50	68968.2
2026-07-02 10:45:00	835310.2	793544.7	877075.8	279828.9	278158.3	277323.0	250593.1	877075.8	400.50	69609.2
2026-07-02 10:50:00	827264.3	785901.1	868627.5	277133.5	275479.0	274651.8	248179.3	868627.5	400.50	68938.7
2026-07-02 10:55:00	830878.8	789334.8	872422.7	278344.4	276682.6	275851.7	249263.6	872422.7	400.50	69239.9
2026-07-02 11:00:00	838840.9	796898.8	880782.9	281011.7	279334.0	278495.2	251652.3	880782.9	400.50	69903.4
2026-07-02 11:05:00	856381.1	813562.1	899200.2	286887.7	285174.9	284318.5	256914.3	899200.2	400.50	71365.1
2026-07-02 11:10:00	847998.2	805598.3	890398.1	284079.4	282383.4	281535.4	254399.5	890398.1	400.50	70666.5
2026-07-02 11:15:00	863853.0	820660.3	907045.6	289390.7	287663.0	286799.2	259155.9	907045.6	400.50	71987.7
2026-07-02 11:20:00	865143.2	821886.1	908400.4	289823.0	288092.7	287227.5	259543.0	908400.4	400.50	72095.3
2026-07-02 11:25:00	869791.2	826301.6	913280.8	291380.1	289640.5	288770.7	260937.4	913280.8	400.50	72482.6
2026-07-02 11:30:00	874898.5	831153.6	918643.4	293091.0	291341.2	290466.3	262469.5	918643.4	400.50	72908.2
2026-07-02 11:35:00	876670.1	832836.6	920503.6	293684.5	291931.1	291054.5	263001.0	920503.6	400.50	73055.8
2026-07-02 11:40:00	871011.2	827460.7	914561.8	291788.8	290046.7	289175.7	261303.4	914561.8	400.50	72584.3
2026-07-02 11:45:00	888297.0	843882.1	932711.8	297579.5	295802.9	294914.6	266489.1	932711.8	400.50	74024.7
2026-07-02 11:50:00	894505.3	849780.0	939230.5	299659.3	297870.3	296975.8	268351.6	939230.5	400.50	74542.1
2026-07-02 11:55:00	894453.3	849730.6	939176.0	299641.9	297852.9	296958.5	268336.0	939176.0	400.50	74537.8
2026-07-02 12:00:00	891441.6	846869.5	936013.7	298632.9	296850.1	295958.6	267432.5	936013.7	400.50	74286.8
2026-07-02 12:05:00	899975.5	854976.7	944974.2	301491.8	299691.8	298791.8	269992.6	944974.2	400.50	74998.0
2026-07-02 12:10:00	902856.2	857713.4	947999.0	302456.8	300651.1	299748.3	270856.9	947999.0	400.50	75238.0
2026-07-02 12:15:00	917460.5	871587.5	963333.5	307349.3	305514.4	304596.9	275238.2	963333.5	400.50	76455.0
2026-07-02 12:20:00	925209.7	878949.2	971470.2	309945.3	308094.8	307169.6	277562.9	971470.2	400.50	77100.8
2026-07-02 12:25:00	931310.3	884744.8	977875.8	311989.0	310126.3	309195.0	279393.1	977875.8	400.50	77609.2
2026-07-02 12:30:00	933222.7	886561.5	979883.8	312629.6	310763.2	309829.9	279966.8	979883.8	400.50	77768.6
2026-07-02 12:35:00	924946.7	878699.4	971194.0	309857.1	308007.2	307082.3	277484.0	971194.0	400.50	77078.9
2026-07-02 12:40:00	938257.9	891345.0	985170.8	314316.4	312439.9	311501.6	281477.4	985170.8	400.50	78188.2
2026-07-02 12:45:00	944737.1	897500.2	991973.9	316486.9	314597.4	313652.7	283421.1	991973.9	400.50	78728.1
2026-07-02 12:50:00	951045.5	903493.2	998597.7	318600.2	316698.1	315747.1	285313.6	998597.7	400.50	79253.8
2026-07-02 12:55:00	959009.6	911059.1	1006960.1	321268.2	319350.2	318391.2	287702.9	1006960.1	400.50	79917.5
2026-07-02 13:00:00	945695.6	898410.8	992980.4	316808.0	314916.6	313970.9	283708.7	992980.4	400.50	78808.0
2026-07-02 13:05:00	956433.4	908611.7	1004255.1	320405.2	318492.3	317535.9	286930.0	1004255.1	400.50	79702.8
2026-07-02 13:10:00	961652.4	913569.8	1009735.0	322153.6	320230.3	319268.6	288495.7	1009735.0	400.50	80137.7
2026-07-02 13:15:00	968771.1	920332.5	1017209.7	324538.3	322600.8	321632.0	290631.3	1017209.7	400.50	80730.9
2026-07-02 13:20:00	968597.5	920167.6	1017027.4	324480.2	322543.0	321574.4	290579.2	1017027.4	400.50	80716.5
2026-07-02 13:25:00	974907.8	926162.5	1023653.2	326594.1	324644.3	323669.4	292472.4	1023653.2	400.50	81242.3
2026-07-02 13:30:00	992999.6	943349.6	1042649.6	332654.9	330668.9	329675.9	297899.9	1042649.6	400.50	82750.0
2026-07-02 13:35:00	987945.6	938548.3	1037342.9	330961.8	328985.9	327997.9	296383.7	1037342.9	400.50	82328.8
2026-07-02 13:40:00	1003738.5	953551.6	1053925.5	336252.4	334244.9	333241.2	301121.6	1053925.5	400.50	83644.9
2026-07-02 13:45:00	1008790.4	958350.8	1059229.9	337944.8	335927.2	334918.4	302637.1	1059229.9	400.50	84065.9
2026-07-02 13:50:00	998122.7	948216.5	1048028.8	334371.1	332374.8	331376.7	299436.8	1048028.8	400.50	83176.9
2026-07-02 13:55:00	1003375.4	953206.6	1053544.1	336130.7	334124.0	333120.6	301012.6	1053544.1	400.50	83614.6
2026-07-02 14:00:00	1012627.7	961996.4	1063259.1	339230.3	337205.0	336192.4	303788.3	1063259.1	400.50	84385.6
2026-07-02 14:05:00	1022240.5	971128.5	1073352.5	342450.6	340406.1	339383.8	306672.2	1073352.5	400.50	85186.7
2026-07-02 14:10:00	1016436.1	965614.3	1067257.9	340506.1	338473.2	337456.8	304930.8	1067257.9	400.50	84703.0
2026-07-02 14:15:00	1032811.1	981170.5	1084451.6	345991.7	343926.1	342893.3	309843.3	1084451.6	400.50	86067.6
2026-07-02 14:20:00	1031293.3	979728.7	1082858.0	345483.3	343420.7	342389.4	309388.0	1082858.0	400.50	85941.1
2026-07-02 14:25:00	1034198.3	982488.4	1085908.2	346456.4	344388.0	343353.8	310259.5	1085908.2	400.50	86183.2
2026-07-02 14:30:00	1042779.4	990640.5	1094918.4	349331.1	347245.5	346202.8	312833.8	1094918.4	400.50	86898.3
2026-07-02 14:35:00	1045638.5	993356.6	1097920.5	350288.9	348197.6	347152.0	313691.6	1097920.5	400.50	87136.5
2026-07-02 14:40:00	1047682.7	995298.6	1100066.9	350973.7	348878.4	347830.7	314304.8	1100066.9	400.50	87306.9
2026-07-02 14:45:00	1057995.9	1005096.1	1110895.7	354428.6	352312.6	351254.6	317398.8	1110895.7	400.50	88166.3
2026-07-02 14:50:00	1067844.6	1014452.4	1121236.8	357727.9	355592.2	354524.4	320353.4	1121236.8	400.50	88987.0
2026-07-02 14:55:00	1074108.3	1020402.8	1127813.7	359826.3	357678.0	356603.9	322232.5	1127813.7	400.50	89509.0
2026-07-02 15:00:00	1069064.3	1015611.1	1122517.5	358136.5	355998.4	354929.3	320719.3	1122517.5	400.50	89088.7
2026-07-02 15:05:00	1076630.1	1022798.6	1130461.6	360671.1	358517.8	357441.2	322989.0	1130461.6	400.50	89719.2
2026-07-02 15:10:00	1084245.4	1030033.2	1138457.7	363222.2	361053.7	359969.5	325273.6	1138457.7	400.50	90353.8
2026-07-02 15:15:00	1081364.4	1027296.1	1135432.6	362257.1	360094.3	359013.0	324409.3	1135432.6	400.50	90113.7
2026-07-02 15:20:00	1085503.3	1031228.1	1139778.5	363643.6	361472.6	360387.1	325651.0	1139778.5	400.50	90458.6
2026-07-02 15:25:00	1091124.1	1036567.9	1145680.3	365526.6	363344.3	362253.2	327337.2	1145680.3	400.50	90927.0
2026-07-02 15:30:00	1097491.7	1042617.1	1152366.3	367659.7	365464.7	364367.2	329247.5	1152366.3	400.50	91457.6
2026-07-02 15:35:00	1113704.7	1058019.5	1169389.9	373091.1	370863.7	369750.0	334111.4	1169389.9	400.50	92808.7
2026-07-02 15:40:00	1111026.9	1055475.5	1166578.2	372194.0	369971.9	368860.9	333308.1	1166578.2	400.50	92585.6
2026-07-02 15:45:00	1125275.1	1069011.4	1181538.9	376967.2	374716.6	373591.3	337582.5	1181538.9	400.50	93772.9
2026-07-02 15:50:00	1113955.6	1058257.8	1169653.4	373175.1	370947.2	369833.3	334186.7	1169653.4	400.50	92829.6
2026-07-02 15:55:00	1120452.4	1064429.8	1176475.1	375351.6	373110.7	371990.2	336135.7	1176475.1	400.50	93371.0
2026-07-02 16:00:00	1134970.2	1078221.7	1191718.7	380215.0	377945.1	376810.1	340491.1	1191718.7	400.50	94580.8
2026-07-02 16:05:00	1143192.6	1086033.0	1200352.3	382969.5	380683.1	379540.0	342957.8	1200352.3	400.50	95266.1
2026-07-02 16:10:00	1137144.7	1080287.5	1194002.0	380943.5	378669.2	377532.1	341143.4	1194002.0	400.50	94762.1
2026-07-02 16:15:00	1153706.7	1096021.3	1211392.0	386491.7	384184.3	383030.6	346112.0	1211392.0	400.50	96142.2
2026-07-02 16:20:00	1150818.6	1093277.6	1208359.5	385524.2	383222.6	382071.8	345245.6	1208359.5	400.50	95901.5
2026-07-02 16:25:00	1151030.7	1093479.2	1208582.3	385595.3	383293.2	382142.2	345309.2	1208582.3	400.50	95919.2
2026-07-02 16:30:00	1167371.4	1109002.8	1225740.0	391069.4	388734.7	387567.3	350211.4	1225740.0	400.50	97280.9
2026-07-02 16:35:00	1171415.5	1112844.7	1229986.2	392424.2	390081.3	388909.9	351424.6	1229986.2	400.50	97618.0
2026-07-02 16:40:00	1164048.8	1105846.4	1222251.3	389956.4	387628.3	386464.2	349214.6	1222251.3	400.50	97004.1
2026-07-02 16:45:00	1169091.3	1110636.7	1227545.9	391645.6	389307.4	388138.3	350727.4	1227545.9	400.50	97424.3
2026-07-02 16:50:00	1173665.6	1114982.3	1232348.9	393178.0	390830.6	389657.0	352099.7	1232348.9	400.50	97805.5
2026-07-02 16:55:00	1184987.9	1125738.5	1244237.3	396971.0	394601.0	393416.0	355496.4	1244237.3	400.50	98749.0
2026-07-02 17:00:00	1179577.3	1120598.4	1238556.2	395158.4	392799.2	391619.7	353873.2	1238556.2	400.50	98298.1
2026-07-02 17:05:00	1181788.0	1122698.6	1240877.4	395899.0	393535.4	392353.6	354536.4	1240877.4	400.50	98482.3
2026-07-02 17:10:00	1188884.6	1129440.4	1248328.8	398276.3	395898.6	394709.7	356665.4	1248328.8	400.50	99073.7
2026-07-02 17:15:00	1187300.1	1127935.1	1246665.1	397745.5	395370.9	394183.6	356190.0	1246665.1	400.50	98941.7
2026-07-02 17:20:00	1202391.9	1142272.3	1262511.5	402801.3	400396.5	399194.1	360717.6	1262511.5	400.50	100199.3
2026-07-02 17:25:00	1209142.3	1148685.2	1269599.4	405062.7	402644.4	401435.3	362742.7	1269599.4	400.50	100761.9
2026-07-02 17:30:00	1203216.5	1143055.7	1263377.4	403077.5	400671.1	399467.9	360965.0	1263377.4	400.50	100268.0
2026-07-02 17:35:00	1203135.5	1142978.7	1263292.2	403050.4	400644.1	399441.0	360940.6	1263292.2	400.50	100261.3
2026-07-02 17:40:00	1218434.7	1157512.9	1279356.4	408175.6	405738.7	404520.3	365530.4	1279356.4	400.50	101536.2
2026-07-02 17:45:00	1226508.7	1165183.2	1287834.1	410880.4	408427.4	407200.9	367952.6	1287834.1	400.50	102209.1
2026-07-02 17:50:00	1215513.8	1154738.1	1276289.5	407197.1	404766.1	403550.6	364654.1	1276289.5	400.50	101292.8
2026-07-02 17:55:00	1225238.1	1163976.2	1286500.1	410454.8	408004.3	406779.1	367571.4	1286500.1	400.50	102103.2
2026-07-02 18:00:00	1230214.7	1168704.0	1291725.4	412121.9	409661.5	408431.3	369064.4	1291725.4	400.50	102517.9
2026-07-02 18:05:00	1223568.9	1162390.5	1284747.3	409895.6	407448.4	406224.9	367070.7	1284747.3	400.50	101964.1
2026-07-02 18:10:00	1228393.9	1166974.2	1289813.6	411512.0	409055.2	407826.8	368518.2	1289813.6	400.50	102366.2
2026-07-02 18:15:00	1239698.5	1177713.6	1301683.4	415299.0	412819.6	411579.9	371909.5	1301683.4	400.50	103308.2
2026-07-02 18:20:00	1238845.0	1176902.7	1300787.2	415013.1	412535.4	411296.5	371653.5	1300787.2	400.50	103237.1
2026-07-02 18:25:00	1238966.5	1177018.2	1300914.8	415053.8	412575.8	411336.9	371690.0	1300914.8	400.50	103247.2
2026-07-02 18:30:00	1242074.6	1179970.8	1304178.3	416095.0	413610.8	412368.8	372622.4	1304178.3	400.50	103506.2
2026-07-02 18:35:00	1242321.2	1180205.2	1304437.3	416177.6	413693.0	412450.7	372696.4	1304437.3	400.50	103526.8
2026-07-02 18:40:00	1252177.9	1189569.0	1314786.8	419479.6	416975.3	415723.1	375653.4	1314786.8	400.50	104348.2
2026-07-02 18:45:00	1256986.2	1194136.9	1319835.5	421090.4	418576.4	417319.4	377095.9	1319835.5	400.50	104748.8
2026-07-02 18:50:00	1269140.0	1205683.0	1332597.0	425161.9	422623.6	421354.5	380742.0	1332597.0	400.50	105761.7
2026-07-02 18:55:00	1269155.9	1205698.1	1332613.7	425167.2	422628.9	421359.8	380746.8	1332613.7	400.50	105763.0
2026-07-02 19:00:00	1262488.7	1199364.3	1325613.2	422933.7	420408.7	419146.3	378746.6	1325613.2	400.50	105207.4
2026-07-02 19:05:00	1264986.7	1201737.3	1328236.0	423770.5	421240.6	419975.6	379496.0	1328236.0	400.50	105415.6
2026-07-02 19:10:00	1280065.2	1216062.0	1344068.5	428821.9	426261.7	424981.7	384019.6	1344068.5	400.50	106672.1
2026-07-02 19:15:00	1267680.1	1204296.1	1331064.1	424672.8	422137.5	420869.8	380304.0	1331064.1	400.50	105640.0
2026-07-02 19:20:00	1281013.8	1216963.1	1345064.5	429139.6	426577.6	425296.6	384304.1	1345064.5	400.50	106751.1
2026-07-02 19:25:00	1275251.7	1211489.1	1339014.3	427209.3	424658.8	423383.6	382575.5	1339014.3	400.50	106271.0
2026-07-02 19:30:00	1270388.9	1206869.5	1333908.3	425580.3	423039.5	421769.1	381116.7	1333908.3	400.50	105865.7
2026-07-02 19:35:00	1288302.6	1223887.4	1352717.7	431581.4	429004.8	427716.4	386490.8	1352717.7	400.50	107358.5
2026-07-02 19:40:00	1288754.6	1224316.9	1353192.4	431732.8	429155.3	427866.5	386626.4	1353192.4	400.50	107396.2
2026-07-02 19:45:00	1283052.8	1218900.1	1347205.4	429822.7	427256.6	425973.5	384915.8	1347205.4	400.50	106921.1
2026-07-02 19:50:00	1288757.2	1224319.4	1353195.1	431733.7	429156.2	427867.4	386627.2	1353195.1	400.50	107396.4
2026-07-02 19:55:00	1285813.9	1221523.2	1350104.6	430747.6	428176.0	426890.2	385744.2	1350104.6	400.50	107151.2
2026-07-02 20:00:00	1287654.2	1223271.5	1352036.9	431364.1	428788.8	427501.2	386296.3	1352036.9	400.50	107304.5
2026-07-02 20:05:00	1295626.2	1230844.9	1360407.5	434034.8	431443.5	430147.9	388687.9	1360407.5	400.50	107968.8
2026-07-02 20:10:00	1296982.8	1232133.6	1361831.9	434489.2	431895.3	430598.3	389094.8	1361831.9	400.50	108081.9
2026-07-02 20:15:00	1297755.2	1232867.4	1362642.9	434748.0	432152.5	430854.7	389326.6	1362642.9	400.50	108146.3
2026-07-02 20:20:00	1305707.7	1240422.3	1370993.1	437412.1	434800.7	433495.0	391712.3	1370993.1	400.50	108809.0
2026-07-02 20:25:00	1300608.7	1235578.3	1365639.2	435703.9	433102.7	431802.1	390182.6	1365639.2	400.50	108384.1
2026-07-02 20:30:00	1299052.6	1234100.0	1364005.2	435182.6	432584.5	431285.5	389715.8	1364005.2	400.50	108254.4
2026-07-02 20:35:00	1306272.2	1240958.6	1371585.8	437601.2	434988.7	433682.4	391881.7	1371585.8	400.50	108856.0
2026-07-02 20:40:00	1311899.3	1246304.4	1377494.3	439486.3	436862.5	435550.6	393569.8	1377494.3	400.50	109324.9
2026-07-02 20:45:00	1299702.6	1234717.4	1364687.7	435400.4	432801.0	431501.3	389910.8	1364687.7	400.50	108308.5
2026-07-02 20:50:00	1298622.5	1233691.4	1363553.6	435038.5	432441.3	431142.7	389586.8	1363553.6	400.50	108218.5
2026-07-02 20:55:00	1298416.2	1233495.4	1363337.0	434969.4	432372.6	431074.2	389524.8	1363337.0	400.50	108201.3
2026-07-02 21:00:00	1299820.0	1234829.0	1364811.0	435439.7	432840.1	431540.2	389946.0	1364811.0	400.50	108318.3
2026-07-02 21:05:00	1308473.9	1243050.2	1373897.6	438338.7	435721.8	434413.3	392542.2	1373897.6	400.50	109039.5
2026-07-02 21:10:00	1308912.0	1243466.4	1374357.6	438485.5	435867.7	434558.8	392673.6	1374357.6	400.50	109076.0
2026-07-02 21:15:00	1306768.8	1241430.4	1372107.3	437767.6	435154.0	433847.2	392030.6	1372107.3	400.50	108897.4
2026-07-02 21:20:00	1305510.7	1240235.2	1370786.3	437346.1	434735.1	433429.6	391653.2	1370786.3	400.50	108792.6
2026-07-02 21:25:00	1307184.6	1241825.4	1372543.9	437906.8	435292.5	433985.3	392155.4	1372543.9	400.50	108932.1
2026-07-02 21:30:00	1316804.5	1250964.3	1382644.8	441129.5	438495.9	437179.1	395041.4	1382644.8	400.50	109733.7
2026-07-02 21:35:00	1312764.0	1247125.8	1378402.1	439775.9	437150.4	435837.6	393829.2	1378402.1	400.50	109397.0
2026-07-02 21:40:00	1311505.3	1245930.0	1377080.6	439354.3	436731.3	435419.8	393451.6	1377080.6	400.50	109292.1
2026-07-02 21:45:00	1313452.2	1247779.6	1379124.8	440006.5	437379.6	436066.1	394035.7	1379124.8	400.50	109454.3
2026-07-02 21:50:00	1316421.7	1250600.6	1382242.7	441001.3	438368.4	437052.0	394926.5	1382242.7	400.50	109701.8
2026-07-02 21:55:00	1300402.4	1235382.2	1365422.5	435634.8	433034.0	431733.6	390120.7	1365422.5	400.50	108366.9
2026-07-02 22:00:00	1313121.8	1247465.7	1378777.9	439895.8	437269.6	435956.5	393936.6	1378777.9	400.50	109426.8
2026-07-02 22:05:00	1312463.4	1246840.2	1378086.6	439675.2	437050.3	435737.8	393739.0	1378086.6	400.50	109371.9
2026-07-02 22:10:00	1312448.0	1246825.6	1378070.4	439670.1	437045.2	435732.7	393734.4	1378070.4	400.50	109370.7
2026-07-02 22:15:00	1308751.9	1243314.3	1374189.5	438431.9	435814.4	434505.6	392625.6	1374189.5	400.50	109062.7
2026-07-02 22:20:00	1304940.7	1239693.7	1370187.7	437155.1	434545.3	433240.3	391482.2	1370187.7	400.50	108745.1
2026-07-02 22:25:00	1314901.8	1249156.7	1380646.9	440492.1	437862.3	436547.4	394470.5	1380646.9	400.50	109575.1
2026-07-02 22:30:00	1315233.3	1249471.7	1380995.0	440603.2	437972.7	436657.5	394570.0	1380995.0	400.50	109602.8
2026-07-02 22:35:00	1298630.8	1233699.2	1363562.3	435041.3	432444.1	431145.4	389589.2	1363562.3	400.50	108219.2
2026-07-02 22:40:00	1307184.9	1241825.6	1372544.1	437906.9	435292.6	433985.4	392155.5	1372544.1	400.50	108932.1
2026-07-02 22:45:00	1312465.3	1246842.0	1378088.6	439675.9	437050.9	435738.5	393739.6	1378088.6	400.50	109372.1
2026-07-02 22:50:00	1297848.0	1232955.6	1362740.4	434779.1	432183.4	430885.5	389354.4	1362740.4	400.50	108154.0
2026-07-02 22:55:00	1299815.9	1234825.1	1364806.7	435438.3	432838.7	431538.9	389944.8	1364806.7	400.50	108318.0
2026-07-02 23:00:00	1301741.7	1236654.6	1366828.8	436083.5	433480.0	432178.3	390522.5	1366828.8	400.50	108478.5
2026-07-02 23:05:00	1292718.4	1228082.5	1357354.3	433060.7	430475.2	429182.5	387815.5	1357354.3	400.50	107726.5
2026-07-02 23:10:00	1300301.7	1235286.6	1365316.8	435601.1	433000.5	431700.2	390090.5	1365316.8	400.50	108358.5
2026-07-02 23:15:00	1301170.8	1236112.2	1366229.3	435892.2	433289.9	431988.7	390351.2	1366229.3	400.50	108430.9
2026-07-02 23:20:00	1287166.2	1222807.9	1351524.5	431200.7	428626.3	427339.2	386149.9	1351524.5	400.50	107263.8
2026-07-02 23:25:00	1302964.3	1237816.1	1368112.5	436493.0	433887.1	432584.2	390889.3	1368112.5	400.50	108580.4
2026-07-02 23:30:00	1290708.9	1226173.4	1355244.3	432387.5	429806.0	428515.3	387212.7	1355244.3	400.50	107559.1
2026-07-02 23:35:00	1289409.6	1224939.2	1353880.1	431952.2	429373.4	428084.0	386822.9	1353880.1	400.50	107450.8
2026-07-02 23:40:00	1283825.9	1219634.6	1348017.2	430081.7	427514.0	426230.2	385147.8	1348017.2	400.50	106985.5
2026-07-02 23:45:00	1296539.5	1231712.5	1361366.4	434340.7	431747.6	430451.1	388961.8	1361366.4	400.50	108045.0
2026-07-02 23:50:00	1284606.9	1220376.6	1348837.3	430343.3	427774.1	426489.5	385382.1	1348837.3	400.50	107050.6
2026-07-02 23:55:00	1280947.7	1216900.3	1344995.0	429117.5	426555.6	425274.6	384284.3	1344995.0	400.50	106745.6
2026-07-03 00:00:00	1282788.1	1218648.7	1346927.5	429734.0	427168.4	425885.6	384836.4	1346927.5	400.50	106899.0
2026-07-03 00:05:00	1286781.0	1222441.9	1351120.0	431071.6	428498.1	427211.3	386034.3	1351120.0	400.50	107231.7
2026-07-03 00:10:00	1281498.1	1217423.2	1345573.0	429301.9	426738.9	425457.4	384449.4	1345573.0	400.50	106791.5
2026-07-03 00:15:00	1266271.0	1202957.5	1329584.6	424200.8	421668.2	420402.0	379881.3	1329584.6	400.50	105522.6
2026-07-03 00:20:00	1265125.0	1201868.8	1328381.3	423816.9	421286.6	420021.5	379537.5	1328381.3	400.50	105427.1
2026-07-03 00:25:00	1263393.1	1200223.4	1326562.7	423236.7	420709.9	419446.5	379017.9	1326562.7	400.50	105282.8
2026-07-03 00:30:00	1263785.0	1200595.8	1326974.3	423368.0	420840.4	419576.6	379135.5	1326974.3	400.50	105315.4
2026-07-03 00:35:00	1263715.7	1200529.9	1326901.5	423344.8	420817.3	419553.6	379114.7	1326901.5	400.50	105309.6
2026-07-03 00:40:00	1263348.2	1200180.8	1326515.6	423221.6	420694.9	419431.6	379004.5	1326515.6	400.50	105279.0
2026-07-03 00:45:00	1257604.2	1194724.0	1320484.4	421297.4	418782.2	417524.6	377281.3	1320484.4	400.50	104800.3
2026-07-03 00:50:00	1246209.3	1183898.9	1308519.8	417480.1	414987.7	413741.5	373862.8	1308519.8	400.50	103850.8
2026-07-03 00:55:00	1258756.1	1195818.3	1321693.9	421683.3	419165.8	417907.0	377626.8	1321693.9	400.50	104896.3
2026-07-03 01:00:00	1253329.5	1190663.0	1315996.0	419865.4	417358.7	416105.4	375998.9	1315996.0	400.50	104444.1
2026-07-03 01:05:00	1239107.5	1177152.1	1301062.9	415101.0	412622.8	411383.7	371732.3	1301062.9	400.50	103259.0
2026-07-03 01:10:00	1251540.9	1188963.9	1314118.0	419266.2	416763.1	415511.6	375462.3	1314118.0	400.50	104295.1
2026-07-03 01:15:00	1244733.1	1182496.4	1306969.7	416985.6	414496.1	413251.4	373419.9	1306969.7	400.50	103727.8
2026-07-03 01:20:00	1237053.3	1175200.6	1298905.9	414412.8	411938.7	410701.7	371116.0	1298905.9	400.50	103087.8
2026-07-03 01:25:00	1241788.9	1179699.4	1303878.3	415999.3	413515.7	412273.9	372536.7	1303878.3	400.50	103482.4
2026-07-03 01:30:00	1222576.8	1161448.0	1283705.7	409563.2	407118.1	405895.5	366773.0	1283705.7	400.50	101881.4
2026-07-03 01:35:00	1226404.9	1165084.7	1287725.2	410845.7	408392.8	407166.4	367921.5	1287725.2	400.50	102200.4
2026-07-03 01:40:00	1229285.7	1167821.4	1290750.0	411810.7	409352.1	408122.9	368785.7	1290750.0	400.50	102440.5
2026-07-03 01:45:00	1212736.2	1152099.4	1273373.0	406266.6	403841.1	402628.4	363820.9	1273373.0	400.50	101061.3
2026-07-03 01:50:00	1223008.1	1161857.7	1284158.5	409707.7	407261.7	406038.7	366902.4	1284158.5	400.50	101917.3
2026-07-03 01:55:00	1210552.6	1150025.0	1271080.2	405535.1	403114.0	401903.5	363165.8	1271080.2	400.50	100879.4
2026-07-03 02:00:00	1206747.0	1146409.6	1267084.3	404260.2	401846.7	400640.0	362024.1	1267084.3	400.50	100562.2
2026-07-03 02:05:00	1213669.5	1152986.0	1274353.0	406579.3	404152.0	402938.3	364100.9	1274353.0	400.50	101139.1
2026-07-03 02:10:00	1195891.6	1136097.0	1255686.2	400623.7	398231.9	397036.0	358767.5	1255686.2	400.50	99657.6
2026-07-03 02:15:00	1187823.3	1128432.1	1247214.4	397920.8	395545.1	394357.3	356347.0	1247214.4	400.50	98985.3
2026-07-03 02:20:00	1190887.1	1131342.8	1250431.5	398947.2	396565.4	395374.5	357266.1	1250431.5	400.50	99240.6
2026-07-03 02:25:00	1185260.0	1125997.0	1244523.0	397062.1	394691.6	393506.3	355578.0	1244523.0	400.50	98771.7
2026-07-03 02:30:00	1180449.1	1121426.6	1239471.5	395450.4	393089.5	391909.1	354134.7	1239471.5	400.50	98370.8
2026-07-03 02:35:00	1181840.4	1122748.4	1240932.5	395916.5	393552.9	392371.0	354552.1	1240932.5	400.50	98486.7
2026-07-03 02:40:00	1178612.9	1119682.3	1237543.6	394835.3	392478.1	391299.5	353583.9	1237543.6	400.50	98217.7
2026-07-03 02:45:00	1182111.4	1123005.8	1241217.0	396007.3	393643.1	392461.0	354633.4	1241217.0	400.50	98509.3
2026-07-03 02:50:00	1178240.3	1119328.3	1237152.3	394710.5	392354.0	391175.8	353472.1	1237152.3	400.50	98186.7
2026-07-03 02:55:00	1155061.0	1097308.0	1212814.1	386945.4	384635.3	383480.3	346518.3	1212814.1	400.50	96255.1
2026-07-03 03:00:00	1158880.5	1100936.5	1216824.5	388225.0	385907.2	384748.3	347664.1	1216824.5	400.50	96573.4
2026-07-03 03:05:00	1165468.9	1107195.5	1223742.3	390432.1	388101.1	386935.7	349640.7	1223742.3	400.50	97122.4
2026-07-03 03:10:00	1147171.6	1089813.0	1204530.1	384302.5	382008.1	380861.0	344151.5	1204530.1	400.50	95597.6
2026-07-03 03:15:00	1151993.4	1094393.7	1209593.1	385917.8	383613.8	382461.8	345598.0	1209593.1	400.50	95999.4
2026-07-03 03:20:00	1135185.7	1078426.4	1191944.9	380287.2	378016.8	376881.6	340555.7	1191944.9	400.50	94598.8
2026-07-03 03:25:00	1147679.0	1090295.1	1205063.0	384472.5	382177.1	381029.4	344303.7	1205063.0	400.50	95639.9
2026-07-03 03:30:00	1127765.1	1071376.8	1184153.3	377801.3	375545.8	374418.0	338329.5	1184153.3	400.50	93980.4
2026-07-03 03:35:00	1135113.9	1078358.2	1191869.6	380263.2	377992.9	376857.8	340534.2	1191869.6	400.50	94592.8
2026-07-03 03:40:00	1123459.9	1067286.9	1179632.9	376359.1	374112.1	372988.7	337038.0	1179632.9	400.50	93621.7
2026-07-03 03:45:00	1125708.0	1069422.6	1181993.4	377112.2	374860.8	373735.0	337712.4	1181993.4	400.50	93809.0
2026-07-03 03:50:00	1109687.1	1054202.8	1165171.5	371745.2	369525.8	368416.1	332906.1	1165171.5	400.50	92473.9
2026-07-03 03:55:00	1104481.0	1049257.0	1159705.1	370001.1	367792.2	366687.7	331344.3	1159705.1	400.50	92040.1
2026-07-03 04:00:00	1104762.3	1049524.2	1160000.4	370095.4	367885.9	366781.1	331428.7	1160000.4	400.50	92063.5
2026-07-03 04:05:00	1108008.6	1052608.2	1163409.1	371182.9	368966.9	367858.9	332402.6	1163409.1	400.50	92334.1
2026-07-03 04:10:00	1092088.1	1037483.7	1146692.5	365849.5	363665.3	362573.2	327626.4	1146692.5	400.50	91007.3
2026-07-03 04:15:00	1084065.8	1029862.5	1138269.1	363162.0	360993.9	359909.8	325219.7	1138269.1	400.50	90338.8
2026-07-03 04:20:00	1079508.2	1025532.8	1133483.6	361635.3	359476.2	358396.7	323852.5	1133483.6	400.50	89959.0
2026-07-03 04:25:00	1075982.8	1022183.6	1129781.9	360454.2	358302.3	357226.3	322794.8	1129781.9	400.50	89665.2
2026-07-03 04:30:00	1080802.8	1026762.7	1134843.0	362069.0	359907.3	358826.5	324240.9	1134843.0	400.50	90066.9
2026-07-03 04:35:00	1077728.7	1023842.3	1131615.2	361039.1	358883.7	357805.9	323318.6	1131615.2	400.50	89810.7
2026-07-03 04:40:00	1064353.2	1011135.6	1117570.9	356558.3	354429.6	353365.3	319306.0	1117570.9	400.50	88696.1
2026-07-03 04:45:00	1064746.7	1011509.4	1117984.0	356690.1	354560.7	353495.9	319424.0	1117984.0	400.50	88728.9
2026-07-03 04:50:00	1062572.7	1009444.0	1115701.3	355961.8	353836.7	352774.1	318771.8	1115701.3	400.50	88547.7
2026-07-03 04:55:00	1043235.7	991073.9	1095397.5	349484.0	347397.5	346354.2	312970.7	1095397.5	400.50	86936.3
2026-07-03 05:00:00	1037744.9	985857.7	1089632.2	347644.5	345569.1	344531.3	311323.5	1089632.2	400.50	86478.7
2026-07-03 05:05:00	1048399.9	995979.9	1100819.9	351214.0	349117.2	348068.8	314520.0	1100819.9	400.50	87366.7
2026-07-03 05:10:00	1042616.1	990485.2	1094746.9	349276.4	347191.1	346148.5	312784.8	1094746.9	400.50	86884.7
2026-07-03 05:15:00	1026121.1	974815.1	1077427.2	343750.6	341698.3	340672.2	307836.3	1077427.2	400.50	85510.1
2026-07-03 05:20:00	1032786.3	981147.0	1084425.6	345983.4	343917.8	342885.1	309835.9	1084425.6	400.50	86065.5
2026-07-03 05:25:00	1026785.2	975445.9	1078124.4	343973.0	341919.5	340892.7	308035.5	1078124.4	400.50	85565.4
2026-07-03 05:30:00	1026437.4	975115.5	1077759.2	343856.5	341803.6	340777.2	307931.2	1077759.2	400.50	85536.4
2026-07-03 05:35:00	1014872.4	964128.7	1065616.0	339982.2	337952.5	336937.6	304461.7	1065616.0	400.50	84572.7
2026-07-03 05:40:00	1007007.1	956656.8	1057357.5	337347.4	335333.4	334326.4	302102.1	1057357.5	400.50	83917.3
2026-07-03 05:45:00	999098.7	949143.7	1049053.6	334698.1	332699.9	331700.8	299729.6	1049053.6	400.50	83258.2
2026-07-03 05:50:00	1000368.3	950349.9	1050386.7	335123.4	333122.6	332122.3	300110.5	1050386.7	400.50	83364.0
2026-07-03 05:55:00	999684.8	949700.6	1049669.1	334894.4	332895.0	331895.4	299905.4	1049669.1	400.50	83307.1
2026-07-03 06:00:00	993471.8	943798.2	1043145.4	332813.1	330826.1	329832.7	298041.6	1043145.4	400.50	82789.3
2026-07-03 06:05:00	992033.8	942432.1	1041635.4	332331.3	330347.2	329355.2	297610.1	1041635.4	400.50	82669.5
2026-07-03 06:10:00	968035.4	919633.7	1016437.2	324291.9	322355.8	321387.8	290410.6	1016437.2	400.50	80669.6
2026-07-03 06:15:00	978373.8	929455.1	1027292.5	327755.2	325798.5	324820.1	293512.1	1027292.5	400.50	81531.1
2026-07-03 06:20:00	972001.8	923401.7	1020601.9	325620.6	323676.6	322704.6	291600.5	1020601.9	400.50	81000.1
2026-07-03 06:25:00	957450.5	909578.0	1005323.0	320745.9	318831.0	317873.6	287235.1	1005323.0	400.50	79787.5
2026-07-03 06:30:00	953055.0	905402.3	1000707.8	319273.4	317367.3	316414.3	285916.5	1000707.8	400.50	79421.3
2026-07-03 06:35:00	948575.0	901146.2	996003.7	317772.6	315875.5	314926.9	284572.5	996003.7	400.50	79047.9
2026-07-03 06:40:00	950987.8	903438.4	998537.2	318580.9	316678.9	315728.0	285296.3	998537.2	400.50	79249.0
2026-07-03 06:45:00	943014.7	895864.0	990165.4	315909.9	314023.9	313080.9	282904.4	990165.4	400.50	78584.6
2026-07-03 06:50:00	934944.6	888197.4	981691.8	313206.4	311336.6	310401.6	280483.4	981691.8	400.50	77912.1
2026-07-03 06:55:00	933636.3	886954.5	980318.1	312768.2	310900.9	309967.3	280090.9	980318.1	400.50	77803.0
2026-07-03 07:00:00	936038.2	889236.3	982840.1	313572.8	311700.7	310764.7	280811.5	982840.1	400.50	78003.2
2026-07-03 07:05:00	917528.8	871652.3	963405.2	307372.1	305537.1	304619.6	275258.6	963405.2	400.50	76460.7
2026-07-03 07:10:00	914432.5	868710.9	960154.1	306334.9	304506.0	303591.6	274329.7	960154.1	400.50	76202.7
2026-07-03 07:15:00	904905.5	859660.2	950150.8	303143.3	301333.5	300428.6	271471.7	950150.8	400.50	75408.8
2026-07-03 07:20:00	910458.7	864935.8	955981.7	305003.7	303182.8	302272.3	273137.6	955981.7	400.50	75871.6
2026-07-03 07:25:00	899952.2	854954.6	944949.8	301484.0	299684.1	298784.1	269985.7	944949.8	400.50	74996.0
2026-07-03 07:30:00	894434.2	849712.5	939155.9	299635.5	297846.6	296952.2	268330.3	939155.9	400.50	74536.2
2026-07-03 07:35:00	886791.9	842452.3	931131.5	297075.3	295301.7	294414.9	266037.6	931131.5	400.50	73899.3
2026-07-03 07:40:00	899576.5	854597.6	944555.3	301358.1	299559.0	298659.4	269872.9	944555.3	400.50	74964.7
2026-07-03 07:45:00	890622.8	846091.6	935153.9	298358.6	296577.4	295686.8	267186.8	935153.9	400.50	74218.6
2026-07-03 07:50:00	877754.0	833866.3	921641.7	294047.6	292292.1	291414.3	263326.2	921641.7	400.50	73146.2
2026-07-03 07:55:00	873057.8	829404.9	916710.7	292474.4	290728.2	289855.2	261917.3	916710.7	400.50	72754.8
2026-07-03 08:00:00	863876.8	820683.0	907070.6	289398.7	287671.0	286807.1	259163.0	907070.6	400.50	71989.7
2026-07-03 08:05:00	858844.4	815902.1	901786.6	287712.9	285995.2	285136.3	257653.3	901786.6	400.50	71570.4
2026-07-03 08:10:00	855699.3	812914.4	898484.3	286659.3	284947.9	284092.2	256709.8	898484.3	400.50	71308.3
2026-07-03 08:15:00	862599.2	819469.3	905729.2	288970.7	287245.5	286382.9	258779.8	905729.2	400.50	71883.3
2026-07-03 08:20:00	857489.7	814615.2	900364.2	287259.1	285544.1	284686.6	257246.9	900364.2	400.50	71457.5
2026-07-03 08:25:00	849865.8	807372.5	892359.1	284705.0	283005.3	282155.4	254959.7	892359.1	400.50	70822.1
2026-07-03 08:30:00	855673.8	812890.1	898457.5	286650.7	284939.4	284083.7	256702.1	898457.5	400.50	71306.2
2026-07-03 08:35:00	836773.2	794934.5	878611.8	280319.0	278645.5	277808.7	251031.9	878611.8	400.50	69731.1
2026-07-03 08:40:00	841973.5	799874.8	884072.2	282061.1	280377.2	279535.2	252592.0	884072.2	400.50	70164.5
2026-07-03 08:45:00	844203.4	801993.2	886413.5	282808.1	281119.7	280275.5	253261.0	886413.5	400.50	70350.3
2026-07-03 08:50:00	824226.8	783015.4	865438.1	276116.0	274467.5	273643.3	247268.0	865438.1	400.50	68685.6
2026-07-03 08:55:00	825042.2	783790.1	866294.3	276389.1	274739.0	273914.0	247512.6	866294.3	400.50	68753.5
2026-07-03 09:00:00	822537.5	781410.7	863664.4	275550.1	273905.0	273082.5	246761.3	863664.4	400.50	68544.8
2026-07-03 09:05:00	811863.1	771269.9	852456.2	271974.1	270350.4	269538.5	243558.9	852456.2	400.50	67655.3
2026-07-03 09:10:00	822342.6	781225.5	863459.7	275484.8	273840.1	273017.7	246702.8	863459.7	400.50	68528.6
2026-07-03 09:15:00	805812.0	765521.4	846102.6	269947.0	268335.4	267529.6	241743.6	846102.6	400.50	67151.0
2026-07-03 09:20:00	813303.5	772638.3	853968.7	272456.7	270830.1	270016.8	243991.0	853968.7	400.50	67775.3
2026-07-03 09:25:00	809912.9	769417.2	850408.5	271320.8	269701.0	268891.1	242973.9	850408.5	400.50	67492.7
2026-07-03 09:30:00	796124.8	756318.5	835931.0	266701.8	265109.5	264313.4	238837.4	835931.0	400.50	66343.7
2026-07-03 09:35:00	793813.7	754123.0	833504.4	265927.6	264340.0	263546.2	238144.1	833504.4	400.50	66151.1
2026-07-03 09:40:00	797792.4	757902.8	837682.0	267260.5	265664.9	264867.1	239337.7	837682.0	400.50	66482.7
2026-07-03 09:45:00	781445.7	742373.4	820518.0	261784.3	260221.4	259440.0	234433.7	820518.0	400.50	65120.5
2026-07-03 09:50:00	790539.3	751012.4	830066.3	264830.7	263249.6	262459.1	237161.8	830066.3	400.50	65878.3
2026-07-03 09:55:00	789748.4	750261.0	829235.8	264565.7	262986.2	262196.5	236924.5	829235.8	400.50	65812.4
2026-07-03 10:00:00	771169.7	732611.2	809728.2	258341.9	256799.5	256028.3	231350.9	809728.2	400.50	64264.1
2026-07-03 10:05:00	776777.0	737938.1	815615.8	260220.3	258666.7	257889.9	233033.1	815615.8	400.50	64731.4
2026-07-03 10:10:00	764880.5	726636.5	803124.6	256235.0	254705.2	253940.3	229464.2	803124.6	400.50	63740.0
2026-07-03 10:15:00	763925.9	725729.6	802122.2	255915.2	254387.3	253623.4	229177.8	802122.2	400.50	63660.5
2026-07-03 10:20:00	762429.6	724308.1	800551.0	255413.9	253889.0	253126.6	228728.9	800551.0	400.50	63535.8
2026-07-03 10:25:00	767680.4	729296.4	806064.4	257172.9	255637.6	254869.9	230304.1	806064.4	400.50	63973.4
2026-07-03 10:30:00	769411.5	730940.9	807882.1	257752.9	256214.0	255444.6	230823.5	807882.1	400.50	64117.6
2026-07-03 10:35:00	751399.8	713829.8	788969.8	251718.9	250216.1	249464.7	225420.0	788969.8	400.50	62616.7
2026-07-03 10:40:00	758800.7	720860.7	796740.8	254198.2	252680.6	251921.8	227640.2	796740.8	400.50	63233.4
2026-07-03 10:45:00	748576.5	711147.7	786005.3	250773.1	249276.0	248527.4	224572.9	786005.3	400.50	62381.4
2026-07-03 10:50:00	756871.2	719027.7	794714.8	253551.9	252038.1	251281.3	227061.4	794714.8	400.50	63072.6
2026-07-03 10:55:00	748448.7	711026.2	785871.1	250730.3	249233.4	248485.0	224534.6	785871.1	400.50	62370.7
2026-07-03 11:00:00	755498.5	717723.6	793273.4	253092.0	251581.0	250825.5	226649.5	793273.4	400.50	62958.2
2026-07-03 11:05:00	735543.0	698765.8	772320.1	246406.9	244935.8	244200.3	220662.9	772320.1	400.50	61295.2
2026-07-03 11:10:00	742252.9	705140.2	779365.5	248654.7	247170.2	246428.0	222675.9	779365.5	400.50	61854.4
2026-07-03 11:15:00	735748.2	698960.7	772535.6	246475.6	245004.1	244268.4	220724.4	772535.6	400.50	61312.3
2026-07-03 11:20:00	740937.0	703890.2	777983.9	248213.9	246732.0	245991.1	222281.1	777983.9	400.50	61744.8
2026-07-03 11:25:00	739254.8	702292.1	776217.5	247650.4	246171.9	245432.6	221776.4	776217.5	400.50	61604.6
2026-07-03 11:30:00	728872.0	692428.4	765315.6	244172.1	242714.4	241985.5	218661.6	765315.6	400.50	60739.3
2026-07-03 11:35:00	739065.4	702112.2	776018.7	247586.9	246108.8	245369.7	221719.6	776018.7	400.50	61588.8
2026-07-03 11:40:00	733605.3	696925.0	770285.5	245757.8	244290.6	243557.0	220081.6	770285.5	400.50	61133.8
2026-07-03 11:45:00	734638.5	697906.6	771370.4	246103.9	244634.6	243900.0	220391.5	771370.4	400.50	61219.9
2026-07-03 11:50:00	721149.6	685092.1	757207.0	241585.1	240142.8	239421.7	216344.9	757207.0	400.50	60095.8
2026-07-03 11:55:00	729848.5	693356.0	766340.9	244499.2	243039.5	242309.7	218954.5	766340.9	400.50	60820.7
2026-07-03 12:00:00	731134.0	694577.3	767690.7	244929.9	243467.6	242736.5	219340.2	767690.7	400.50	60927.8
2026-07-03 12:05:00	713797.2	678107.4	749487.1	239122.1	237694.5	236980.7	214139.2	749487.1	400.50	59483.1
2026-07-03 12:10:00	711604.4	676024.2	747184.6	238387.5	236964.3	236252.7	213481.3	747184.6	400.50	59300.4
2026-07-03 12:15:00	715313.6	679548.0	751079.3	239630.1	238199.4	237484.1	214594.1	751079.3	400.50	59609.5
2026-07-03 12:20:00	722093.0	685988.3	758197.6	241901.1	240457.0	239734.9	216627.9	758197.6	400.50	60174.4
2026-07-03 12:25:00	709958.7	674460.8	745456.7	237836.2	236416.3	235706.3	212987.6	745456.7	400.50	59163.2
2026-07-03 12:30:00	711049.6	675497.1	746602.1	238201.6	236779.5	236068.5	213314.9	746602.1	400.50	59254.1
2026-07-03 12:35:00	717575.5	681696.7	753454.2	240387.8	238952.6	238235.1	215272.6	753454.2	400.50	59798.0
2026-07-03 12:40:00	711713.2	676127.5	747298.8	238423.9	237000.5	236288.8	213514.0	747298.8	400.50	59309.4
2026-07-03 12:45:00	707133.1	671776.5	742489.8	236889.6	235475.3	234768.2	212139.9	742489.8	400.50	58927.8
2026-07-03 12:50:00	712734.5	677097.8	748371.2	238766.1	237340.6	236627.9	213820.4	748371.2	400.50	59394.5
2026-07-03 12:55:00	703514.0	668338.3	738689.7	235677.2	234270.2	233566.7	211054.2	738689.7	400.50	58626.2
2026-07-03 13:00:00	719398.2	683428.2	755368.1	240998.4	239559.6	238840.2	215819.4	755368.1	400.50	59949.8
2026-07-03 13:05:00	706001.9	670701.8	741302.0	236510.6	235098.6	234392.6	211800.6	741302.0	400.50	58833.5
2026-07-03 13:10:00	706444.3	671122.1	741766.5	236658.8	235245.9	234539.5	211933.3	741766.5	400.50	58870.4
2026-07-03 13:15:00	715556.9	679779.0	751334.7	239711.6	238280.4	237564.9	214667.1	751334.7	400.50	59629.7
2026-07-03 13:20:00	717373.9	681505.2	753242.6	240320.2	238885.5	238168.1	215212.2	753242.6	400.50	59781.2
2026-07-03 13:25:00	705234.6	669972.8	740496.3	236253.6	234843.1	234137.9	211570.4	740496.3	400.50	58769.5
2026-07-03 13:30:00	717288.6	681424.2	753153.1	240291.7	238857.1	238139.8	215186.6	753153.1	400.50	59774.1
2026-07-03 13:35:00	703733.1	668546.5	738919.8	235750.6	234343.1	233639.4	211119.9	738919.8	400.50	58644.4
2026-07-03 13:40:00	708204.4	672794.2	743614.6	237248.5	235832.1	235123.9	212461.3	743614.6	400.50	59017.0
2026-07-03 13:45:00	710892.8	675348.2	746437.4	238149.1	236727.3	236016.4	213267.8	746437.4	400.50	59241.1
2026-07-03 13:50:00	716662.4	680829.3	752495.6	240081.9	238648.6	237931.9	214998.7	752495.6	400.50	59721.9
2026-07-03 13:55:00	705459.6	670186.6	740732.6	236329.0	234918.0	234212.6	211637.9	740732.6	400.50	58788.3
2026-07-03 14:00:00	720485.5	684461.2	756509.8	241362.6	239921.7	239201.2	216145.6	756509.8	400.50	60040.5
2026-07-03 14:05:00	702881.2	667737.1	738025.2	235465.2	234059.4	233356.6	210864.4	738025.2	400.50	58573.4
2026-07-03 14:10:00	719103.5	683148.3	755058.7	240899.7	239461.5	238742.4	215731.1	755058.7	400.50	59925.3
2026-07-03 14:15:00	720475.2	684451.4	756498.9	241359.2	239918.2	239197.8	216142.5	756498.9	400.50	60039.6
2026-07-03 14:20:00	712391.4	676771.8	748011.0	238651.1	237226.3	236513.9	213717.4	748011.0	400.50	59366.0
2026-07-03 14:25:00	715912.3	680116.7	751707.9	239830.6	238398.8	237682.9	214773.7	751707.9	400.50	59659.4
2026-07-03 14:30:00	722146.5	686039.2	758253.8	241919.1	240474.8	239752.6	216644.0	758253.8	400.50	60178.9
2026-07-03 14:35:00	707465.9	672092.6	742839.2	237001.1	235586.2	234878.7	212239.8	742839.2	400.50	58955.5
2026-07-03 14:40:00	709492.6	674018.0	744967.3	237680.0	236261.0	235551.6	212847.8	744967.3	400.50	59124.4
2026-07-03 14:45:00	713184.8	677525.5	748844.0	238916.9	237490.5	236777.3	213955.4	748844.0	400.50	59432.1
2026-07-03 14:50:00	726530.1	690203.6	762856.6	243387.6	241934.5	241208.0	217959.0	762856.6	400.50	60544.2
2026-07-03 14:55:00	729881.6	693387.5	766375.6	244510.3	243050.6	242320.7	218964.5	766375.6	400.50	60823.5
2026-07-03 15:00:00	725614.5	689333.7	761895.2	243080.8	241629.6	240904.0	217684.3	761895.2	400.50	60467.9
2026-07-03 15:05:00	728851.6	692409.0	765294.1	244165.3	242707.6	241978.7	218655.5	765294.1	400.50	60737.6
2026-07-03 15:10:00	729268.4	692805.0	765731.8	244304.9	242846.4	242117.1	218780.5	765731.8	400.50	60772.4
2026-07-03 15:15:00	730560.7	694032.7	767088.7	244737.8	243276.7	242546.1	219168.2	767088.7	400.50	60880.1
2026-07-03 15:20:00	730606.8	694076.5	767137.2	244753.3	243292.1	242561.5	219182.0	767137.2	400.50	60883.9
2026-07-03 15:25:00	729045.2	692592.9	765497.4	244230.1	242772.0	242043.0	218713.5	765497.4	400.50	60753.8
2026-07-03 15:30:00	736585.8	699756.5	773415.1	246756.3	245283.1	244546.5	220975.7	773415.1	400.50	61382.2
2026-07-03 15:35:00	744957.9	707710.0	782205.8	249560.9	248071.0	247326.0	223487.4	782205.8	400.50	62079.8
2026-07-03 15:40:00	737881.1	700987.0	774775.1	247190.2	245714.4	244976.5	221364.3	774775.1	400.50	61490.1
2026-07-03 15:45:00	740919.0	703873.0	777964.9	248207.9	246726.0	245985.1	222275.7	777964.9	400.50	61743.2
2026-07-03 15:50:00	732770.0	696131.5	769408.5	245477.9	244012.4	243279.6	219831.0	769408.5	400.50	61064.2
2026-07-03 15:55:00	751454.2	713881.5	789026.9	251737.2	250234.3	249482.8	225436.3	789026.9	400.50	62621.2
2026-07-03 16:00:00	753044.9	715392.7	790697.2	252270.1	250764.0	250010.9	225913.5	790697.2	400.50	62753.7
2026-07-03 16:05:00	742550.4	705422.9	779677.9	248754.4	247269.3	246526.7	222765.1	779677.9	400.50	61879.2
2026-07-03 16:10:00	757406.5	719536.2	795276.9	253731.2	252216.4	251459.0	227222.0	795276.9	400.50	63117.2
2026-07-03 16:15:00	757459.3	719586.3	795332.2	253748.9	252233.9	251476.5	227237.8	795332.2	400.50	63121.6
2026-07-03 16:20:00	758939.1	720992.1	796886.0	254244.6	252726.7	251967.8	227681.7	796886.0	400.50	63244.9
2026-07-03 16:25:00	756578.2	718749.3	794407.1	253453.7	251940.6	251184.0	226973.5	794407.1	400.50	63048.2
2026-07-03 16:30:00	753483.0	715808.8	791157.1	252416.8	250909.8	250156.4	226044.9	791157.1	400.50	62790.2
2026-07-03 16:35:00	758452.8	720530.1	796375.4	254081.7	252564.8	251806.3	227535.8	796375.4	400.50	63204.4
2026-07-03 16:40:00	769694.8	731210.0	808179.5	257847.7	256308.4	255538.7	230908.4	808179.5	400.50	64141.2
2026-07-03 16:45:00	775688.2	736903.8	814472.6	259855.5	258304.2	257528.5	232706.4	814472.6	400.50	64640.7
2026-07-03 16:50:00	782298.7	743183.8	821413.7	262070.1	260505.5	259723.2	234689.6	821413.7	400.50	65191.6
2026-07-03 16:55:00	773687.6	735003.2	812372.0	259185.3	257638.0	256864.3	232106.3	812372.0	400.50	64474.0
2026-07-03 17:00:00	777713.8	738828.1	816599.4	260534.1	258978.7	258201.0	233314.1	816599.4	400.50	64809.5
2026-07-03 17:05:00	784222.8	745011.7	823434.0	262714.6	261146.2	260362.0	235266.8	823434.0	400.50	65351.9
2026-07-03 17:10:00	796948.5	757101.0	836795.9	266977.7	265383.8	264586.9	239084.5	836795.9	400.50	66412.4
2026-07-03 17:15:00	798579.0	758650.1	838508.0	267524.0	265926.8	265128.2	239573.7	838508.0	400.50	66548.3
2026-07-03 17:20:00	801072.6	761018.9	841126.2	268359.3	266757.2	265956.1	240321.8	841126.2	400.50	66756.0
2026-07-03 17:25:00	807139.9	766782.9	847496.9	270391.9	268777.6	267970.4	242142.0	847496.9	400.50	67261.7
2026-07-03 17:30:00	802427.4	762306.0	842548.7	268813.2	267208.3	266405.9	240728.2	842548.7	400.50	66868.9
2026-07-03 17:35:00	799643.7	759661.6	839625.9	267880.7	266281.4	265481.7	239893.1	839625.9	400.50	66637.0
2026-07-03 17:40:00	807022.4	766671.3	847373.6	270352.5	268738.5	267931.5	242106.7	847373.6	400.50	67251.9
2026-07-03 17:45:00	820038.3	779036.3	861040.2	274712.8	273072.7	272252.7	246011.5	861040.2	400.50	68336.5
2026-07-03 17:50:00	811843.2	771251.1	852435.4	271967.5	270343.8	269532.0	243553.0	852435.4	400.50	67653.6
2026-07-03 17:55:00	815410.5	774640.0	856181.0	273162.5	271531.7	270716.3	244623.2	856181.0	400.50	67950.9
2026-07-03 18:00:00	828110.0	786704.5	869515.5	277416.9	275760.6	274932.5	248433.0	869515.5	400.50	69009.2
2026-07-03 18:05:00	823358.5	782190.6	864526.5	275825.1	274178.4	273355.0	247007.6	864526.5	400.50	68613.2
2026-07-03 18:10:00	840518.1	798492.2	882544.0	281573.6	279892.5	279052.0	252155.4	882544.0	400.50	70043.2
2026-07-03 18:15:00	830573.3	789044.7	872102.0	278242.1	276580.9	275750.3	249172.0	872102.0	400.50	69214.4
2026-07-03 18:20:00	840646.7	798614.4	882679.1	281616.7	279935.4	279094.7	252194.0	882679.1	400.50	70053.9
2026-07-03 18:25:00	844163.6	801955.4	886371.8	282794.8	281106.5	280262.3	253249.1	886371.8	400.50	70347.0
2026-07-03 18:30:00	857695.9	814811.1	900580.7	287328.1	285612.7	284755.0	257308.8	900580.7	400.50	71474.7
2026-07-03 18:35:00	858210.2	815299.7	901120.8	287500.4	285784.0	284925.8	257463.1	901120.8	400.50	71517.5
2026-07-03 18:40:00	864129.8	820923.3	907336.3	289483.5	287755.2	286891.1	259238.9	907336.3	400.50	72010.8
2026-07-03 18:45:00	860297.3	817282.4	903312.1	288199.6	286479.0	285618.7	258089.2	903312.1	400.50	71691.4
2026-07-03 18:50:00	861893.6	818798.9	904988.3	288734.4	287010.6	286148.7	258568.1	904988.3	400.50	71824.5
2026-07-03 18:55:00	868254.6	824841.9	911667.3	290865.3	289128.8	288260.5	260476.4	911667.3	400.50	72354.6
2026-07-03 19:00:00	880751.0	836713.4	924788.5	295051.6	293290.1	292409.3	264225.3	924788.5	400.50	73395.9
2026-07-03 19:05:00	882209.1	838098.6	926319.5	295540.0	293775.6	292893.4	264662.7	926319.5	400.50	73517.4
2026-07-03 19:10:00	878053.5	834150.8	921956.2	294147.9	292391.8	291513.8	263416.1	921956.2	400.50	73171.1
2026-07-03 19:15:00	881179.8	837120.9	925238.8	295195.2	293432.9	292551.7	264354.0	925238.8	400.50	73431.7
2026-07-03 19:20:00	898975.1	854026.4	943923.9	301156.7	299358.7	298459.7	269692.5	943923.9	400.50	74914.6
2026-07-03 19:25:00	902822.5	857681.3	947963.6	302445.5	300639.9	299737.1	270846.7	947963.6	400.50	75235.2
2026-07-03 19:30:00	898822.5	853881.3	943763.6	301105.5	299307.9	298409.1	269646.7	943763.6	400.50	74901.9
2026-07-03 19:35:00	916236.6	870424.8	962048.4	306939.3	305106.8	304190.6	274871.0	962048.4	400.50	76353.1
2026-07-03 19:40:00	902527.3	857400.9	947653.6	302346.6	300541.6	299639.0	270758.2	947653.6	400.50	75210.6
2026-07-03 19:45:00	922849.4	876706.9	968991.8	309154.5	307308.8	306386.0	276854.8	968991.8	400.50	76904.1
2026-07-03 19:50:00	912215.7	866604.9	957826.4	305592.2	303767.8	302855.6	273664.7	957826.4	400.50	76018.0
2026-07-03 19:55:00	923499.8	877324.8	969674.7	309372.4	307525.4	306601.9	277049.9	969674.7	400.50	76958.3
2026-07-03 20:00:00	923242.9	877080.7	969405.0	309286.4	307439.9	306516.6	276972.9	969405.0	400.50	76936.9
2026-07-03 20:05:00	934085.8	887381.5	980790.1	312918.7	311050.6	310116.5	280225.7	980790.1	400.50	77840.5
2026-07-03 20:10:00	934183.7	887474.5	980892.9	312951.5	311083.2	310149.0	280255.1	980892.9	400.50	77848.6
2026-07-03 20:15:00	946976.4	899627.6	994325.3	317237.1	315343.2	314396.2	284092.9	994325.3	400.50	78914.7
2026-07-03 20:20:00	957747.8	909860.4	1005635.2	320845.5	318930.0	317972.3	287324.3	1005635.2	400.50	79812.3
2026-07-03 20:25:00	958284.0	910369.8	1006198.2	321025.1	319108.6	318150.3	287485.2	1006198.2	400.50	79857.0
2026-07-03 20:30:00	960561.9	912533.8	1008590.0	321788.3	319867.1	318906.6	288168.6	1008590.0	400.50	80046.8
2026-07-03 20:35:00	955676.4	907892.5	1003460.2	320151.6	318240.2	317284.5	286702.9	1003460.2	400.50	79639.7
2026-07-03 20:40:00	978460.3	929537.3	1027383.3	327784.2	325827.3	324848.8	293538.1	1027383.3	400.50	81538.4
2026-07-03 20:45:00	973456.6	924783.7	1022129.4	326107.9	324161.0	323187.6	292037.0	1022129.4	400.50	81121.4
2026-07-03 20:50:00	972648.4	924015.9	1021280.8	325837.2	323891.9	322919.3	291794.5	1021280.8	400.50	81054.0
2026-07-03 20:55:00	986537.9	937211.0	1035864.8	330490.2	328517.1	327530.6	295961.4	1035864.8	400.50	82211.5
2026-07-03 21:00:00	996969.6	947121.2	1046818.1	333984.8	331990.9	330993.9	299090.9	1046818.1	400.50	83080.8
2026-07-03 21:05:00	999946.1	949948.8	1049943.4	334981.9	332982.0	331982.1	299983.8	1049943.4	400.50	83328.8
2026-07-03 21:10:00	1004097.7	953892.8	1054302.6	336372.7	334364.5	333360.4	301229.3	1054302.6	400.50	83674.8
2026-07-03 21:15:00	996884.8	947040.6	1046729.1	333956.4	331962.7	330965.8	299065.5	1046729.1	400.50	83073.7
2026-07-03 21:20:00	1005847.0	955554.7	1056139.4	336958.8	334947.1	333941.2	301754.1	1056139.4	400.50	83820.6
2026-07-03 21:25:00	1006874.1	956530.4	1057217.8	337302.8	335289.1	334282.2	302062.2	1057217.8	400.50	83906.2
2026-07-03 21:30:00	1017437.4	966565.5	1068309.3	340841.5	338806.7	337789.2	305231.2	1068309.3	400.50	84786.5
2026-07-03 21:35:00	1020276.1	969262.3	1071289.9	341792.5	339751.9	338731.7	306082.8	1071289.9	400.50	85023.0
2026-07-03 21:40:00	1034128.5	982422.1	1085834.9	346433.1	344364.8	343330.7	310238.6	1085834.9	400.50	86177.4
2026-07-03 21:45:00	1027101.1	975746.1	1078456.2	344078.9	342024.7	340997.6	308130.3	1078456.2	400.50	85591.8
2026-07-03 21:50:00	1037857.5	985964.6	1089750.4	347682.3	345606.5	344568.7	311357.3	1089750.4	400.50	86488.1
2026-07-03 21:55:00	1052817.0	1000176.1	1105457.8	352693.7	350588.1	349535.2	315845.1	1105457.8	400.50	87734.7
2026-07-03 22:00:00	1053280.9	1000616.8	1105944.9	352849.1	350742.5	349689.2	315984.3	1105944.9	400.50	87773.4
2026-07-03 22:05:00	1061357.7	1008289.8	1114425.6	355554.8	353432.1	352370.8	318407.3	1114425.6	400.50	88446.5
2026-07-03 22:10:00	1058398.0	1005478.1	1111317.9	354563.3	352446.5	351388.1	317519.4	1111317.9	400.50	88199.8
2026-07-03 22:15:00	1060924.3	1007878.1	1113970.5	355409.6	353287.8	352226.9	318277.3	1113970.5	400.50	88410.4
2026-07-03 22:20:00	1059854.4	1006861.7	1112847.1	355051.2	352931.5	351871.7	317956.3	1112847.1	400.50	88321.2
2026-07-03 22:25:00	1080566.3	1026538.0	1134594.6	361989.7	359828.6	358748.0	324169.9	1134594.6	400.50	90047.2
2026-07-03 22:30:00	1086586.1	1032256.8	1140915.4	364006.3	361833.2	360746.6	325975.8	1140915.4	400.50	90548.8
2026-07-03 22:35:00	1079042.2	1025090.1	1132994.3	361479.1	359321.1	358242.0	323712.7	1132994.3	400.50	89920.2
2026-07-03 22:40:00	1090403.9	1035883.7	1144924.1	365285.3	363104.5	362014.1	327121.2	1144924.1	400.50	90867.0
2026-07-03 22:45:00	1099050.0	1044097.5	1154002.5	368181.7	365983.6	364884.6	329715.0	1154002.5	400.50	91587.5
2026-07-03 22:50:00	1089192.4	1034732.8	1143652.0	364879.4	362701.1	361611.9	326757.7	1143652.0	400.50	90766.0
2026-07-03 22:55:00	1095885.9	1041091.6	1150680.2	367121.8	364930.0	363834.1	328765.8	1150680.2	400.50	91323.8
2026-07-03 23:00:00	1104501.3	1049276.3	1159726.4	370008.0	367798.9	366694.4	331350.4	1159726.4	400.50	92041.8
2026-07-03 23:05:00	1108669.5	1053236.1	1164103.0	371404.3	369187.0	368078.3	332600.9	1164103.0	400.50	92389.1
2026-07-03 23:10:00	1115389.4	1059619.9	1171158.9	373655.5	371424.7	370309.3	334616.8	1171158.9	400.50	92949.1
2026-07-03 23:15:00	1127391.5	1071022.0	1183761.1	377676.2	375421.4	374294.0	338217.5	1183761.1	400.50	93949.3
2026-07-03 23:20:00	1130468.9	1073945.4	1186992.3	378707.1	376446.1	375315.7	339140.7	1186992.3	400.50	94205.7
2026-07-03 23:25:00	1124718.7	1068482.8	1180954.7	376780.8	374531.3	373406.6	337415.6	1180954.7	400.50	93726.6
2026-07-03 23:30:00	1132777.3	1076138.4	1189416.1	379480.4	377214.8	376082.0	339833.2	1189416.1	400.50	94398.1
2026-07-03 23:35:00	1141895.7	1084800.9	1198990.5	382535.1	380251.3	379109.4	342568.7	1198990.5	400.50	95158.0
2026-07-03 23:40:00	1144585.6	1087356.3	1201814.9	383436.2	381147.0	380002.4	343375.7	1201814.9	400.50	95382.1
2026-07-03 23:45:00	1145424.8	1088153.6	1202696.1	383717.3	381426.5	380281.0	343627.5	1202696.1	400.50	95452.1
2026-07-03 23:50:00	1160810.6	1102770.1	1218851.1	388871.5	386549.9	385389.1	348243.2	1218851.1	400.50	96734.2
2026-07-03 23:55:00	1156253.8	1098441.1	1214066.5	387345.0	385032.5	383876.3	346876.1	1214066.5	400.50	96354.5
2026-07-04 00:00:00	1153972.5	1096273.9	1211671.1	386580.8	384272.8	383118.9	346191.7	1211671.1	400.50	96164.4
2026-07-04 00:05:00	1175527.6	1116751.2	1234303.9	393801.7	391450.7	390275.2	352658.3	1234303.9	400.50	97960.6
2026-07-04 00:10:00	1174789.7	1116050.2	1233529.2	393554.5	391205.0	390030.2	352436.9	1233529.2	400.50	97899.1
2026-07-04 00:15:00	1184862.3	1125619.2	1244105.4	396928.9	394559.1	393374.3	355458.7	1244105.4	400.50	98738.5
2026-07-04 00:20:00	1178135.1	1119228.4	1237041.9	394675.3	392319.0	391140.9	353440.5	1237041.9	400.50	98177.9
2026-07-04 00:25:00	1191605.4	1132025.1	1251185.6	399187.8	396804.6	395613.0	357481.6	1251185.6	400.50	99300.4
2026-07-04 00:30:00	1187125.4	1127769.1	1246481.7	397687.0	395312.8	394125.6	356137.6	1246481.7	400.50	98927.1
2026-07-04 00:35:00	1191658.2	1132075.3	1251241.1	399205.5	396822.2	395630.5	357497.5	1251241.1	400.50	99304.9
2026-07-04 00:40:00	1200755.1	1140717.4	1260792.9	402253.0	399851.5	398650.7	360226.5	1260792.9	400.50	100062.9
2026-07-04 00:45:00	1197399.1	1137529.1	1257269.0	401128.7	398733.9	397536.5	359219.7	1257269.0	400.50	99783.3
2026-07-04 00:50:00	1200399.4	1140379.5	1260419.4	402133.8	399733.0	398532.6	360119.8	1260419.4	400.50	100033.3
2026-07-04 00:55:00	1211480.2	1150906.1	1272054.2	405845.9	403422.9	402211.4	363444.0	1272054.2	400.50	100956.7
2026-07-04 01:00:00	1218625.9	1157694.6	1279557.2	408239.7	405802.4	404583.8	365587.8	1279557.2	400.50	101552.2
2026-07-04 01:05:00	1210425.4	1149904.1	1270946.7	405492.5	403071.7	401861.2	363127.6	1270946.7	400.50	100868.8
2026-07-04 01:10:00	1213323.3	1152657.2	1273989.5	406463.3	404036.7	402823.3	363997.0	1273989.5	400.50	101110.3
2026-07-04 01:15:00	1220085.9	1159081.6	1281090.2	408728.8	406288.6	405068.5	366025.8	1281090.2	400.50	101673.8
2026-07-04 01:20:00	1228502.1	1167077.0	1289927.2	411548.2	409091.2	407862.7	368550.6	1289927.2	400.50	102375.2
2026-07-04 01:25:00	1237803.2	1175913.1	1299693.4	414664.1	412188.5	410950.7	371341.0	1299693.4	400.50	103150.3
2026-07-04 01:30:00	1241789.0	1179699.5	1303878.4	415999.3	413515.7	412273.9	372536.7	1303878.4	400.50	103482.4
2026-07-04 01:35:00	1225863.3	1164570.1	1287156.5	410664.2	408212.5	406986.6	367759.0	1287156.5	400.50	102155.3
2026-07-04 01:40:00	1232343.9	1170726.7	1293961.1	412835.2	410370.5	409138.2	369703.2	1293961.1	400.50	102695.3
2026-07-04 01:45:00	1244198.9	1181988.9	1306408.8	416806.6	414318.2	413074.0	373259.7	1306408.8	400.50	103683.2
2026-07-04 01:50:00	1252549.1	1189921.7	1315176.6	419604.0	417098.9	415846.3	375764.7	1315176.6	400.50	104379.1
2026-07-04 01:55:00	1245291.6	1183027.0	1307556.2	417172.7	414682.1	413436.8	373587.5	1307556.2	400.50	103774.3
2026-07-04 02:00:00	1251435.0	1188863.2	1314006.7	419230.7	416727.8	415476.4	375430.5	1314006.7	400.50	104286.2
2026-07-04 02:05:00	1260579.5	1197550.5	1323608.4	422294.1	419773.0	418512.4	378173.8	1323608.4	400.50	105048.3
2026-07-04 02:10:00	1247212.5	1184851.9	1309573.1	417816.2	415321.8	414074.5	374163.7	1309573.1	400.50	103934.4
2026-07-04 02:15:00	1260660.4	1197627.4	1323693.5	422321.2	419799.9	418539.3	378198.1	1323693.5	400.50	105055.0
2026-07-04 02:20:00	1267108.3	1203752.9	1330463.7	424481.3	421947.1	420679.9	380132.5	1330463.7	400.50	105592.4
2026-07-04 02:25:00	1270356.1	1206838.3	1333873.9	425569.3	423028.6	421758.2	381106.8	1333873.9	400.50	105863.0
2026-07-04 02:30:00	1268953.9	1205506.2	1332401.6	425099.5	422561.6	421292.7	380686.2	1332401.6	400.50	105746.2
2026-07-04 02:35:00	1272034.0	1208432.3	1335635.7	426131.4	423587.3	422315.3	381610.2	1335635.7	400.50	106002.8
2026-07-04 02:40:00	1274308.0	1210592.6	1338023.4	426893.2	424344.6	423070.3	382292.4	1338023.4	400.50	106192.3
2026-07-04 02:45:00	1271042.5	1207490.3	1334594.6	425799.2	423257.1	421986.1	381312.7	1334594.6	400.50	105920.2
2026-07-04 02:50:00	1276395.4	1212575.6	1340215.2	427592.5	425039.7	423763.3	382918.6	1340215.2	400.50	106366.3
2026-07-04 02:55:00	1283097.9	1218943.0	1347252.7	429837.8	427271.6	425988.5	384929.4	1347252.7	400.50	106924.8
2026-07-04 03:00:00	1289071.0	1224617.4	1353524.5	431838.8	429260.6	427971.6	386721.3	1353524.5	400.50	107422.6
2026-07-04 03:05:00	1292978.7	1228329.7	1357627.6	433147.9	430561.9	429268.9	387893.6	1357627.6	400.50	107748.2
2026-07-04 03:10:00	1282018.4	1217917.4	1346119.3	429476.1	426912.1	425630.1	384605.5	1346119.3	400.50	106834.9
2026-07-04 03:15:00	1283227.6	1219066.2	1347388.9	429881.2	427314.8	426031.6	384968.3	1347388.9	400.50	106935.6
2026-07-04 03:20:00	1294373.5	1229654.8	1359092.1	433615.1	431026.4	429732.0	388312.0	1359092.1	400.50	107864.5
2026-07-04 03:25:00	1284857.2	1220614.3	1349100.1	430427.2	427857.4	426572.6	385457.2	1349100.1	400.50	107071.4
2026-07-04 03:30:00	1301244.8	1236182.6	1366307.1	435917.0	433314.5	432013.3	390373.4	1366307.1	400.50	108437.1
2026-07-04 03:35:00	1286198.4	1221888.4	1350508.3	430876.4	428304.1	427017.9	385859.5	1350508.3	400.50	107183.2
2026-07-04 03:40:00	1301927.1	1236830.8	1367023.5	436145.6	433541.7	432239.8	390578.1	1367023.5	400.50	108493.9
2026-07-04 03:45:00	1294915.3	1230169.5	1359661.0	433796.6	431206.8	429911.9	388474.6	1359661.0	400.50	107909.6
2026-07-04 03:50:00	1301635.3	1236553.6	1366717.1	436047.8	433444.6	432142.9	390490.6	1366717.1	400.50	108469.6
2026-07-04 03:55:00	1301050.9	1235998.3	1366103.4	435852.0	433249.9	431948.9	390315.3	1366103.4	400.50	108420.9
2026-07-04 04:00:00	1305566.4	1240288.1	1370844.8	437364.8	434753.6	433448.1	391669.9	1370844.8	400.50	108797.2
2026-07-04 04:05:00	1300535.0	1235508.2	1365561.7	435679.2	433078.1	431777.6	390160.5	1365561.7	400.50	108377.9
2026-07-04 04:10:00	1305917.5	1240621.6	1371213.3	437482.4	434870.5	433564.6	391775.2	1371213.3	400.50	108826.5
2026-07-04 04:15:00	1314101.2	1248396.1	1379806.2	440223.9	437595.7	436281.6	394230.3	1379806.2	400.50	109508.4
2026-07-04 04:20:00	1306186.4	1240877.1	1371495.8	437572.5	434960.1	433653.9	391855.9	1371495.8	400.50	108848.9
2026-07-04 04:25:00	1313239.3	1247577.4	1378901.3	439935.2	437308.7	435995.5	393971.8	1378901.3	400.50	109436.6
2026-07-04 04:30:00	1312120.3	1246514.3	1377726.3	439560.3	436936.1	435623.9	393636.1	1377726.3	400.50	109343.4
2026-07-04 04:35:00	1306067.9	1240764.5	1371371.3	437532.7	434920.6	433614.5	391820.4	1371371.3	400.50	108839.0
2026-07-04 04:40:00	1300971.9	1235923.3	1366020.5	435825.6	433223.6	431922.7	390291.6	1366020.5	400.50	108414.3
2026-07-04 04:45:00	1299339.5	1234372.6	1364306.5	435278.7	432680.1	431380.7	389801.9	1364306.5	400.50	108278.3
2026-07-04 04:50:00	1312357.8	1246739.9	1377975.7	439639.9	437015.1	435702.8	393707.3	1377975.7	400.50	109363.1
2026-07-04 04:55:00	1308665.3	1243232.0	1374098.5	438402.9	435785.5	434476.9	392599.6	1374098.5	400.50	109055.4
2026-07-04 05:00:00	1307196.3	1241836.4	1372556.1	437910.7	435296.4	433989.2	392158.9	1372556.1	400.50	108933.0
2026-07-04 05:05:00	1309403.9	1243933.7	1374874.1	438650.3	436031.5	434722.1	392821.2	1374874.1	400.50	109117.0
2026-07-04 05:10:00	1300681.0	1235647.0	1365715.1	435728.1	433126.8	431826.1	390204.3	1365715.1	400.50	108390.1
2026-07-04 05:15:00	1310719.7	1245183.7	1376255.7	439091.1	436469.7	435158.9	393215.9	1376255.7	400.50	109226.6
2026-07-04 05:20:00	1313237.4	1247575.5	1378899.3	439934.5	437308.1	435994.8	393971.2	1378899.3	400.50	109436.5
2026-07-04 05:25:00	1317680.2	1251796.2	1383564.2	441422.9	438787.5	437469.8	395304.1	1383564.2	400.50	109806.7
2026-07-04 05:30:00	1316910.3	1251064.8	1382755.8	441164.9	438531.1	437214.2	395073.1	1382755.8	400.50	109742.5
2026-07-04 05:35:00	1304707.5	1239472.2	1369942.9	437077.0	434467.6	433162.9	391412.3	1369942.9	400.50	108725.6
2026-07-04 05:40:00	1301442.8	1236370.7	1366515.0	435983.4	433380.5	432079.0	390432.9	1366515.0	400.50	108453.6
2026-07-04 05:45:00	1318030.3	1252128.7	1383931.8	441540.1	438904.1	437586.0	395409.1	1383931.8	400.50	109835.9
2026-07-04 05:50:00	1314038.2	1248336.3	1379740.1	440202.8	437574.7	436260.7	394211.4	1379740.1	400.50	109503.2
2026-07-04 05:55:00	1300925.3	1235879.0	1365971.6	435810.0	433208.1	431907.2	390277.6	1365971.6	400.50	108410.4
2026-07-04 06:00:00	1297689.9	1232805.4	1362574.4	434726.1	432130.7	430833.1	389307.0	1362574.4	400.50	108140.8
2026-07-04 06:05:00	1313124.2	1247468.0	1378780.4	439896.6	437270.3	435957.2	393937.2	1378780.4	400.50	109427.0
2026-07-04 06:10:00	1297671.2	1232787.6	1362554.7	434719.8	432124.5	430826.8	389301.3	1362554.7	400.50	108139.3
2026-07-04 06:15:00	1299186.0	1234226.7	1364145.3	435227.3	432628.9	431329.7	389755.8	1364145.3	400.50	108265.5
2026-07-04 06:20:00	1310247.5	1244735.1	1375759.9	438932.9	436312.4	435002.2	393074.3	1375759.9	400.50	109187.3
2026-07-04 06:25:00	1300291.5	1235276.9	1365306.0	435597.6	432997.1	431696.8	390087.4	1365306.0	400.50	108357.6
2026-07-04 06:30:00	1296039.6	1231237.6	1360841.6	434173.3	431581.2	430285.1	388811.9	1360841.6	400.50	108003.3
2026-07-04 06:35:00	1307834.6	1242442.9	1373226.4	438124.6	435508.9	434201.1	392350.4	1373226.4	400.50	108986.2
2026-07-04 06:40:00	1294765.5	1230027.2	1359503.8	433746.4	431156.9	429862.1	388429.6	1359503.8	400.50	107897.1
2026-07-04 06:45:00	1286613.8	1222283.1	1350944.4	431015.6	428442.4	427155.8	385984.1	1350944.4	400.50	107217.8
2026-07-04 06:50:00	1294893.7	1230149.0	1359638.4	433789.4	431199.6	429904.7	388468.1	1359638.4	400.50	107907.8
2026-07-04 06:55:00	1297788.8	1232899.4	1362678.2	434759.2	432163.7	430865.9	389336.6	1362678.2	400.50	108149.1
2026-07-04 07:00:00	1291699.3	1227114.3	1356284.2	432719.3	430135.9	428844.2	387509.8	1356284.2	400.50	107641.6
2026-07-04 07:05:00	1286413.3	1222092.6	1350733.9	430948.4	428375.6	427089.2	385924.0	1350733.9	400.50	107201.1
2026-07-04 07:10:00	1294633.0	1229901.4	1359364.7	433702.1	431112.8	429818.2	388389.9	1359364.7	400.50	107886.1
2026-07-04 07:15:00	1289578.4	1225099.4	1354057.3	432008.8	429429.6	428140.0	386873.5	1354057.3	400.50	107464.9
2026-07-04 07:20:00	1273434.9	1209763.1	1337106.6	426600.7	424053.8	422780.4	382030.5	1337106.6	400.50	106119.6
2026-07-04 07:25:00	1272471.2	1208847.6	1336094.7	426277.8	423732.9	422460.4	381741.4	1336094.7	400.50	106039.3
2026-07-04 07:30:00	1268566.7	1205138.4	1331995.1	424969.9	422432.7	421164.2	380570.0	1331995.1	400.50	105713.9
2026-07-04 07:35:00	1282050.2	1217947.7	1346152.7	429486.8	426922.7	425640.7	384615.1	1346152.7	400.50	106837.5
2026-07-04 07:40:00	1280416.2	1216395.4	1344437.0	428939.4	426378.6	425098.2	384124.9	1344437.0	400.50	106701.4
2026-07-04 07:45:00	1265265.1	1202001.8	1328528.3	423863.8	421333.3	420068.0	379579.5	1328528.3	400.50	105438.8
2026-07-04 07:50:00	1276915.8	1213070.0	1340761.5	427766.8	425212.9	423936.0	383074.7	1340761.5	400.50	106409.6
2026-07-04 07:55:00	1275497.1	1211722.3	1339272.0	427291.5	424740.5	423465.1	382649.1	1339272.0	400.50	106291.4
2026-07-04 08:00:00	1271249.6	1207687.2	1334812.1	425868.6	423326.1	422054.9	381374.9	1334812.1	400.50	105937.5
2026-07-04 08:05:00	1257297.5	1194432.6	1320162.3	421194.6	418680.1	417422.8	377189.2	1320162.3	400.50	104774.8
2026-07-04 08:10:00	1252089.9	1189485.4	1314694.4	419450.1	416945.9	415693.8	375627.0	1314694.4	400.50	104340.8
2026-07-04 08:15:00	1264993.7	1201744.0	1328243.4	423772.9	421242.9	419977.9	379498.1	1328243.4	400.50	105416.1
2026-07-04 08:20:00	1258276.7	1195362.9	1321190.6	421522.7	419006.2	417747.9	377483.0	1321190.6	400.50	104856.4
2026-07-04 08:25:00	1254066.6	1191363.3	1316770.0	420112.3	417604.2	416350.1	376220.0	1316770.0	400.50	104505.6
2026-07-04 08:30:00	1247947.2	1185549.8	1310344.5	418062.3	415566.4	414318.5	374384.1	1310344.5	400.50	103995.6
2026-07-04 08:35:00	1245117.5	1182861.6	1307373.4	417114.4	414624.1	413379.0	373535.3	1307373.4	400.50	103759.8
2026-07-04 08:40:00	1233218.8	1171557.8	1294879.7	413128.3	410661.8	409428.6	369965.6	1294879.7	400.50	102768.2
2026-07-04 08:45:00	1228806.5	1167366.2	1290246.8	411650.2	409192.6	407963.8	368641.9	1290246.8	400.50	102400.5
2026-07-04 08:50:00	1242053.8	1179951.1	1304156.5	416088.0	413603.9	412361.9	372616.1	1304156.5	400.50	103504.5
2026-07-04 08:55:00	1220733.2	1159696.5	1281769.9	408945.6	406504.2	405283.4	366220.0	1281769.9	400.50	101727.8
2026-07-04 09:00:00	1230044.0	1168541.8	1291546.2	412064.7	409604.6	408374.6	369013.2	1291546.2	400.50	102503.7
2026-07-04 09:05:00	1230711.9	1169176.3	1292247.4	412288.5	409827.0	408596.3	369213.6	1292247.4	400.50	102559.3
2026-07-04 09:10:00	1215594.6	1154814.9	1276374.3	407224.2	404793.0	403577.4	364678.4	1276374.3	400.50	101299.5
2026-07-04 09:15:00	1224061.8	1162858.7	1285264.9	410060.7	407612.6	406388.5	367218.6	1285264.9	400.50	102005.2
2026-07-04 09:20:00	1210285.6	1149771.3	1270799.9	405445.7	403025.1	401814.8	363085.7	1270799.9	400.50	100857.1
2026-07-04 09:25:00	1209327.1	1148860.8	1269793.5	405124.6	402705.9	401496.6	362798.1	1269793.5	400.50	100777.3
2026-07-04 09:30:00	1214610.3	1153879.8	1275340.8	406894.5	404465.2	403250.6	364383.1	1275340.8	400.50	101217.5
2026-07-04 09:35:00	1206595.1	1146265.3	1266924.8	404209.3	401796.2	400589.6	361978.5	1266924.8	400.50	100549.6
2026-07-04 09:40:00	1199620.7	1139639.7	1259601.7	401872.9	399473.7	398274.1	359886.2	1259601.7	400.50	99968.4
2026-07-04 09:45:00	1189329.9	1129863.4	1248796.4	398425.5	396046.8	394857.5	356799.0	1248796.4	400.50	99110.8
2026-07-04 09:50:00	1194634.9	1134903.2	1254366.6	400202.7	397813.4	396618.8	358390.5	1254366.6	400.50	99552.9
2026-07-04 09:55:00	1187708.4	1128323.0	1247093.8	397882.3	395506.9	394319.2	356312.5	1247093.8	400.50	98975.7
2026-07-04 10:00:00	1173949.2	1115251.7	1232646.6	393273.0	390925.1	389751.1	352184.8	1232646.6	400.50	97829.1
2026-07-04 10:05:00	1176671.6	1117838.0	1235505.2	394185.0	391831.7	390655.0	353001.5	1235505.2	400.50	98056.0
2026-07-04 10:10:00	1165259.6	1106996.7	1223522.6	390362.0	388031.5	386866.2	349577.9	1223522.6	400.50	97105.0
2026-07-04 10:15:00	1169365.7	1110897.4	1227834.0	391737.5	389398.8	388229.4	350809.7	1227834.0	400.50	97447.1
2026-07-04 10:20:00	1163965.2	1105767.0	1222163.5	389928.4	387600.4	386436.5	349189.6	1222163.5	400.50	96997.1
2026-07-04 10:25:00	1163419.0	1105248.0	1221589.9	389745.4	387418.5	386255.1	349025.7	1221589.9	400.50	96951.6
2026-07-04 10:30:00	1147196.7	1089836.8	1204556.5	384310.9	382016.5	380869.3	344159.0	1204556.5	400.50	95599.7
2026-07-04 10:35:00	1149305.7	1091840.4	1206771.0	385017.4	382718.8	381569.5	344791.7	1206771.0	400.50	95775.5
2026-07-04 10:40:00	1150183.6	1092674.4	1207692.8	385311.5	383011.1	381861.0	345055.1	1207692.8	400.50	95848.6
2026-07-04 10:45:00	1145937.9	1088641.0	1203234.8	383889.2	381597.3	380451.4	343781.4	1203234.8	400.50	95494.8
2026-07-04 10:50:00	1129832.2	1073340.6	1186323.8	378493.8	376234.1	375104.3	338949.7	1186323.8	400.50	94152.7
2026-07-04 10:55:00	1139440.5	1082468.5	1196412.5	381712.6	379433.7	378294.2	341832.1	1196412.5	400.50	94953.4
2026-07-04 11:00:00	1135824.2	1079033.0	1192615.5	380501.1	378229.5	377093.6	340747.3	1192615.5	400.50	94652.0
2026-07-04 11:05:00	1115685.8	1059901.5	1171470.1	373754.7	371523.4	370407.7	334705.7	1171470.1	400.50	92973.8
2026-07-04 11:10:00	1123963.2	1067765.1	1180161.4	376527.7	374279.8	373155.8	337189.0	1180161.4	400.50	93663.6
2026-07-04 11:15:00	1110476.3	1054952.5	1166000.1	372009.6	369788.6	368678.1	333142.9	1166000.1	400.50	92539.7
2026-07-04 11:20:00	1105175.9	1049917.1	1160434.7	370233.9	368023.6	366918.4	331552.8	1160434.7	400.50	92098.0
2026-07-04 11:25:00	1110991.1	1055441.5	1166540.7	372182.0	369960.0	368849.0	333297.3	1166540.7	400.50	92582.6
2026-07-04 11:30:00	1092077.2	1037473.3	1146681.1	365845.9	363661.7	362569.6	327623.2	1146681.1	400.50	91006.4
2026-07-04 11:35:00	1094195.4	1039485.6	1148905.2	366555.5	364367.1	363272.9	328258.6	1148905.2	400.50	91183.0
2026-07-04 11:40:00	1087522.0	1033145.9	1141898.1	364319.9	362144.8	361057.3	326256.6	1141898.1	400.50	90626.8
2026-07-04 11:45:00	1094114.7	1039409.0	1148820.5	366528.4	364340.2	363246.1	328234.4	1148820.5	400.50	91176.2
2026-07-04 11:50:00	1084945.0	1030697.8	1139192.3	363456.6	361286.7	360201.7	325483.5	1139192.3	400.50	90412.1
2026-07-04 11:55:00	1083544.3	1029367.1	1137721.5	362987.3	360820.3	359736.7	325063.3	1137721.5	400.50	90295.4
2026-07-04 12:00:00	1064969.7	1011721.2	1118218.1	356764.8	354634.9	353569.9	319490.9	1118218.1	400.50	88747.5
2026-07-04 12:05:00	1073259.5	1019596.5	1126922.5	359541.9	357395.4	356322.2	321977.9	1126922.5	400.50	89438.3
2026-07-04 12:10:00	1054049.5	1001347.1	1106752.0	353106.6	350998.5	349944.4	316214.9	1106752.0	400.50	87837.5
2026-07-04 12:15:00	1056305.6	1003490.3	1109120.9	353862.4	351749.8	350693.4	316891.7	1109120.9	400.50	88025.5
2026-07-04 12:20:00	1057832.7	1004941.1	1110724.3	354374.0	352258.3	351200.5	317349.8	1110724.3	400.50	88152.7
2026-07-04 12:25:00	1040037.5	988035.6	1092039.3	348412.5	346332.5	345292.4	312011.2	1092039.3	400.50	86669.8
2026-07-04 12:30:00	1035972.0	984173.4	1087770.6	347050.6	344978.7	343942.7	310791.6	1087770.6	400.50	86331.0
2026-07-04 12:35:00	1040581.8	988552.7	1092610.8	348594.9	346513.7	345473.1	312174.5	1092610.8	400.50	86715.1
2026-07-04 12:40:00	1029624.8	978143.5	1081106.0	344924.3	342865.1	341835.4	308887.4	1081106.0	400.50	85802.1
2026-07-04 12:45:00	1031995.2	980395.5	1083595.0	345718.4	343654.4	342622.4	309598.6	1083595.0	400.50	85999.6
2026-07-04 12:50:00	1031275.0	979711.2	1082838.7	345477.1	343414.6	342383.3	309382.5	1082838.7	400.50	85939.6
2026-07-04 12:55:00	1007928.4	957532.0	1058324.8	337656.0	335640.2	334632.2	302378.5	1058324.8	400.50	83994.0
2026-07-04 13:00:00	1016455.5	965632.8	1067278.3	340512.6	338479.7	337463.2	304936.7	1067278.3	400.50	84704.6
2026-07-04 13:05:00	1002223.8	952112.7	1052335.0	335745.0	333740.5	332738.3	300667.2	1052335.0	400.50	83518.7
2026-07-04 13:10:00	999160.8	949202.8	1049118.9	334718.9	332720.6	331721.4	299748.3	1049118.9	400.50	83263.4
2026-07-04 13:15:00	990405.8	940885.5	1039926.1	331785.9	329805.1	328814.7	297121.7	1039926.1	400.50	82533.8
2026-07-04 13:20:00	993952.6	944255.0	1043650.2	332974.1	330986.2	329992.3	298185.8	1043650.2	400.50	82829.4
2026-07-04 13:25:00	992354.2	942736.5	1041971.9	332438.7	330454.0	329461.6	297706.3	1041971.9	400.50	82696.2
2026-07-04 13:30:00	983462.0	934288.9	1032635.1	329459.8	327492.9	326509.4	295038.6	1032635.1	400.50	81955.2
2026-07-04 13:35:00	981720.5	932634.4	1030806.5	328876.4	326912.9	325931.2	294516.1	1030806.5	400.50	81810.0
2026-07-04 13:40:00	977417.0	928546.1	1026287.8	327434.7	325479.9	324502.4	293225.1	1026287.8	400.50	81451.4
2026-07-04 13:45:00	975669.1	926885.6	1024452.5	326849.1	324897.8	323922.1	292700.7	1024452.5	400.50	81305.8
2026-07-04 13:50:00	963876.7	915682.9	1012070.6	322898.7	320971.0	320007.1	289163.0	1012070.6	400.50	80323.1
2026-07-04 13:55:00	956703.3	908868.1	1004538.5	320495.6	318582.2	317625.5	287011.0	1004538.5	400.50	79725.3
2026-07-04 14:00:00	949202.8	901742.7	996663.0	317983.0	316084.5	315135.3	284760.9	996663.0	400.50	79100.2
2026-07-04 14:05:00	957197.7	909337.8	1005057.6	320661.2	318746.8	317789.6	287159.3	1005057.6	400.50	79766.5
2026-07-04 14:10:00	947228.3	899866.9	994589.7	317321.5	315427.0	314479.8	284168.5	994589.7	400.50	78935.7
2026-07-04 14:15:00	942614.0	895483.3	989744.7	315775.7	313890.5	312947.9	282784.2	989744.7	400.50	78551.2
2026-07-04 14:20:00	933688.2	887003.8	980372.7	312785.6	310918.2	309984.5	280106.5	980372.7	400.50	77807.4
2026-07-04 14:25:00	933370.5	886702.0	980039.0	312679.1	310812.4	309879.0	280011.2	980039.0	400.50	77780.9
2026-07-04 14:30:00	930474.0	883950.3	976997.6	311708.8	309847.8	308917.4	279142.2	976997.6	400.50	77539.5
2026-07-04 14:35:00	916010.9	870210.4	961811.5	306863.7	305031.6	304115.6	274803.3	961811.5	400.50	76334.2
2026-07-04 14:40:00	923795.5	877605.7	969985.2	309471.5	307623.9	306700.1	277138.6	969985.2	400.50	76983.0
2026-07-04 14:45:00	909402.7	863932.6	954872.8	304649.9	302831.1	301921.7	272820.8	954872.8	400.50	75783.6
2026-07-04 14:50:00	905879.0	860585.0	951172.9	303469.5	301657.7	300751.8	271763.7	951172.9	400.50	75489.9
2026-07-04 14:55:00	905968.0	860669.6	951266.4	303499.3	301687.4	300781.4	271790.4	951266.4	400.50	75497.3
2026-07-04 15:00:00	897367.0	852498.7	942235.4	300618.0	298823.2	297925.9	269210.1	942235.4	400.50	74780.6
2026-07-04 15:05:00	884301.6	840086.5	928516.6	296241.0	294472.4	293588.1	265290.5	928516.6	400.50	73691.8
2026-07-04 15:10:00	892618.0	847987.1	937248.9	299027.0	297241.8	296349.2	267785.4	937248.9	400.50	74384.8
2026-07-04 15:15:00	882297.0	838182.1	926411.8	295569.5	293804.9	292922.6	264689.1	926411.8	400.50	73524.7
2026-07-04 15:20:00	886778.9	842440.0	931117.9	297070.9	295297.4	294410.6	266033.7	931117.9	400.50	73898.2
2026-07-04 15:25:00	878005.7	834105.4	921906.0	294131.9	292375.9	291497.9	263401.7	921906.0	400.50	73167.1
2026-07-04 15:30:00	874166.0	830457.7	917874.3	292845.6	291097.3	290223.1	262249.8	917874.3	400.50	72847.2
2026-07-04 15:35:00	855182.7	812423.6	897941.9	286486.2	284775.9	283920.7	256554.8	897941.9	400.50	71265.2
2026-07-04 15:40:00	867942.6	824545.5	911339.7	290760.8	289024.9	288156.9	260382.8	911339.7	400.50	72328.5
2026-07-04 15:45:00	853942.8	811245.7	896639.9	286070.8	284363.0	283509.0	256182.8	896639.9	400.50	71161.9
2026-07-04 15:50:00	845267.3	803004.0	887530.7	283164.6	281474.0	280628.8	253580.2	887530.7	400.50	70438.9
2026-07-04 15:55:00	839759.5	797771.5	881747.5	281319.4	279639.9	278800.2	251927.9	881747.5	400.50	69980.0
2026-07-04 16:00:00	834198.4	792488.5	875908.4	279456.5	277788.1	276953.9	250259.5	875908.4	400.50	69516.5
2026-07-04 16:05:00	831541.2	789964.1	873118.3	278566.3	276903.2	276071.7	249462.4	873118.3	400.50	69295.1
2026-07-04 16:10:00	844110.9	801905.4	886316.4	282777.2	281088.9	280244.8	253233.3	886316.4	400.50	70342.6
2026-07-04 16:15:00	837901.2	796006.2	879796.3	280696.9	279021.1	278183.2	251370.4	879796.3	400.50	69825.1
2026-07-04 16:20:00	826905.9	785560.6	868251.2	277013.5	275359.7	274532.7	248071.8	868251.2	400.50	68908.8
2026-07-04 16:25:00	832324.3	790708.1	873940.6	278828.7	277164.0	276331.7	249697.3	873940.6	400.50	69360.4
2026-07-04 16:30:00	814202.1	773492.0	854912.2	272757.7	271129.3	270315.1	244260.6	854912.2	400.50	67850.2
2026-07-04 16:35:00	822379.7	781260.7	863498.7	275497.2	273852.4	273030.1	246713.9	863498.7	400.50	68531.6
2026-07-04 16:40:00	815681.4	774897.3	856465.5	273253.3	271621.9	270806.2	244704.4	856465.5	400.50	67973.5
2026-07-04 16:45:00	801879.7	761785.7	841973.7	268629.7	267025.9	266224.1	240563.9	841973.7	400.50	66823.3
2026-07-04 16:50:00	805916.3	765620.5	846212.1	269982.0	268370.1	267564.2	241774.9	846212.1	400.50	67159.7
2026-07-04 16:55:00	805961.2	765663.1	846259.2	269997.0	268385.1	267579.1	241788.3	846259.2	400.50	67163.4
2026-07-04 17:00:00	802051.8	761949.2	842154.4	268687.4	267083.3	266281.2	240615.6	842154.4	400.50	66837.7
2026-07-04 17:05:00	789371.5	749902.9	828840.1	264439.5	262860.7	262071.3	236811.5	828840.1	400.50	65781.0
2026-07-04 17:10:00	798862.7	758919.5	838805.8	267619.0	266021.3	265222.4	239658.8	838805.8	400.50	66571.9
2026-07-04 17:15:00	787826.7	748435.4	827218.1	263922.0	262346.3	261558.5	236348.0	827218.1	400.50	65652.2
2026-07-04 17:20:00	789111.8	749656.2	828567.4	264352.4	262774.2	261985.1	236733.5	828567.4	400.50	65759.3
2026-07-04 17:25:00	770219.5	731708.6	808730.5	258023.5	256483.1	255712.9	231065.9	808730.5	400.50	64185.0
2026-07-04 17:30:00	771665.6	733082.3	810248.9	258508.0	256964.6	256193.0	231499.7	810248.9	400.50	64305.5
2026-07-04 17:35:00	773225.8	734564.5	811887.1	259030.7	257484.2	256711.0	231967.7	811887.1	400.50	64435.5
2026-07-04 17:40:00	776388.2	737568.8	815207.6	260090.0	258537.3	257760.9	232916.5	815207.6	400.50	64699.0
2026-07-04 17:45:00	765767.9	727479.5	804056.3	256532.2	255000.7	254234.9	229730.4	804056.3	400.50	63814.0
2026-07-04 17:50:00	758929.4	720982.9	796875.8	254241.3	252723.5	251964.5	227678.8	796875.8	400.50	63244.1
2026-07-04 17:55:00	753243.3	715581.2	790905.5	252336.5	250830.0	250076.8	225973.0	790905.5	400.50	62770.3
2026-07-04 18:00:00	762345.1	724227.9	800462.4	255385.6	253860.9	253098.6	228703.5	800462.4	400.50	63528.8
2026-07-04 18:05:00	762013.1	723912.4	800113.8	255274.4	253750.4	252988.3	228603.9	800113.8	400.50	63501.1
2026-07-04 18:10:00	752414.4	714793.7	790035.1	252058.8	250554.0	249801.6	225724.3	790035.1	400.50	62701.2
2026-07-04 18:15:00	751963.8	714365.6	789562.0	251907.9	250403.9	249652.0	225589.1	789562.0	400.50	62663.6
2026-07-04 18:20:00	740130.1	703123.6	777136.6	247943.6	246463.3	245723.2	222039.0	777136.6	400.50	61677.5
2026-07-04 18:25:00	751064.4	713511.2	788617.6	251606.6	250104.4	249353.4	225319.3	788617.6	400.50	62588.7
2026-07-04 18:30:00	740568.8	703540.4	777597.3	248090.6	246609.4	245868.9	222170.7	777597.3	400.50	61714.1
2026-07-04 18:35:00	737076.5	700222.7	773930.3	246920.6	245446.5	244709.4	221122.9	773930.3	400.50	61423.0
2026-07-04 18:40:00	735798.5	699008.6	772588.4	246492.5	245020.9	244285.1	220739.5	772588.4	400.50	61316.5
2026-07-04 18:45:00	733617.6	696936.8	770298.5	245761.9	244294.7	243561.1	220085.3	770298.5	400.50	61134.8
2026-07-04 18:50:00	731634.5	695052.8	768216.2	245097.6	243634.3	242902.7	219490.3	768216.2	400.50	60969.5
2026-07-04 18:55:00	729163.0	692704.8	765621.1	244269.6	242811.3	242082.1	218748.9	765621.1	400.50	60763.6
2026-07-04 19:00:00	728814.5	692373.8	765255.3	244152.9	242695.2	241966.4	218644.4	765255.3	400.50	60734.5
2026-07-04 19:05:00	729610.2	693129.7	766090.7	244419.4	242960.2	242230.6	218883.1	766090.7	400.50	60800.9
2026-07-04 19:10:00	734615.3	697884.5	771346.0	246096.1	244626.9	243892.3	220384.6	771346.0	400.50	61217.9
2026-07-04 19:15:00	724057.8	687854.9	760260.7	242559.4	241111.3	240387.2	217217.4	760260.7	400.50	60338.2
2026-07-04 19:20:00	720959.1	684911.1	757007.0	241521.3	240079.4	239358.4	216287.7	757007.0	400.50	60079.9
2026-07-04 19:25:00	717254.9	681392.1	753117.6	240280.4	238845.9	238128.6	215176.5	753117.6	400.50	59771.2
2026-07-04 19:30:00	729750.7	693263.1	766238.2	244466.5	243007.0	242277.2	218925.2	766238.2	400.50	60812.6
2026-07-04 19:35:00	720394.7	684374.9	756414.4	241332.2	239891.4	239171.0	216118.4	756414.4	400.50	60032.9
2026-07-04 19:40:00	728289.2	691874.7	764703.6	243976.9	242520.3	241792.0	218486.8	764703.6	400.50	60690.8
2026-07-04 19:45:00	725723.7	689437.5	762009.9	243117.4	241666.0	240940.3	217717.1	762009.9	400.50	60477.0
2026-07-04 19:50:00	707199.5	671839.5	742559.5	236911.8	235497.4	234790.2	212159.9	742559.5	400.50	58933.3
2026-07-04 19:55:00	716664.3	680831.1	752497.5	240082.5	238649.2	237932.6	214999.3	752497.5	400.50	59722.0
2026-07-04 20:00:00	723624.0	687442.8	759805.2	242414.1	240966.8	240243.2	217087.2	759805.2	400.50	60302.0
2026-07-04 20:05:00	710557.5	675029.6	746085.4	238036.8	236615.7	235905.1	213167.3	746085.4	400.50	59213.1
2026-07-04 20:10:00	712613.5	676982.8	748244.2	238725.5	237300.3	236587.7	213784.0	748244.2	400.50	59384.5
2026-07-04 20:15:00	719011.3	683060.8	754961.9	240868.8	239430.8	238711.8	215703.4	754961.9	400.50	59917.6
2026-07-04 20:20:00	721082.0	685027.9	757136.1	241562.5	240120.3	239399.2	216324.6	757136.1	400.50	60090.2
2026-07-04 20:25:00	704479.8	669255.8	739703.8	236000.7	234591.8	233887.3	211343.9	739703.8	400.50	58706.7
2026-07-04 20:30:00	705366.8	670098.5	740635.2	236297.9	234887.2	234181.8	211610.1	740635.2	400.50	58780.6
2026-07-04 20:35:00	720010.6	684010.1	756011.2	241203.6	239763.5	239043.5	216003.2	756011.2	400.50	60000.9
2026-07-04 20:40:00	705755.9	670468.1	741043.7	236428.2	235016.7	234311.0	211726.8	741043.7	400.50	58813.0
2026-07-04 20:45:00	702378.0	667259.1	737496.9	235296.6	233891.9	233189.5	210713.4	737496.9	400.50	58531.5
2026-07-04 20:50:00	713888.5	678194.1	749583.0	239152.7	237724.9	237011.0	214166.6	749583.0	400.50	59490.7
2026-07-04 20:55:00	704006.6	668806.3	739206.9	235842.2	234434.2	233730.2	211202.0	739206.9	400.50	58667.2
2026-07-04 21:00:00	714846.8	679104.4	750589.1	239473.7	238044.0	237329.1	214454.0	750589.1	400.50	59570.6
2026-07-04 21:05:00	703702.7	668517.6	738887.8	235740.4	234333.0	233629.3	211110.8	738887.8	400.50	58641.9
2026-07-04 21:10:00	703393.9	668224.2	738563.6	235637.0	234230.2	233526.8	211018.2	738563.6	400.50	58616.2
2026-07-04 21:15:00	716134.9	680328.2	751941.7	239905.2	238472.9	237756.8	214840.5	751941.7	400.50	59677.9
2026-07-04 21:20:00	704623.9	669392.7	739855.1	236049.0	234639.8	233935.1	211387.2	739855.1	400.50	58718.7
2026-07-04 21:25:00	702823.5	667682.3	737964.7	235445.9	234040.2	233337.4	210847.1	737964.7	400.50	58568.6
2026-07-04 21:30:00	718630.8	682699.3	754562.4	240741.3	239304.1	238585.4	215589.3	754562.4	400.50	59885.9
2026-07-04 21:35:00	716935.3	681088.5	752782.1	240173.3	238739.5	238022.5	215080.6	752782.1	400.50	59744.6
2026-07-04 21:40:00	710279.1	674765.1	745793.0	237943.5	236522.9	235812.7	213083.7	745793.0	400.50	59189.9
2026-07-04 21:45:00	711306.5	675741.1	746871.8	238287.7	236865.0	236153.7	213391.9	746871.8	400.50	59275.5
2026-07-04 21:50:00	709208.5	673748.1	744668.9	237584.8	236166.4	235457.2	212762.5	744668.9	400.50	59100.7
2026-07-04 21:55:00	711975.5	676376.8	747574.3	238511.8	237087.9	236375.9	213592.7	747574.3	400.50	59331.3
2026-07-04 22:00:00	707811.1	672420.6	743201.7	237116.7	235701.1	234993.3	212343.3	743201.7	400.50	58984.3
2026-07-04 22:05:00	711026.8	675475.5	746578.2	238194.0	236771.9	236060.9	213308.0	746578.2	400.50	59252.2
2026-07-04 22:10:00	723963.4	687765.2	760161.6	242527.7	241079.8	240355.9	217189.0	760161.6	400.50	60330.3
2026-07-04 22:15:00	717796.1	681906.3	753685.9	240461.7	239026.1	238308.3	215338.8	753685.9	400.50	59816.3
2026-07-04 22:20:00	722620.9	686489.8	758751.9	242078.0	240632.7	239910.1	216786.3	758751.9	400.50	60218.4
2026-07-04 22:25:00	728236.3	691824.4	764648.1	243959.1	242502.7	241774.4	218470.9	764648.1	400.50	60686.4
2026-07-04 22:30:00	716956.0	681108.2	752803.8	240180.3	238746.4	238029.4	215086.8	752803.8	400.50	59746.3
2026-07-04 22:35:00	729067.1	692613.8	765520.5	244237.5	242779.4	242050.3	218720.1	765520.5	400.50	60755.6
2026-07-04 22:40:00	722219.3	686108.3	758330.2	241943.4	240499.0	239776.8	216665.8	758330.2	400.50	60184.9
2026-07-04 22:45:00	731294.2	694729.5	767859.0	244983.6	243521.0	242789.7	219388.3	767859.0	400.50	60941.2
2026-07-04 22:50:00	736722.7	699886.5	773558.8	246802.1	245328.6	244591.9	221016.8	773558.8	400.50	61393.6
2026-07-04 22:55:00	729016.7	692565.9	765467.6	244220.6	242762.6	242033.6	218705.0	765467.6	400.50	60751.4
2026-07-04 23:00:00	730855.8	694313.0	767398.6	244836.7	243375.0	242644.1	219256.7	767398.6	400.50	60904.7
2026-07-04 23:05:00	741801.2	704711.1	778891.3	248503.4	247019.8	246278.0	222540.4	778891.3	400.50	61816.8
2026-07-04 23:10:00	742033.0	704931.3	779134.6	248581.0	247097.0	246354.9	222609.9	779134.6	400.50	61836.1
2026-07-04 23:15:00	735354.1	698586.4	772121.9	246343.6	244872.9	244137.6	220606.2	772121.9	400.50	61279.5
2026-07-04 23:20:00	743699.8	706514.8	780884.8	249139.4	247652.0	246908.3	223109.9	780884.8	400.50	61975.0
2026-07-04 23:25:00	753496.2	715821.4	791171.0	252421.2	250914.2	250160.7	226048.9	791171.0	400.50	62791.3
2026-07-04 23:30:00	750381.9	712862.8	787901.0	251377.9	249877.2	249126.8	225114.6	787901.0	400.50	62531.8
2026-07-04 23:35:00	746339.9	709022.9	783656.9	250023.9	248531.2	247784.8	223902.0	783656.9	400.50	62195.0
2026-07-04 23:40:00	754327.3	716610.9	792043.6	252699.6	251191.0	250436.7	226298.2	792043.6	400.50	62860.6
2026-07-04 23:45:00	758732.0	720795.4	796668.6	254175.2	252657.8	251899.0	227619.6	796668.6	400.50	63227.7
2026-07-04 23:50:00	757059.4	719206.4	794912.4	253614.9	252100.8	251343.7	227117.8	794912.4	400.50	63088.3
2026-07-04 23:55:00	763622.9	725441.8	801804.1	255813.7	254286.4	253522.8	229086.9	801804.1	400.50	63635.2
2026-07-05 00:00:00	766191.4	727881.8	804500.9	256674.1	255141.7	254375.5	229857.4	804500.9	400.50	63849.3
2026-07-05 00:05:00	762968.0	724819.6	801116.4	255594.3	254068.4	253305.4	228890.4	801116.4	400.50	63580.7
2026-07-05 00:10:00	764786.6	726547.2	803025.9	256203.5	254673.9	253909.1	229436.0	803025.9	400.50	63732.2
2026-07-05 00:15:00	774022.5	735321.4	812723.6	259297.5	257749.5	256975.5	232206.8	812723.6	400.50	64501.9
2026-07-05 00:20:00	769675.1	731191.3	808158.8	257841.1	256301.8	255532.1	230902.5	808158.8	400.50	64139.6
2026-07-05 00:25:00	771976.1	733377.3	810574.9	258612.0	257068.0	256296.1	231592.8	810574.9	400.50	64331.3
2026-07-05 00:30:00	787694.9	748310.1	827079.6	263877.8	262302.4	261514.7	236308.5	827079.6	400.50	65641.2
2026-07-05 00:35:00	794631.0	754899.4	834362.5	266201.4	264612.1	263817.5	238389.3	834362.5	400.50	66219.2
2026-07-05 00:40:00	783657.7	744474.8	822840.6	262525.3	260958.0	260174.4	235097.3	822840.6	400.50	65304.8
2026-07-05 00:45:00	791870.9	752277.4	831464.4	265276.8	263693.0	262901.1	237561.3	831464.4	400.50	65989.2
2026-07-05 00:50:00	805479.2	765205.3	845753.2	269835.5	268224.6	267419.1	241643.8	845753.2	400.50	67123.3
2026-07-05 00:55:00	807695.1	767310.3	848079.8	270577.8	268962.5	268154.8	242308.5	848079.8	400.50	67307.9
2026-07-05 01:00:00	809958.2	769460.3	850456.1	271336.0	269716.1	268906.1	242987.5	850456.1	400.50	67496.5
2026-07-05 01:05:00	804155.5	763947.7	844363.3	269392.1	267783.8	266979.6	241246.7	844363.3	400.50	67013.0
2026-07-05 01:10:00	819594.1	778614.3	860573.8	274564.0	272924.8	272105.2	245878.2	860573.8	400.50	68299.5
2026-07-05 01:15:00	808994.1	768544.4	849443.8	271013.0	269395.0	268586.0	242698.2	849443.8	400.50	67416.2
2026-07-05 01:20:00	818581.5	777652.4	859510.6	274224.8	272587.6	271769.1	245574.5	859510.6	400.50	68215.1
2026-07-05 01:25:00	819448.6	778476.1	860421.0	274515.3	272876.4	272056.9	245834.6	860421.0	400.50	68287.4
2026-07-05 01:30:00	836213.7	794403.0	878024.4	280131.6	278459.2	277623.0	250864.1	878024.4	400.50	69684.5
2026-07-05 01:35:00	834002.3	792302.2	875702.4	279390.8	277722.8	276888.8	250200.7	875702.4	400.50	69500.2
2026-07-05 01:40:00	833875.3	792181.6	875569.1	279348.2	277680.5	276846.6	250162.6	875569.1	400.50	69489.6
2026-07-05 01:45:00	834589.6	792860.1	876319.0	279587.5	277918.3	277083.7	250376.9	876319.0	400.50	69549.1
2026-07-05 01:50:00	853877.4	811183.6	896571.3	286048.9	284341.2	283487.3	256163.2	896571.3	400.50	71156.5
2026-07-05 01:55:00	855124.9	812368.7	897881.1	286466.8	284756.6	283901.5	256537.5	897881.1	400.50	71260.4
2026-07-05 02:00:00	856415.9	813595.1	899236.7	286899.3	285186.5	284330.1	256924.8	899236.7	400.50	71368.0
2026-07-05 02:05:00	858362.9	815444.7	901281.0	287551.6	285834.8	284976.5	257508.9	901281.0	400.50	71530.2
2026-07-05 02:10:00	855597.0	812817.1	898376.8	286625.0	284913.8	284058.2	256679.1	898376.8	400.50	71299.7
2026-07-05 02:15:00	873040.1	829388.1	916692.1	292468.4	290722.4	289849.3	261912.0	916692.1	400.50	72753.3
2026-07-05 02:20:00	862171.4	819062.8	905279.9	288827.4	287103.1	286240.9	258651.4	905279.9	400.50	71847.6
2026-07-05 02:25:00	876190.1	832380.6	919999.6	293523.7	291771.3	290895.1	262857.0	919999.6	400.50	73015.8
2026-07-05 02:30:00	888482.3	844058.2	932906.4	297641.6	295864.6	294976.1	266544.7	932906.4	400.50	74040.2
2026-07-05 02:35:00	874584.3	830855.1	918313.5	292985.7	291236.6	290362.0	262375.3	918313.5	400.50	72882.0
2026-07-05 02:40:00	894824.8	850083.6	939566.1	299766.3	297976.7	297081.8	268447.5	939566.1	400.50	74568.7
2026-07-05 02:45:00	887921.2	843525.1	932317.2	297453.6	295677.7	294789.8	266376.3	932317.2	400.50	73993.4
2026-07-05 02:50:00	904882.2	859638.1	950126.3	303135.5	301325.8	300420.9	271464.7	950126.3	400.50	75406.8
2026-07-05 02:55:00	899912.4	854916.8	944908.0	301470.7	299670.8	298770.9	269973.7	944908.0	400.50	74992.7
2026-07-05 03:00:00	907614.6	862233.9	952995.3	304050.9	302235.7	301328.0	272284.4	952995.3	400.50	75634.6
2026-07-05 03:05:00	915495.3	869720.5	961270.1	306690.9	304859.9	303944.4	274648.6	961270.1	400.50	76291.3
2026-07-05 03:10:00	919366.9	873398.5	965335.2	307987.9	306149.2	305229.8	275810.1	965335.2	400.50	76613.9
2026-07-05 03:15:00	911583.7	866004.5	957162.9	305380.5	303557.4	302645.8	273475.1	957162.9	400.50	75965.3
2026-07-05 03:20:00	923269.8	877106.3	969433.3	309295.4	307448.8	306525.6	276980.9	969433.3	400.50	76939.2
2026-07-05 03:25:00	938050.1	891147.6	984952.7	314246.8	312370.7	311432.6	281415.0	984952.7	400.50	78170.8
2026-07-05 03:30:00	941106.7	894051.4	988162.1	315270.8	313388.5	312447.4	282332.0	988162.1	400.50	78425.6
2026-07-05 03:35:00	933199.9	886539.9	979859.9	312622.0	310755.6	309822.4	279960.0	979859.9	400.50	77766.7
2026-07-05 03:40:00	950387.1	902867.7	997906.4	318379.7	316478.9	315528.5	285116.1	997906.4	400.50	79198.9
2026-07-05 03:45:00	949222.9	901761.8	996684.1	317989.7	316091.2	315142.0	284766.9	996684.1	400.50	79101.9
2026-07-05 03:50:00	958660.2	910727.2	1006593.2	321151.2	319233.8	318275.2	287598.1	1006593.2	400.50	79888.4
2026-07-05 03:55:00	957176.9	909318.1	1005035.7	320654.3	318739.9	317782.7	287153.1	1005035.7	400.50	79764.7
2026-07-05 04:00:00	965651.5	917369.0	1013934.1	323493.3	321562.0	320596.3	289695.5	1013934.1	400.50	80471.0
2026-07-05 04:05:00	967228.9	918867.5	1015590.4	324021.7	322087.2	321120.0	290168.7	1015590.4	400.50	80602.4
2026-07-05 04:10:00	973846.5	925154.1	1022538.8	326238.6	324290.9	323317.0	292153.9	1022538.8	400.50	81153.9
2026-07-05 04:15:00	988442.3	939020.2	1037864.5	331128.2	329151.3	328162.9	296532.7	1037864.5	400.50	82370.2
2026-07-05 04:20:00	982594.3	933464.5	1031724.0	329169.1	327203.9	326221.3	294778.3	1031724.0	400.50	81882.9
2026-07-05 04:25:00	984145.1	934937.9	1033352.4	329688.6	327720.3	326736.2	295243.5	1033352.4	400.50	82012.1
2026-07-05 04:30:00	991726.4	942140.1	1041312.7	332228.4	330244.9	329253.2	297517.9	1041312.7	400.50	82643.9
2026-07-05 04:35:00	996396.4	946576.6	1046216.2	333792.8	331800.0	330803.6	298918.9	1046216.2	400.50	83033.0
2026-07-05 04:40:00	1014083.7	963379.5	1064787.9	339718.0	337689.9	336675.8	304225.1	1064787.9	400.50	84507.0
2026-07-05 04:45:00	1005330.9	955064.4	1055597.5	336785.9	334775.2	333769.9	301599.3	1055597.5	400.50	83777.6
2026-07-05 04:50:00	1010636.4	960104.6	1061168.2	338563.2	336541.9	335531.3	303190.9	1061168.2	400.50	84219.7
2026-07-05 04:55:00	1026791.8	975452.2	1078131.4	343975.3	341921.7	340894.9	308037.5	1078131.4	400.50	85566.0
2026-07-05 05:00:00	1026799.4	975459.5	1078139.4	343977.8	341924.2	340897.4	308039.8	1078139.4	400.50	85566.6
2026-07-05 05:05:00	1040030.5	988028.9	1092032.0	348410.2	346330.1	345290.1	312009.1	1092032.0	400.50	86669.2
2026-07-05 05:10:00	1033492.4	981817.8	1085167.0	346219.9	344153.0	343119.5	310047.7	1085167.0	400.50	86124.4
2026-07-05 05:15:00	1044456.1	992233.3	1096678.9	349892.8	347803.9	346759.4	313336.8	1096678.9	400.50	87038.0
2026-07-05 05:20:00	1048331.4	995914.8	1100748.0	351191.0	349094.4	348046.0	314499.4	1100748.0	400.50	87360.9
2026-07-05 05:25:00	1050573.8	998045.1	1103102.5	351942.2	349841.1	348790.5	315172.1	1103102.5	400.50	87547.8
2026-07-05 05:30:00	1060424.2	1007403.0	1113445.4	355242.1	353121.3	352060.8	318127.3	1113445.4	400.50	88368.7
2026-07-05 05:35:00	1056785.4	1003946.1	1109624.6	354023.1	351909.5	350852.7	317035.6	1109624.6	400.50	88065.4
2026-07-05 05:40:00	1063776.8	1010587.9	1116965.6	356365.2	354237.7	353173.9	319133.0	1116965.6	400.50	88648.1
2026-07-05 05:45:00	1071242.6	1017680.5	1124804.8	358866.3	356723.8	355652.6	321372.8	1124804.8	400.50	89270.2
2026-07-05 05:50:00	1070793.4	1017253.7	1124333.1	358715.8	356574.2	355503.4	321238.0	1124333.1	400.50	89232.8
2026-07-05 05:55:00	1071799.9	1018209.9	1125389.9	359053.0	356909.4	355837.6	321540.0	1125389.9	400.50	89316.7
2026-07-05 06:00:00	1088266.0	1033852.7	1142679.3	364569.1	362392.6	361304.3	326479.8	1142679.3	400.50	90688.8
2026-07-05 06:05:00	1087796.9	1033407.1	1142186.8	364412.0	362236.4	361148.6	326339.1	1142186.8	400.50	90649.7
2026-07-05 06:10:00	1095251.1	1040488.5	1150013.6	366909.1	364718.6	363623.4	328575.3	1150013.6	400.50	91270.9
2026-07-05 06:15:00	1100829.8	1045788.3	1155871.2	368778.0	366576.3	365475.5	330248.9	1155871.2	400.50	91735.8
2026-07-05 06:20:00	1110455.7	1054932.9	1165978.5	372002.7	369781.7	368671.3	333136.7	1165978.5	400.50	92538.0
2026-07-05 06:25:00	1112881.2	1057237.1	1168525.2	372815.2	370589.4	369476.5	333864.3	1168525.2	400.50	92740.1
2026-07-05 06:30:00	1118251.2	1062338.6	1174163.8	374614.2	372377.6	371259.4	335475.4	1174163.8	400.50	93187.6
2026-07-05 06:35:00	1121378.4	1065309.5	1177447.4	375661.8	373419.0	372297.6	336413.5	1177447.4	400.50	93448.2
2026-07-05 06:40:00	1112863.7	1057220.5	1168506.9	372809.3	370583.6	369470.8	333859.1	1168506.9	400.50	92738.6
2026-07-05 06:45:00	1134032.5	1077330.9	1190734.1	379900.9	377632.8	376498.8	340209.7	1190734.1	400.50	94502.7
2026-07-05 06:50:00	1125723.1	1069437.0	1182009.3	377117.3	374865.8	373740.1	337716.9	1182009.3	400.50	93810.3
2026-07-05 06:55:00	1132926.4	1076280.1	1189572.7	379530.3	377264.5	376131.6	339877.9	1189572.7	400.50	94410.5
2026-07-05 07:00:00	1141869.7	1084776.2	1198963.2	382526.4	380242.6	379100.7	342560.9	1198963.2	400.50	95155.8
2026-07-05 07:05:00	1137395.1	1080525.3	1194264.8	381027.4	378752.6	377615.2	341218.5	1194264.8	400.50	94782.9
2026-07-05 07:10:00	1156828.4	1098986.9	1214669.8	387537.5	385223.8	384067.0	347048.5	1214669.8	400.50	96402.4
2026-07-05 07:15:00	1146744.4	1089407.1	1204081.6	384159.4	381865.9	380719.1	344023.3	1204081.6	400.50	95562.0
2026-07-05 07:20:00	1167224.1	1108862.9	1225585.3	391020.1	388685.6	387518.4	350167.2	1225585.3	400.50	97268.7
2026-07-05 07:25:00	1155297.6	1097532.7	1213062.5	387024.7	384714.1	383558.8	346589.3	1213062.5	400.50	96274.8
2026-07-05 07:30:00	1164310.8	1106095.3	1222526.4	390044.1	387715.5	386551.2	349293.2	1222526.4	400.50	97025.9
2026-07-05 07:35:00	1170209.5	1111699.0	1228720.0	392020.2	389679.8	388509.6	351062.9	1228720.0	400.50	97517.5
2026-07-05 07:40:00	1180311.9	1121296.3	1239327.5	395404.5	393043.9	391863.5	354093.6	1239327.5	400.50	98359.3
2026-07-05 07:45:00	1179514.9	1120539.1	1238490.6	395137.5	392778.4	391598.9	353854.5	1238490.6	400.50	98292.9
2026-07-05 07:50:00	1189690.0	1130205.5	1249174.5	398546.2	396166.8	394977.1	356907.0	1249174.5	400.50	99140.8
2026-07-05 07:55:00	1191178.4	1131619.4	1250737.3	399044.8	396662.4	395471.2	357353.5	1250737.3	400.50	99264.9
2026-07-05 08:00:00	1190676.0	1131142.2	1250209.8	398876.5	396495.1	395304.4	357202.8	1250209.8	400.50	99223.0
2026-07-05 08:05:00	1202102.0	1141996.9	1262207.1	402704.2	400300.0	399097.9	360630.6	1262207.1	400.50	100175.2
2026-07-05 08:10:00	1199467.0	1139493.6	1259440.3	401821.4	399422.5	398223.0	359840.1	1259440.3	400.50	99955.6
2026-07-05 08:15:00	1199813.9	1139823.2	1259804.6	401937.7	399538.0	398338.2	359944.2	1259804.6	400.50	99984.5
2026-07-05 08:20:00	1210749.4	1150211.9	1271286.9	405601.1	403179.6	401968.8	363224.8	1271286.9	400.50	100895.8
2026-07-05 08:25:00	1203046.0	1142893.7	1263198.3	403020.4	400614.3	399411.3	360913.8	1263198.3	400.50	100253.8
2026-07-05 08:30:00	1222438.2	1161316.3	1283560.1	409516.8	407071.9	405849.5	366731.5	1283560.1	400.50	101869.8
2026-07-05 08:35:00	1215796.9	1155007.1	1276586.8	407292.0	404860.4	403644.6	364739.1	1276586.8	400.50	101316.4
2026-07-05 08:40:00	1229722.4	1168236.3	1291208.5	411957.0	409497.6	408267.8	368916.7	1291208.5	400.50	102476.9
2026-07-05 08:45:00	1229547.0	1168069.7	1291024.4	411898.3	409439.2	408209.6	368864.1	1291024.4	400.50	102462.3
2026-07-05 08:50:00	1237920.4	1176024.4	1299816.4	414703.3	412227.5	410989.6	371376.1	1299816.4	400.50	103160.0
2026-07-05 08:55:00	1233456.5	1171783.7	1295129.3	413207.9	410741.0	409507.6	370036.9	1295129.3	400.50	102788.0
2026-07-05 09:00:00	1243358.2	1181190.3	1305526.1	416525.0	414038.3	412794.9	373007.5	1305526.1	400.50	103613.2
2026-07-05 09:05:00	1243366.2	1181197.9	1305534.5	416527.7	414040.9	412797.6	373009.9	1305534.5	400.50	103613.8
2026-07-05 09:10:00	1238627.2	1176695.8	1300558.5	414940.1	412462.8	411224.2	371588.1	1300558.5	400.50	103218.9
2026-07-05 09:15:00	1252879.3	1190235.4	1315523.3	419714.6	417208.8	415955.9	375863.8	1315523.3	400.50	104406.6
2026-07-05 09:20:00	1253083.7	1190429.5	1315737.9	419783.0	417276.9	416023.8	375925.1	1315737.9	400.50	104423.6
2026-07-05 09:25:00	1245366.0	1183097.7	1307634.3	417197.6	414706.9	413461.5	373609.8	1307634.3	400.50	103780.5
2026-07-05 09:30:00	1244189.7	1181980.2	1306399.2	416803.5	414315.2	413071.0	373256.9	1306399.2	400.50	103682.5
2026-07-05 09:35:00	1256549.0	1193721.6	1319376.5	420943.9	418430.8	417174.3	376964.7	1319376.5	400.50	104712.4
2026-07-05 09:40:00	1255218.7	1192457.7	1317979.6	420498.2	417987.8	416732.6	376565.6	1317979.6	400.50	104601.6
2026-07-05 09:45:00	1264491.8	1201267.2	1327716.4	423604.8	421075.8	419811.3	379347.5	1327716.4	400.50	105374.3
2026-07-05 09:50:00	1269346.0	1205878.7	1332813.3	425230.9	422692.2	421422.9	380803.8	1332813.3	400.50	105778.8
2026-07-05 09:55:00	1267101.6	1203746.5	1330456.6	424479.0	421944.8	420677.7	380130.5	1330456.6	400.50	105591.8
2026-07-05 10:00:00	1261268.9	1198205.4	1324332.3	422525.1	420002.5	418741.3	378380.7	1324332.3	400.50	105105.7
2026-07-05 10:05:00	1265042.2	1201790.1	1328294.3	423789.1	421259.0	419994.0	379512.6	1328294.3	400.50	105420.2
2026-07-05 10:10:00	1278162.7	1214254.6	1342070.9	428184.5	425628.2	424350.0	383448.8	1342070.9	400.50	106513.6
2026-07-05 10:15:00	1268328.8	1204912.3	1331745.2	424890.1	422353.5	421085.2	380498.6	1331745.2	400.50	105694.1
2026-07-05 10:20:00	1284866.8	1220623.5	1349110.2	430430.4	427860.7	426575.8	385460.1	1349110.2	400.50	107072.2
2026-07-05 10:25:00	1272416.5	1208795.6	1336037.3	426259.5	423714.7	422442.3	381724.9	1336037.3	400.50	106034.7
2026-07-05 10:30:00	1281345.8	1217278.5	1345413.1	429250.9	426688.2	425406.8	384403.7	1345413.1	400.50	106778.8
2026-07-05 10:35:00	1288232.6	1223821.0	1352644.2	431557.9	428981.5	427693.2	386469.8	1352644.2	400.50	107352.7
2026-07-05 10:40:00	1295096.6	1230341.7	1359851.4	433857.3	431267.2	429972.1	388529.0	1359851.4	400.50	107924.7
2026-07-05 10:45:00	1291695.5	1227110.7	1356280.3	432718.0	430134.6	428842.9	387508.7	1356280.3	400.50	107641.3
2026-07-05 10:50:00	1282874.6	1218730.8	1347018.3	429763.0	427197.2	425914.4	384862.4	1347018.3	400.50	106906.2
2026-07-05 10:55:00	1285263.8	1221000.6	1349527.0	430563.4	427992.8	426707.6	385579.1	1349527.0	400.50	107105.3
2026-07-05 11:00:00	1296101.6	1231296.5	1360906.7	434194.0	431601.8	430305.7	388830.5	1360906.7	400.50	108008.5
2026-07-05 11:05:00	1288420.4	1223999.4	1352841.4	431620.8	429044.0	427755.6	386526.1	1352841.4	400.50	107368.4
2026-07-05 11:10:00	1290410.8	1225890.2	1354931.3	432287.6	429706.8	428416.4	387123.2	1354931.3	400.50	107534.2
2026-07-05 11:15:00	1299210.8	1234250.3	1364171.3	435235.6	432637.2	431338.0	389763.2	1364171.3	400.50	108267.6
2026-07-05 11:20:00	1309917.8	1244421.9	1375413.6	438822.4	436202.6	434892.7	392975.3	1375413.6	400.50	109159.8
2026-07-05 11:25:00	1308018.7	1242617.7	1373419.6	438186.3	435570.2	434262.2	392405.6	1373419.6	400.50	109001.6
2026-07-05 11:30:00	1310805.0	1245264.7	1376345.2	439119.7	436498.1	435187.2	393241.5	1376345.2	400.50	109233.7
2026-07-05 11:35:00	1294152.1	1229444.5	1358859.7	433541.0	430952.6	429658.5	388245.6	1358859.7	400.50	107846.0
2026-07-05 11:40:00	1302823.2	1237682.1	1367964.4	436445.8	433840.1	432537.3	390847.0	1367964.4	400.50	108568.6
2026-07-05 11:45:00	1305971.0	1240672.4	1371269.5	437500.3	434888.3	433582.4	391791.3	1371269.5	400.50	108830.9
2026-07-05 11:50:00	1301099.6	1236044.6	1366154.6	435868.4	433266.2	431965.1	390329.9	1366154.6	400.50	108425.0
2026-07-05 11:55:00	1305273.4	1240009.7	1370537.0	437266.6	434656.0	433350.8	391582.0	1370537.0	400.50	108772.8
2026-07-05 12:00:00	1307569.0	1242190.6	1372947.5	438035.6	435420.5	434112.9	392270.7	1372947.5	400.50	108964.1
2026-07-05 12:05:00	1302905.0	1237759.7	1368050.2	436473.2	433867.4	432564.5	390871.5	1368050.2	400.50	108575.4
2026-07-05 12:10:00	1299556.6	1234578.7	1364534.4	435351.4	432752.3	431452.8	389867.0	1364534.4	400.50	108296.4
2026-07-05 12:15:00	1314792.9	1249053.3	1380532.5	440455.6	437826.0	436511.2	394437.9	1380532.5	400.50	109566.1
2026-07-05 12:20:00	1306432.9	1241111.3	1371754.6	437655.0	435042.2	433735.7	391929.9	1371754.6	400.50	108869.4
2026-07-05 12:25:00	1318361.9	1252443.8	1384280.0	441651.2	439014.5	437696.1	395508.6	1384280.0	400.50	109863.5
2026-07-05 12:30:00	1310078.3	1244574.4	1375582.3	438876.2	436256.1	434946.0	393023.5	1375582.3	400.50	109173.2
2026-07-05 12:35:00	1301137.3	1236080.5	1366194.2	435881.0	433278.7	431977.6	390341.2	1366194.2	400.50	108428.1
2026-07-05 12:40:00	1314060.6	1248357.6	1379763.6	440210.3	437582.2	436268.1	394218.2	1379763.6	400.50	109505.1
2026-07-05 12:45:00	1310465.3	1244942.0	1375988.5	439005.9	436384.9	435074.5	393139.6	1375988.5	400.50	109205.4
2026-07-05 12:50:00	1319327.9	1253361.5	1385294.3	441974.9	439336.2	438016.9	395798.4	1385294.3	400.50	109944.0
2026-07-05 12:55:00	1301184.6	1236125.4	1366243.9	435896.9	433294.5	431993.3	390355.4	1366243.9	400.50	108432.1
2026-07-05 13:00:00	1308788.7	1243349.3	1374228.2	438444.2	435826.6	434517.9	392636.6	1374228.2	400.50	109065.7
2026-07-05 13:05:00	1311117.6	1245561.8	1376673.5	439224.4	436602.2	435291.1	393335.3	1376673.5	400.50	109259.8
2026-07-05 13:10:00	1309280.1	1243816.1	1374744.1	438608.8	435990.3	434681.0	392784.0	1374744.1	400.50	109106.7
2026-07-05 13:15:00	1305989.8	1240690.3	1371289.3	437506.6	434894.6	433588.6	391796.9	1371289.3	400.50	108832.5
2026-07-05 13:20:00	1303768.2	1238579.8	1368956.6	436762.3	434154.8	432851.0	391130.4	1368956.6	400.50	108647.3
2026-07-05 13:25:00	1296320.2	1231504.2	1361136.2	434267.3	431674.6	430378.3	388896.1	1361136.2	400.50	108026.7
2026-07-05 13:30:00	1301306.4	1236241.1	1366371.7	435937.6	433335.0	432033.7	390391.9	1366371.7	400.50	108442.2
2026-07-05 13:35:00	1301325.5	1236259.3	1366391.8	435944.1	433341.4	432040.1	390397.7	1366391.8	400.50	108443.8
2026-07-05 13:40:00	1311790.8	1246201.2	1377380.3	439449.9	436826.3	435514.5	393537.2	1377380.3	400.50	109315.9
2026-07-05 13:45:00	1305819.7	1240528.8	1371110.7	437449.6	434838.0	433532.2	391745.9	1371110.7	400.50	108818.3
2026-07-05 13:50:00	1294688.0	1229953.6	1359422.4	433720.5	431131.1	429836.4	388406.4	1359422.4	400.50	107890.7
2026-07-05 13:55:00	1298980.5	1234031.4	1363929.5	435158.5	432560.5	431261.5	389694.1	1363929.5	400.50	108248.4
2026-07-05 14:00:00	1303634.4	1238452.7	1368816.1	436717.5	434110.3	432806.6	391090.3	1368816.1	400.50	108636.2
2026-07-05 14:05:00	1303796.2	1238606.3	1368986.0	436771.7	434164.1	432860.3	391138.8	1368986.0	400.50	108649.7
2026-07-05 14:10:00	1299698.3	1234713.4	1364683.2	435398.9	432799.5	431499.8	389909.5	1364683.2	400.50	108308.2
2026-07-05 14:15:00	1284969.8	1220721.3	1349218.3	430464.9	427894.9	426610.0	385490.9	1349218.3	400.50	107080.8
2026-07-05 14:20:00	2091.8	1987.2	2196.4	697.3	697.3	697.3	627.5	2196.4	400.50	174.3
2026-07-05 14:25:00	1734.4	1647.7	1821.1	578.1	578.1	578.1	520.3	1821.1	400.50	144.5
2026-07-05 14:30:00	1545.3	1468.1	1622.6	515.1	515.1	515.1	463.6	1622.6	400.50	128.8
2026-07-05 14:35:00	2202.0	2091.9	2312.1	734.0	734.0	734.0	660.6	2312.1	400.50	183.5
2026-07-05 14:40:00	2047.6	1945.2	2150.0	682.5	682.5	682.5	614.3	2150.0	400.50	170.6
2026-07-05 14:45:00	1772.1	1683.5	1860.7	590.7	590.7	590.7	531.6	1860.7	400.50	147.7
2026-07-05 14:50:00	1673.4	1589.8	1757.1	557.8	557.8	557.8	502.0	1757.1	400.50	139.5
2026-07-05 14:55:00	1816.6	1725.7	1907.4	605.5	605.5	605.5	545.0	1907.4	400.50	151.4
2026-07-05 15:00:00	1923.0	1826.8	2019.1	641.0	641.0	641.0	576.9	2019.1	400.50	160.2
2026-07-05 15:05:00	2216.1	2105.3	2327.0	738.7	738.7	738.7	664.8	2327.0	400.50	184.7
2026-07-05 15:10:00	2115.0	2009.3	2220.8	705.0	705.0	705.0	634.5	2220.8	400.50	176.3
2026-07-05 15:15:00	1939.6	1842.6	2036.6	646.5	646.5	646.5	581.9	2036.6	400.50	161.6
2026-07-05 15:20:00	1504.0	1428.8	1579.2	501.3	501.3	501.3	451.2	1579.2	400.50	125.3
2026-07-05 15:25:00	1564.7	1486.4	1642.9	521.6	521.6	521.6	469.4	1642.9	400.50	130.4
2026-07-05 15:30:00	2629.4	2497.9	2760.8	876.5	876.5	876.5	788.8	2760.8	400.50	219.1
2026-07-05 15:35:00	2094.8	1990.0	2199.5	698.3	698.3	698.3	628.4	2199.5	400.50	174.6
2026-07-05 15:40:00	1946.4	1849.1	2043.7	648.8	648.8	648.8	583.9	2043.7	400.50	162.2
2026-07-05 15:45:00	1890.0	1795.5	1984.5	630.0	630.0	630.0	567.0	1984.5	400.50	157.5
2026-07-05 15:50:00	2516.9	2391.1	2642.8	839.0	839.0	839.0	755.1	2642.8	400.50	209.7
2026-07-05 15:55:00	1550.1	1472.6	1627.6	516.7	516.7	516.7	465.0	1627.6	400.50	129.2
2026-07-05 16:00:00	1866.1	1772.8	1959.5	622.0	622.0	622.0	559.8	1959.5	400.50	155.5
2026-07-05 16:05:00	2670.7	2537.1	2804.2	890.2	890.2	890.2	801.2	2804.2	400.50	222.6
2026-07-05 16:10:00	2388.6	2269.2	2508.1	796.2	796.2	796.2	716.6	2508.1	400.50	199.1
2026-07-05 16:15:00	2092.3	1987.7	2197.0	697.4	697.4	697.4	627.7	2197.0	400.50	174.4
2026-07-05 16:20:00	2637.7	2505.8	2769.6	879.2	879.2	879.2	791.3	2769.6	400.50	219.8
2026-07-05 16:25:00	2172.4	2063.8	2281.0	724.1	724.1	724.1	651.7	2281.0	400.50	181.0
2026-07-05 16:30:00	2081.8	1977.7	2185.9	693.9	693.9	693.9	624.5	2185.9	400.50	173.5
2026-07-05 16:35:00	2434.5	2312.8	2556.3	811.5	811.5	811.5	730.4	2556.3	400.50	202.9
2026-07-05 16:40:00	2440.5	2318.5	2562.6	813.5	813.5	813.5	732.2	2562.6	400.50	203.4
2026-07-05 16:45:00	2237.6	2125.7	2349.5	745.9	745.9	745.9	671.3	2349.5	400.50	186.5
2026-07-05 16:50:00	1535.2	1458.4	1612.0	511.7	511.7	511.7	460.6	1612.0	400.50	127.9
2026-07-05 16:55:00	2365.9	2247.6	2484.1	788.6	788.6	788.6	709.8	2484.1	400.50	197.2
2026-07-05 17:00:00	1903.5	1808.3	1998.6	634.5	634.5	634.5	571.0	1998.6	400.50	158.6
2026-07-05 17:05:00	1904.4	1809.2	1999.7	634.8	634.8	634.8	571.3	1999.7	400.50	158.7
2026-07-05 17:10:00	1666.6	1583.3	1750.0	555.5	555.5	555.5	500.0	1750.0	400.50	138.9
2026-07-05 17:15:00	1691.5	1607.0	1776.1	563.8	563.8	563.8	507.5	1776.1	400.50	141.0
2026-07-05 17:20:00	1909.2	1813.7	2004.6	636.4	636.4	636.4	572.8	2004.6	400.50	159.1
2026-07-05 17:25:00	2274.8	2161.1	2388.6	758.3	758.3	758.3	682.4	2388.6	400.50	189.6
2026-07-05 17:30:00	2571.7	2443.1	2700.2	857.2	857.2	857.2	771.5	2700.2	400.50	214.3
2026-07-05 17:35:00	2267.0	2153.7	2380.4	755.7	755.7	755.7	680.1	2380.4	400.50	188.9
2026-07-05 17:40:00	2459.2	2336.2	2582.2	819.7	819.7	819.7	737.8	2582.2	400.50	204.9
2026-07-05 17:45:00	1577.3	1498.4	1656.2	525.8	525.8	525.8	473.2	1656.2	400.50	131.4
2026-07-05 17:50:00	2148.7	2041.3	2256.1	716.2	716.2	716.2	644.6	2256.1	400.50	179.1
2026-07-05 17:55:00	1681.9	1597.8	1766.0	560.6	560.6	560.6	504.6	1766.0	400.50	140.2
2026-07-05 18:00:00	2018.5	1917.6	2119.4	672.8	672.8	672.8	605.6	2119.4	400.50	168.2
2026-07-05 18:05:00	1665.5	1582.2	1748.8	555.2	555.2	555.2	499.7	1748.8	400.50	138.8
2026-07-05 18:10:00	1875.3	1781.5	1969.0	625.1	625.1	625.1	562.6	1969.0	400.50	156.3
2026-07-05 18:15:00	1640.4	1558.3	1722.4	546.8	546.8	546.8	492.1	1722.4	400.50	136.7
2026-07-05 18:20:00	2227.1	2115.7	2338.4	742.4	742.4	742.4	668.1	2338.4	400.50	185.6
2026-07-05 18:25:00	1528.7	1452.3	1605.1	509.6	509.6	509.6	458.6	1605.1	400.50	127.4
2026-07-05 18:30:00	1887.3	1792.9	1981.7	629.1	629.1	629.1	566.2	1981.7	400.50	157.3
2026-07-05 18:35:00	1577.6	1498.7	1656.5	525.9	525.9	525.9	473.3	1656.5	400.50	131.5
2026-07-05 18:40:00	2232.1	2120.5	2343.7	744.0	744.0	744.0	669.6	2343.7	400.50	186.0
2026-07-05 18:45:00	1912.5	1816.9	2008.1	637.5	637.5	637.5	573.8	2008.1	400.50	159.4
2026-07-05 18:50:00	1625.3	1544.0	1706.6	541.8	541.8	541.8	487.6	1706.6	400.50	135.4
2026-07-05 18:55:00	2659.4	2526.4	2792.3	886.5	886.5	886.5	797.8	2792.3	400.50	221.6
2026-07-05 19:00:00	1755.8	1668.0	1843.6	585.3	585.3	585.3	526.7	1843.6	400.50	146.3
2026-07-05 19:05:00	2028.2	1926.8	2129.6	676.1	676.1	676.1	608.5	2129.6	400.50	169.0
2026-07-05 19:10:00	1616.3	1535.5	1697.2	538.8	538.8	538.8	484.9	1697.2	400.50	134.7
2026-07-05 19:15:00	1658.1	1575.2	1741.0	552.7	552.7	552.7	497.4	1741.0	400.50	138.2
2026-07-05 19:20:00	1625.7	1544.4	1707.0	541.9	541.9	541.9	487.7	1707.0	400.50	135.5
2026-07-05 19:25:00	1591.2	1511.6	1670.8	530.4	530.4	530.4	477.4	1670.8	400.50	132.6
2026-07-05 19:30:00	1844.5	1752.3	1936.7	614.8	614.8	614.8	553.4	1936.7	400.50	153.7
2026-07-05 19:35:00	2035.1	1933.3	2136.8	678.4	678.4	678.4	610.5	2136.8	400.50	169.6
2026-07-05 19:40:00	2058.8	1955.8	2161.7	686.3	686.3	686.3	617.6	2161.7	400.50	171.6
2026-07-05 19:45:00	1661.8	1578.7	1744.9	553.9	553.9	553.9	498.5	1744.9	400.50	138.5
2026-07-05 19:50:00	1573.8	1495.1	1652.5	524.6	524.6	524.6	472.1	1652.5	400.50	131.1
2026-07-05 19:55:00	2475.2	2351.5	2599.0	825.1	825.1	825.1	742.6	2599.0	400.50	206.3
2026-07-05 20:00:00	1735.6	1648.8	1822.4	578.5	578.5	578.5	520.7	1822.4	400.50	144.6
2026-07-05 20:05:00	2391.9	2272.3	2511.5	797.3	797.3	797.3	717.6	2511.5	400.50	199.3
2026-07-05 20:10:00	2435.6	2313.8	2557.4	811.9	811.9	811.9	730.7	2557.4	400.50	203.0
2026-07-05 20:15:00	1650.6	1568.0	1733.1	550.2	550.2	550.2	495.2	1733.1	400.50	137.5
2026-07-05 20:20:00	2481.8	2357.7	2605.9	827.3	827.3	827.3	744.5	2605.9	400.50	206.8
2026-07-05 20:25:00	1955.0	1857.2	2052.7	651.7	651.7	651.7	586.5	2052.7	400.50	162.9
2026-07-05 20:30:00	2127.9	2021.5	2234.3	709.3	709.3	709.3	638.4	2234.3	400.50	177.3
2026-07-05 20:35:00	2188.9	2079.5	2298.4	729.6	729.6	729.6	656.7	2298.4	400.50	182.4
2026-07-05 20:40:00	2572.4	2443.8	2701.1	857.5	857.5	857.5	771.7	2701.1	400.50	214.4
2026-07-05 20:45:00	2388.1	2268.7	2507.5	796.0	796.0	796.0	716.4	2507.5	400.50	199.0
2026-07-05 20:50:00	1772.1	1683.5	1860.7	590.7	590.7	590.7	531.6	1860.7	400.50	147.7
2026-07-05 20:55:00	2463.2	2340.0	2586.3	821.1	821.1	821.1	739.0	2586.3	400.50	205.3
2026-07-05 21:00:00	1811.8	1721.2	1902.4	603.9	603.9	603.9	543.5	1902.4	400.50	151.0
2026-07-05 21:05:00	1738.2	1651.2	1825.1	579.4	579.4	579.4	521.4	1825.1	400.50	144.8
2026-07-05 21:10:00	1830.9	1739.4	1922.5	610.3	610.3	610.3	549.3	1922.5	400.50	152.6
2026-07-05 21:15:00	1757.3	1669.4	1845.2	585.8	585.8	585.8	527.2	1845.2	400.50	146.4
2026-07-05 21:20:00	1840.9	1748.9	1933.0	613.6	613.6	613.6	552.3	1933.0	400.50	153.4
2026-07-05 21:25:00	1627.2	1545.9	1708.6	542.4	542.4	542.4	488.2	1708.6	400.50	135.6
2026-07-05 21:30:00	2680.8	2546.7	2814.8	893.6	893.6	893.6	804.2	2814.8	400.50	223.4
2026-07-05 21:35:00	2371.5	2252.9	2490.0	790.5	790.5	790.5	711.4	2490.0	400.50	197.6
2026-07-05 21:40:00	1790.4	1700.9	1879.9	596.8	596.8	596.8	537.1	1879.9	400.50	149.2
2026-07-05 21:45:00	2560.9	2432.8	2688.9	853.6	853.6	853.6	768.3	2688.9	400.50	213.4
2026-07-05 21:50:00	1898.8	1803.8	1993.7	632.9	632.9	632.9	569.6	1993.7	400.50	158.2
2026-07-05 21:55:00	1701.4	1616.4	1786.5	567.1	567.1	567.1	510.4	1786.5	400.50	141.8
2026-07-05 22:00:00	1531.8	1455.2	1608.4	510.6	510.6	510.6	459.5	1608.4	400.50	127.6
2026-07-05 22:05:00	2660.6	2527.6	2793.7	886.9	886.9	886.9	798.2	2793.7	400.50	221.7
2026-07-05 22:10:00	2269.5	2156.0	2383.0	756.5	756.5	756.5	680.9	2383.0	400.50	189.1
2026-07-05 22:15:00	1666.6	1583.3	1749.9	555.5	555.5	555.5	500.0	1749.9	400.50	138.9
2026-07-05 22:20:00	2259.5	2146.6	2372.5	753.2	753.2	753.2	677.9	2372.5	400.50	188.3
2026-07-05 22:25:00	2376.6	2257.7	2495.4	792.2	792.2	792.2	713.0	2495.4	400.50	198.0
2026-07-05 22:30:00	2666.1	2532.8	2799.4	888.7	888.7	888.7	799.8	2799.4	400.50	222.2
2026-07-05 22:35:00	2639.4	2507.4	2771.4	879.8	879.8	879.8	791.8	2771.4	400.50	219.9
2026-07-05 22:40:00	2351.1	2233.6	2468.7	783.7	783.7	783.7	705.3	2468.7	400.50	195.9
2026-07-05 22:45:00	2587.8	2458.4	2717.2	862.6	862.6	862.6	776.3	2717.2	400.50	215.6
2026-07-05 22:50:00	2288.8	2174.4	2403.3	762.9	762.9	762.9	686.6	2403.3	400.50	190.7
2026-07-05 22:55:00	1506.9	1431.5	1582.2	502.3	502.3	502.3	452.1	1582.2	400.50	125.6
2026-07-05 23:00:00	1613.8	1533.1	1694.5	537.9	537.9	537.9	484.1	1694.5	400.50	134.5
2026-07-05 23:05:00	2392.3	2272.7	2511.9	797.4	797.4	797.4	717.7	2511.9	400.50	199.4
2026-07-05 23:10:00	2557.4	2429.5	2685.2	852.5	852.5	852.5	767.2	2685.2	400.50	213.1
2026-07-05 23:15:00	1751.6	1664.0	1839.2	583.9	583.9	583.9	525.5	1839.2	400.50	146.0
2026-07-05 23:20:00	1613.1	1532.5	1693.8	537.7	537.7	537.7	483.9	1693.8	400.50	134.4
2026-07-05 23:25:00	2408.5	2288.1	2528.9	802.8	802.8	802.8	722.6	2528.9	400.50	200.7
2026-07-05 23:30:00	1922.1	1826.0	2018.3	640.7	640.7	640.7	576.6	2018.3	400.50	160.2
2026-07-05 23:35:00	1856.1	1763.3	1948.9	618.7	618.7	618.7	556.8	1948.9	400.50	154.7
2026-07-05 23:40:00	2236.8	2125.0	2348.7	745.6	745.6	745.6	671.0	2348.7	400.50	186.4
2026-07-05 23:45:00	2433.1	2311.4	2554.7	811.0	811.0	811.0	729.9	2554.7	400.50	202.8
2026-07-05 23:50:00	2417.8	2296.9	2538.7	805.9	805.9	805.9	725.3	2538.7	400.50	201.5
2026-07-05 23:55:00	2414.8	2294.0	2535.5	804.9	804.9	804.9	724.4	2535.5	400.50	201.2
2026-07-06 00:00:00	2268.2	2154.8	2381.6	756.1	756.1	756.1	680.5	2381.6	400.50	189.0
2026-07-06 00:05:00	2181.7	2072.6	2290.8	727.2	727.2	727.2	654.5	2290.8	400.50	181.8
2026-07-06 00:10:00	1910.8	1815.3	2006.3	636.9	636.9	636.9	573.2	2006.3	400.50	159.2
2026-07-06 00:15:00	2404.5	2284.3	2524.8	801.5	801.5	801.5	721.4	2524.8	400.50	200.4
2026-07-06 00:20:00	1618.5	1537.6	1699.4	539.5	539.5	539.5	485.6	1699.4	400.50	134.9
2026-07-06 00:25:00	1606.4	1526.1	1686.7	535.5	535.5	535.5	481.9	1686.7	400.50	133.9
2026-07-06 00:30:00	1862.8	1769.6	1955.9	620.9	620.9	620.9	558.8	1955.9	400.50	155.2
2026-07-06 00:35:00	2355.1	2237.4	2472.9	785.0	785.0	785.0	706.5	2472.9	400.50	196.3
2026-07-06 00:40:00	1970.7	1872.1	2069.2	656.9	656.9	656.9	591.2	2069.2	400.50	164.2
2026-07-06 00:45:00	2103.5	1998.3	2208.7	701.2	701.2	701.2	631.1	2208.7	400.50	175.3
2026-07-06 00:50:00	1675.0	1591.2	1758.7	558.3	558.3	558.3	502.5	1758.7	400.50	139.6
2026-07-06 00:55:00	1677.7	1593.8	1761.5	559.2	559.2	559.2	503.3	1761.5	400.50	139.8
2026-07-06 01:00:00	2639.7	2507.7	2771.6	879.9	879.9	879.9	791.9	2771.6	400.50	220.0
2026-07-06 01:05:00	2048.7	1946.3	2151.2	682.9	682.9	682.9	614.6	2151.2	400.50	170.7
2026-07-06 01:10:00	2229.2	2117.7	2340.6	743.1	743.1	743.1	668.8	2340.6	400.50	185.8
2026-07-06 01:15:00	2125.5	2019.2	2231.8	708.5	708.5	708.5	637.7	2231.8	400.50	177.1
2026-07-06 01:20:00	2305.3	2190.1	2420.6	768.4	768.4	768.4	691.6	2420.6	400.50	192.1
2026-07-06 01:25:00	1759.0	1671.1	1847.0	586.3	586.3	586.3	527.7	1847.0	400.50	146.6
2026-07-06 01:30:00	2280.8	2166.8	2394.9	760.3	760.3	760.3	684.3	2394.9	400.50	190.1
2026-07-06 01:35:00	1612.8	1532.1	1693.4	537.6	537.6	537.6	483.8	1693.4	400.50	134.4
2026-07-06 01:40:00	2212.1	2101.5	2322.7	737.4	737.4	737.4	663.6	2322.7	400.50	184.3
2026-07-06 01:45:00	2446.2	2323.9	2568.5	815.4	815.4	815.4	733.9	2568.5	400.50	203.9
2026-07-06 01:50:00	2592.1	2462.5	2721.7	864.0	864.0	864.0	777.6	2721.7	400.50	216.0
2026-07-06 01:55:00	2570.6	2442.1	2699.1	856.9	856.9	856.9	771.2	2699.1	400.50	214.2
2026-07-06 02:00:00	1838.7	1746.8	1930.6	612.9	612.9	612.9	551.6	1930.6	400.50	153.2
2026-07-06 02:05:00	2421.5	2300.4	2542.6	807.2	807.2	807.2	726.5	2542.6	400.50	201.8
2026-07-06 02:10:00	2691.2	2556.6	2825.8	897.1	897.1	897.1	807.4	2825.8	400.50	224.3
2026-07-06 02:15:00	2618.9	2488.0	2749.9	873.0	873.0	873.0	785.7	2749.9	400.50	218.2
2026-07-06 02:20:00	2478.7	2354.7	2602.6	826.2	826.2	826.2	743.6	2602.6	400.50	206.6
2026-07-06 02:25:00	1664.3	1581.1	1747.5	554.8	554.8	554.8	499.3	1747.5	400.50	138.7
2026-07-06 02:30:00	1508.7	1433.3	1584.2	502.9	502.9	502.9	452.6	1584.2	400.50	125.7
2026-07-06 02:35:00	2024.6	1923.4	2125.9	674.9	674.9	674.9	607.4	2125.9	400.50	168.7
2026-07-06 02:40:00	2014.3	1913.6	2115.0	671.4	671.4	671.4	604.3	2115.0	400.50	167.9
2026-07-06 02:45:00	2149.0	2041.5	2256.4	716.3	716.3	716.3	644.7	2256.4	400.50	179.1
2026-07-06 02:50:00	1593.7	1514.0	1673.3	531.2	531.2	531.2	478.1	1673.3	400.50	132.8
2026-07-06 02:55:00	2138.7	2031.7	2245.6	712.9	712.9	712.9	641.6	2245.6	400.50	178.2
2026-07-06 03:00:00	1586.5	1507.2	1665.8	528.8	528.8	528.8	476.0	1665.8	400.50	132.2
2026-07-06 03:05:00	2633.9	2502.2	2765.6	878.0	878.0	878.0	790.2	2765.6	400.50	219.5
2026-07-06 03:10:00	2031.7	1930.1	2133.3	677.2	677.2	677.2	609.5	2133.3	400.50	169.3
2026-07-06 03:15:00	2299.8	2184.9	2414.8	766.6	766.6	766.6	690.0	2414.8	400.50	191.7
2026-07-06 03:20:00	1971.9	1873.3	2070.5	657.3	657.3	657.3	591.6	2070.5	400.50	164.3
2026-07-06 03:25:00	2646.1	2513.8	2778.4	882.0	882.0	882.0	793.8	2778.4	400.50	220.5
2026-07-06 03:30:00	2077.9	1974.0	2181.8	692.6	692.6	692.6	623.4	2181.8	400.50	173.2
2026-07-06 03:35:00	2629.0	2497.6	2760.5	876.3	876.3	876.3	788.7	2760.5	400.50	219.1
2026-07-06 03:40:00	2377.8	2258.9	2496.6	792.6	792.6	792.6	713.3	2496.6	400.50	198.1
2026-07-06 03:45:00	2417.6	2296.7	2538.4	805.9	805.9	805.9	725.3	2538.4	400.50	201.5
2026-07-06 03:50:00	1962.4	1864.3	2060.5	654.1	654.1	654.1	588.7	2060.5	400.50	163.5
2026-07-06 03:55:00	2471.4	2347.8	2595.0	823.8	823.8	823.8	741.4	2595.0	400.50	205.9
2026-07-06 04:00:00	1874.9	1781.2	1968.7	625.0	625.0	625.0	562.5	1968.7	400.50	156.2
2026-07-06 04:05:00	1516.8	1441.0	1592.6	505.6	505.6	505.6	455.0	1592.6	400.50	126.4
2026-07-06 04:10:00	1775.0	1686.3	1863.8	591.7	591.7	591.7	532.5	1863.8	400.50	147.9
2026-07-06 04:15:00	2544.0	2416.8	2671.2	848.0	848.0	848.0	763.2	2671.2	400.50	212.0
2026-07-06 04:20:00	2569.4	2441.0	2697.9	856.5	856.5	856.5	770.8	2697.9	400.50	214.1
2026-07-06 04:25:00	2246.0	2133.7	2358.3	748.7	748.7	748.7	673.8	2358.3	400.50	187.2
2026-07-06 04:30:00	1746.6	1659.3	1834.0	582.2	582.2	582.2	524.0	1834.0	400.50	145.6
2026-07-06 04:35:00	2017.7	1916.8	2118.6	672.6	672.6	672.6	605.3	2118.6	400.50	168.1
2026-07-06 04:40:00	2259.9	2146.9	2372.9	753.3	753.3	753.3	678.0	2372.9	400.50	188.3
2026-07-06 04:45:00	1640.3	1558.3	1722.4	546.8	546.8	546.8	492.1	1722.4	400.50	136.7
2026-07-06 04:50:00	2229.2	2117.7	2340.7	743.1	743.1	743.1	668.8	2340.7	400.50	185.8
2026-07-06 04:55:00	2345.6	2228.3	2462.8	781.9	781.9	781.9	703.7	2462.8	400.50	195.5
2026-07-06 05:00:00	1561.5	1483.4	1639.5	520.5	520.5	520.5	468.4	1639.5	400.50	130.1
2026-07-06 05:05:00	2351.7	2234.1	2469.3	783.9	783.9	783.9	705.5	2469.3	400.50	196.0
2026-07-06 05:10:00	2551.7	2424.2	2679.3	850.6	850.6	850.6	765.5	2679.3	400.50	212.6
2026-07-06 05:15:00	1535.9	1459.1	1612.7	512.0	512.0	512.0	460.8	1612.7	400.50	128.0
2026-07-06 05:20:00	2491.9	2367.3	2616.5	830.6	830.6	830.6	747.6	2616.5	400.50	207.7
2026-07-06 05:25:00	2548.6	2421.2	2676.1	849.5	849.5	849.5	764.6	2676.1	400.50	212.4
2026-07-06 05:30:00	2650.0	2517.5	2782.5	883.3	883.3	883.3	795.0	2782.5	400.50	220.8
2026-07-06 05:35:00	2427.7	2306.3	2549.1	809.2	809.2	809.2	728.3	2549.1	400.50	202.3
2026-07-06 05:40:00	2210.6	2100.1	2321.1	736.9	736.9	736.9	663.2	2321.1	400.50	184.2
2026-07-06 05:45:00	1508.1	1432.7	1583.5	502.7	502.7	502.7	452.4	1583.5	400.50	125.7
2026-07-06 05:50:00	1793.6	1703.9	1883.3	597.9	597.9	597.9	538.1	1883.3	400.50	149.5
2026-07-06 05:55:00	1862.3	1769.2	1955.4	620.8	620.8	620.8	558.7	1955.4	400.50	155.2
2026-07-06 06:00:00	2283.4	2169.2	2397.6	761.1	761.1	761.1	685.0	2397.6	400.50	190.3
2026-07-06 06:05:00	2055.2	1952.5	2158.0	685.1	685.1	685.1	616.6	2158.0	400.50	171.3
2026-07-06 06:10:00	2372.3	2253.7	2491.0	790.8	790.8	790.8	711.7	2491.0	400.50	197.7
2026-07-06 06:15:00	2351.2	2233.7	2468.8	783.7	783.7	783.7	705.4	2468.8	400.50	195.9
2026-07-06 06:20:00	2566.8	2438.5	2695.2	855.6	855.6	855.6	770.1	2695.2	400.50	213.9
2026-07-06 06:25:00	1747.2	1659.9	1834.6	582.4	582.4	582.4	524.2	1834.6	400.50	145.6
2026-07-06 06:30:00	1636.6	1554.8	1718.4	545.5	545.5	545.5	491.0	1718.4	400.50	136.4
2026-07-06 06:35:00	1940.8	1843.8	2037.8	646.9	646.9	646.9	582.2	2037.8	400.50	161.7
2026-07-06 06:40:00	2010.6	1910.1	2111.2	670.2	670.2	670.2	603.2	2111.2	400.50	167.6
2026-07-06 06:45:00	2456.6	2333.8	2579.5	818.9	818.9	818.9	737.0	2579.5	400.50	204.7
2026-07-06 06:50:00	1840.1	1748.1	1932.1	613.4	613.4	613.4	552.0	1932.1	400.50	153.3
2026-07-06 06:55:00	2157.1	2049.2	2264.9	719.0	719.0	719.0	647.1	2264.9	400.50	179.8
2026-07-06 07:00:00	1749.6	1662.1	1837.1	583.2	583.2	583.2	524.9	1837.1	400.50	145.8
2026-07-06 07:05:00	1863.4	1770.2	1956.5	621.1	621.1	621.1	559.0	1956.5	400.50	155.3
2026-07-06 07:10:00	2261.0	2148.0	2374.1	753.7	753.7	753.7	678.3	2374.1	400.50	188.4
2026-07-06 07:15:00	1785.2	1695.9	1874.4	595.1	595.1	595.1	535.6	1874.4	400.50	148.8
2026-07-06 07:20:00	2651.9	2519.3	2784.5	884.0	884.0	884.0	795.6	2784.5	400.50	221.0
2026-07-06 07:25:00	2474.4	2350.7	2598.1	824.8	824.8	824.8	742.3	2598.1	400.50	206.2
2026-07-06 07:30:00	2510.4	2384.9	2636.0	836.8	836.8	836.8	753.1	2636.0	400.50	209.2
2026-07-06 07:35:00	1852.5	1759.9	1945.2	617.5	617.5	617.5	555.8	1945.2	400.50	154.4
2026-07-06 07:40:00	1586.2	1506.9	1665.5	528.7	528.7	528.7	475.9	1665.5	400.50	132.2
2026-07-06 07:45:00	2443.9	2321.7	2566.1	814.6	814.6	814.6	733.2	2566.1	400.50	203.7
2026-07-06 07:50:00	2008.9	1908.5	2109.4	669.6	669.6	669.6	602.7	2109.4	400.50	167.4
2026-07-06 07:55:00	1505.3	1430.1	1580.6	501.8	501.8	501.8	451.6	1580.6	400.50	125.4
2026-07-06 08:00:00	2351.7	2234.1	2469.2	783.9	783.9	783.9	705.5	2469.2	400.50	196.0
2026-07-06 08:05:00	1735.1	1648.3	1821.8	578.4	578.4	578.4	520.5	1821.8	400.50	144.6
2026-07-06 08:10:00	2690.1	2555.6	2824.6	896.7	896.7	896.7	807.0	2824.6	400.50	224.2
2026-07-06 08:15:00	2337.3	2220.4	2454.2	779.1	779.1	779.1	701.2	2454.2	400.50	194.8
2026-07-06 08:20:00	2092.1	1987.5	2196.7	697.4	697.4	697.4	627.6	2196.7	400.50	174.3
2026-07-06 08:25:00	2698.1	2563.2	2833.0	899.4	899.4	899.4	809.4	2833.0	400.50	224.8
2026-07-06 08:30:00	1761.6	1673.6	1849.7	587.2	587.2	587.2	528.5	1849.7	400.50	146.8
2026-07-06 08:35:00	2344.7	2227.5	2461.9	781.6	781.6	781.6	703.4	2461.9	400.50	195.4
2026-07-06 08:40:00	1627.9	1546.5	1709.3	542.6	542.6	542.6	488.4	1709.3	400.50	135.7
2026-07-06 08:45:00	2583.4	2454.2	2712.6	861.1	861.1	861.1	775.0	2712.6	400.50	215.3
2026-07-06 08:50:00	2311.2	2195.6	2426.7	770.4	770.4	770.4	693.4	2426.7	400.50	192.6
2026-07-06 08:55:00	1616.5	1535.7	1697.3	538.8	538.8	538.8	484.9	1697.3	400.50	134.7
2026-07-06 09:00:00	1968.4	1870.0	2066.8	656.1	656.1	656.1	590.5	2066.8	400.50	164.0
2026-07-06 09:05:00	2021.0	1919.9	2122.0	673.7	673.7	673.7	606.3	2122.0	400.50	168.4
2026-07-06 09:10:00	1688.5	1604.1	1772.9	562.8	562.8	562.8	506.5	1772.9	400.50	140.7
2026-07-06 09:15:00	1585.8	1506.5	1665.0	528.6	528.6	528.6	475.7	1665.0	400.50	132.1
2026-07-06 09:20:00	2484.5	2360.3	2608.8	828.2	828.2	828.2	745.4	2608.8	400.50	207.0
2026-07-06 09:25:00	1886.7	1792.4	1981.0	628.9	628.9	628.9	566.0	1981.0	400.50	157.2
2026-07-06 09:30:00	2096.7	1991.9	2201.5	698.9	698.9	698.9	629.0	2201.5	400.50	174.7
2026-07-06 09:35:00	2630.1	2498.6	2761.6	876.7	876.7	876.7	789.0	2761.6	400.50	219.2
2026-07-06 09:40:00	2274.3	2160.6	2388.0	758.1	758.1	758.1	682.3	2388.0	400.50	189.5
2026-07-06 09:45:00	2233.4	2121.7	2345.1	744.5	744.5	744.5	670.0	2345.1	400.50	186.1
2026-07-06 09:50:00	1851.3	1758.7	1943.8	617.1	617.1	617.1	555.4	1943.8	400.50	154.3
2026-07-06 09:55:00	1540.1	1463.1	1617.1	513.4	513.4	513.4	462.0	1617.1	400.50	128.3
2026-07-06 10:00:00	1522.1	1446.0	1598.2	507.4	507.4	507.4	456.6	1598.2	400.50	126.8
2026-07-06 10:05:00	2358.1	2240.2	2476.0	786.0	786.0	786.0	707.4	2476.0	400.50	196.5
2026-07-06 10:10:00	2218.2	2107.3	2329.1	739.4	739.4	739.4	665.4	2329.1	400.50	184.8
2026-07-06 10:15:00	1728.6	1642.2	1815.0	576.2	576.2	576.2	518.6	1815.0	400.50	144.1
2026-07-06 10:20:00	1622.5	1541.4	1703.6	540.8	540.8	540.8	486.7	1703.6	400.50	135.2
2026-07-06 10:25:00	2076.3	1972.5	2180.1	692.1	692.1	692.1	622.9	2180.1	400.50	173.0
2026-07-06 10:30:00	2647.0	2514.7	2779.4	882.3	882.3	882.3	794.1	2779.4	400.50	220.6
2026-07-06 10:35:00	1789.9	1700.4	1879.4	596.6	596.6	596.6	537.0	1879.4	400.50	149.2
2026-07-06 10:40:00	2501.8	2376.7	2626.9	833.9	833.9	833.9	750.6	2626.9	400.50	208.5
2026-07-06 10:45:00	2122.7	2016.6	2228.9	707.6	707.6	707.6	636.8	2228.9	400.50	176.9
2026-07-06 10:50:00	2021.8	1920.7	2122.9	673.9	673.9	673.9	606.5	2122.9	400.50	168.5
2026-07-06 10:55:00	1955.4	1857.6	2053.1	651.8	651.8	651.8	586.6	2053.1	400.50	162.9
2026-07-06 11:00:00	1716.3	1630.5	1802.1	572.1	572.1	572.1	514.9	1802.1	400.50	143.0
2026-07-06 11:05:00	1961.2	1863.1	2059.2	653.7	653.7	653.7	588.4	2059.2	400.50	163.4
2026-07-06 11:10:00	1540.3	1463.2	1617.3	513.4	513.4	513.4	462.1	1617.3	400.50	128.4
2026-07-06 11:15:00	2549.9	2422.4	2677.4	850.0	850.0	850.0	765.0	2677.4	400.50	212.5
2026-07-06 11:20:00	1778.0	1689.1	1866.9	592.7	592.7	592.7	533.4	1866.9	400.50	148.2
2026-07-06 11:25:00	2473.0	2349.3	2596.6	824.3	824.3	824.3	741.9	2596.6	400.50	206.1
2026-07-06 11:30:00	2197.5	2087.6	2307.4	732.5	732.5	732.5	659.3	2307.4	400.50	183.1
2026-07-06 11:35:00	2514.3	2388.6	2640.0	838.1	838.1	838.1	754.3	2640.0	400.50	209.5
2026-07-06 11:40:00	1608.4	1528.0	1688.9	536.1	536.1	536.1	482.5	1688.9	400.50	134.0
2026-07-06 11:45:00	2578.5	2449.6	2707.4	859.5	859.5	859.5	773.6	2707.4	400.50	214.9
2026-07-06 11:50:00	2585.7	2456.4	2714.9	861.9	861.9	861.9	775.7	2714.9	400.50	215.5
2026-07-06 11:55:00	2638.9	2506.9	2770.8	879.6	879.6	879.6	791.7	2770.8	400.50	219.9
2026-07-06 12:00:00	2360.4	2242.4	2478.5	786.8	786.8	786.8	708.1	2478.5	400.50	196.7
2026-07-06 12:05:00	2627.1	2495.8	2758.5	875.7	875.7	875.7	788.1	2758.5	400.50	218.9
2026-07-06 12:10:00	2010.3	1909.8	2110.8	670.1	670.1	670.1	603.1	2110.8	400.50	167.5
2026-07-06 12:15:00	2652.0	2519.4	2784.6	884.0	884.0	884.0	795.6	2784.6	400.50	221.0
2026-07-06 12:20:00	1889.5	1795.0	1983.9	629.8	629.8	629.8	566.8	1983.9	400.50	157.5
2026-07-06 12:25:00	1666.1	1582.8	1749.4	555.4	555.4	555.4	499.8	1749.4	400.50	138.8
2026-07-06 12:30:00	1635.8	1554.1	1717.6	545.3	545.3	545.3	490.8	1717.6	400.50	136.3
2026-07-06 12:35:00	2283.2	2169.0	2397.3	761.1	761.1	761.1	685.0	2397.3	400.50	190.3
2026-07-06 12:40:00	2545.4	2418.1	2672.6	848.5	848.5	848.5	763.6	2672.6	400.50	212.1
2026-07-06 12:45:00	2163.5	2055.4	2271.7	721.2	721.2	721.2	649.1	2271.7	400.50	180.3
2026-07-06 12:50:00	1541.1	1464.0	1618.1	513.7	513.7	513.7	462.3	1618.1	400.50	128.4
2026-07-06 12:55:00	2127.2	2020.8	2233.6	709.1	709.1	709.1	638.2	2233.6	400.50	177.3
2026-07-06 13:00:00	2443.1	2321.0	2565.3	814.4	814.4	814.4	732.9	2565.3	400.50	203.6
2026-07-06 13:05:00	1622.2	1541.1	1703.3	540.7	540.7	540.7	486.7	1703.3	400.50	135.2
2026-07-06 13:10:00	2487.2	2362.9	2611.6	829.1	829.1	829.1	746.2	2611.6	400.50	207.3
2026-07-06 13:15:00	1776.2	1687.4	1865.0	592.1	592.1	592.1	532.9	1865.0	400.50	148.0
2026-07-06 13:20:00	1831.4	1739.9	1923.0	610.5	610.5	610.5	549.4	1923.0	400.50	152.6
2026-07-06 13:25:00	2632.1	2500.5	2763.7	877.4	877.4	877.4	789.6	2763.7	400.50	219.3
2026-07-06 13:30:00	2019.4	1918.5	2120.4	673.1	673.1	673.1	605.8	2120.4	400.50	168.3
2026-07-06 13:35:00	1627.9	1546.5	1709.3	542.6	542.6	542.6	488.4	1709.3	400.50	135.7
2026-07-06 13:40:00	1796.8	1706.9	1886.6	598.9	598.9	598.9	539.0	1886.6	400.50	149.7
2026-07-06 13:45:00	1586.0	1506.7	1665.3	528.7	528.7	528.7	475.8	1665.3	400.50	132.2
2026-07-06 13:50:00	2295.7	2180.9	2410.5	765.2	765.2	765.2	688.7	2410.5	400.50	191.3
2026-07-06 13:55:00	2167.3	2059.0	2275.7	722.4	722.4	722.4	650.2	2275.7	400.50	180.6
2026-07-06 14:00:00	1680.9	1596.8	1764.9	560.3	560.3	560.3	504.3	1764.9	400.50	140.1
2026-07-06 14:05:00	2063.7	1960.5	2166.8	687.9	687.9	687.9	619.1	2166.8	400.50	172.0
2026-07-06 14:10:00	2652.3	2519.7	2784.9	884.1	884.1	884.1	795.7	2784.9	400.50	221.0
2026-07-06 14:15:00	2623.6	2492.5	2754.8	874.5	874.5	874.5	787.1	2754.8	400.50	218.6
2026-07-06 14:20:00	1503.6	1428.5	1578.8	501.2	501.2	501.2	451.1	1578.8	400.50	125.3
2026-07-06 14:25:00	2283.0	2168.9	2397.2	761.0	761.0	761.0	684.9	2397.2	400.50	190.3
2026-07-06 14:30:00	2160.1	2052.0	2268.1	720.0	720.0	720.0	648.0	2268.1	400.50	180.0
2026-07-06 14:35:00	2540.5	2413.5	2667.6	846.8	846.8	846.8	762.2	2667.6	400.50	211.7
2026-07-06 14:40:00	1726.1	1639.8	1812.4	575.4	575.4	575.4	517.8	1812.4	400.50	143.8
2026-07-06 14:45:00	1898.6	1803.6	1993.5	632.9	632.9	632.9	569.6	1993.5	400.50	158.2
2026-07-06 14:50:00	1892.3	1797.7	1986.9	630.8	630.8	630.8	567.7	1986.9	400.50	157.7
2026-07-06 14:55:00	2479.2	2355.2	2603.1	826.4	826.4	826.4	743.7	2603.1	400.50	206.6
2026-07-06 15:00:00	2389.3	2269.8	2508.7	796.4	796.4	796.4	716.8	2508.7	400.50	199.1
2026-07-06 15:05:00	2330.3	2213.7	2446.8	776.8	776.8	776.8	699.1	2446.8	400.50	194.2
2026-07-06 15:10:00	1626.8	1545.5	1708.2	542.3	542.3	542.3	488.1	1708.2	400.50	135.6
2026-07-06 15:15:00	2302.2	2187.1	2417.3	767.4	767.4	767.4	690.7	2417.3	400.50	191.9
2026-07-06 15:20:00	1807.5	1717.2	1897.9	602.5	602.5	602.5	542.3	1897.9	400.50	150.6
2026-07-06 15:25:00	2508.9	2383.5	2634.4	836.3	836.3	836.3	752.7	2634.4	400.50	209.1
2026-07-06 15:30:00	1732.2	1645.6	1818.8	577.4	577.4	577.4	519.7	1818.8	400.50	144.4
2026-07-06 15:35:00	2444.6	2322.3	2566.8	814.9	814.9	814.9	733.4	2566.8	400.50	203.7
2026-07-06 15:40:00	2115.4	2009.6	2221.1	705.1	705.1	705.1	634.6	2221.1	400.50	176.3
2026-07-06 15:45:00	1708.6	1623.1	1794.0	569.5	569.5	569.5	512.6	1794.0	400.50	142.4
2026-07-06 15:50:00	1860.6	1767.6	1953.7	620.2	620.2	620.2	558.2	1953.7	400.50	155.1
2026-07-06 15:55:00	2658.4	2525.5	2791.3	886.1	886.1	886.1	797.5	2791.3	400.50	221.5
2026-07-06 16:00:00	2094.5	1989.7	2199.2	698.2	698.2	698.2	628.3	2199.2	400.50	174.5
2026-07-06 16:05:00	2518.6	2392.7	2644.5	839.5	839.5	839.5	755.6	2644.5	400.50	209.9
2026-07-06 16:10:00	2358.3	2240.4	2476.2	786.1	786.1	786.1	707.5	2476.2	400.50	196.5
2026-07-06 16:15:00	2583.4	2454.3	2712.6	861.1	861.1	861.1	775.0	2712.6	400.50	215.3
2026-07-06 16:20:00	2063.0	1959.8	2166.1	687.7	687.7	687.7	618.9	2166.1	400.50	171.9
2026-07-06 16:25:00	2666.1	2532.8	2799.5	888.7	888.7	888.7	799.8	2799.5	400.50	222.2
2026-07-06 16:30:00	2416.8	2296.0	2537.6	805.6	805.6	805.6	725.0	2537.6	400.50	201.4
2026-07-06 16:35:00	2290.1	2175.6	2404.7	763.4	763.4	763.4	687.0	2404.7	400.50	190.8
2026-07-06 16:40:00	2525.4	2399.1	2651.6	841.8	841.8	841.8	757.6	2651.6	400.50	210.4
2026-07-06 16:45:00	1689.7	1605.3	1774.2	563.2	563.2	563.2	506.9	1774.2	400.50	140.8
2026-07-06 16:50:00	1808.6	1718.2	1899.1	602.9	602.9	602.9	542.6	1899.1	400.50	150.7
2026-07-06 16:55:00	2228.0	2116.6	2339.4	742.7	742.7	742.7	668.4	2339.4	400.50	185.7
2026-07-06 17:00:00	2169.5	2061.0	2278.0	723.2	723.2	723.2	650.9	2278.0	400.50	180.8
2026-07-06 17:05:00	1951.3	1853.7	2048.8	650.4	650.4	650.4	585.4	2048.8	400.50	162.6
2026-07-06 17:10:00	1680.0	1596.0	1764.0	560.0	560.0	560.0	504.0	1764.0	400.50	140.0
2026-07-06 17:15:00	1718.4	1632.5	1804.3	572.8	572.8	572.8	515.5	1804.3	400.50	143.2
2026-07-06 17:20:00	1698.2	1613.3	1783.1	566.1	566.1	566.1	509.5	1783.1	400.50	141.5
2026-07-06 17:25:00	2064.1	1960.9	2167.3	688.0	688.0	688.0	619.2	2167.3	400.50	172.0
2026-07-06 17:30:00	1696.3	1611.5	1781.1	565.4	565.4	565.4	508.9	1781.1	400.50	141.4
2026-07-06 17:35:00	1697.7	1612.8	1782.5	565.9	565.9	565.9	509.3	1782.5	400.50	141.5
2026-07-06 17:40:00	2018.2	1917.3	2119.1	672.7	672.7	672.7	605.5	2119.1	400.50	168.2
2026-07-06 17:45:00	2660.5	2527.4	2793.5	886.8	886.8	886.8	798.1	2793.5	400.50	221.7
2026-07-06 17:50:00	2632.9	2501.3	2764.6	877.6	877.6	877.6	789.9	2764.6	400.50	219.4
2026-07-06 17:55:00	2536.6	2409.8	2663.5	845.5	845.5	845.5	761.0	2663.5	400.50	211.4
2026-07-06 18:00:00	1755.3	1667.5	1843.0	585.1	585.1	585.1	526.6	1843.0	400.50	146.3
2026-07-06 18:05:00	1843.8	1751.6	1936.0	614.6	614.6	614.6	553.1	1936.0	400.50	153.7
2026-07-06 18:10:00	1812.5	1721.8	1903.1	604.2	604.2	604.2	543.7	1903.1	400.50	151.0
2026-07-06 18:15:00	2502.6	2377.5	2627.8	834.2	834.2	834.2	750.8	2627.8	400.50	208.6
2026-07-06 18:20:00	2679.6	2545.6	2813.6	893.2	893.2	893.2	803.9	2813.6	400.50	223.3
2026-07-06 18:25:00	1606.4	1526.1	1686.8	535.5	535.5	535.5	481.9	1686.8	400.50	133.9
2026-07-06 18:30:00	2142.7	2035.6	2249.9	714.2	714.2	714.2	642.8	2249.9	400.50	178.6
2026-07-06 18:35:00	2140.1	2033.1	2247.1	713.4	713.4	713.4	642.0	2247.1	400.50	178.3
2026-07-06 18:40:00	2130.2	2023.6	2236.7	710.1	710.1	710.1	639.0	2236.7	400.50	177.5
2026-07-06 18:45:00	2106.1	2000.8	2211.4	702.0	702.0	702.0	631.8	2211.4	400.50	175.5
2026-07-06 18:50:00	1593.4	1513.7	1673.1	531.1	531.1	531.1	478.0	1673.1	400.50	132.8
2026-07-06 18:55:00	1936.4	1839.5	2033.2	645.5	645.5	645.5	580.9	2033.2	400.50	161.4
2026-07-06 19:00:00	2661.4	2528.3	2794.4	887.1	887.1	887.1	798.4	2794.4	400.50	221.8
2026-07-06 19:05:00	2301.5	2186.4	2416.6	767.2	767.2	767.2	690.5	2416.6	400.50	191.8
2026-07-06 19:10:00	2358.8	2240.8	2476.7	786.3	786.3	786.3	707.6	2476.7	400.50	196.6
2026-07-06 19:15:00	2322.6	2206.4	2438.7	774.2	774.2	774.2	696.8	2438.7	400.50	193.5
2026-07-06 19:20:00	2403.5	2283.3	2523.7	801.2	801.2	801.2	721.1	2523.7	400.50	200.3
2026-07-06 19:25:00	1991.6	1892.0	2091.1	663.9	663.9	663.9	597.5	2091.1	400.50	166.0
2026-07-06 19:30:00	2335.8	2219.0	2452.6	778.6	778.6	778.6	700.7	2452.6	400.50	194.7
2026-07-06 19:35:00	2380.2	2261.2	2499.2	793.4	793.4	793.4	714.1	2499.2	400.50	198.3
2026-07-06 19:40:00	2313.2	2197.6	2428.9	771.1	771.1	771.1	694.0	2428.9	400.50	192.8
2026-07-06 19:45:00	2260.0	2147.0	2373.0	753.3	753.3	753.3	678.0	2373.0	400.50	188.3
2026-07-06 19:50:00	2466.1	2342.8	2589.4	822.0	822.0	822.0	739.8	2589.4	400.50	205.5
2026-07-06 19:55:00	1937.6	1840.8	2034.5	645.9	645.9	645.9	581.3	2034.5	400.50	161.5
2026-07-06 20:00:00	2272.5	2158.9	2386.1	757.5	757.5	757.5	681.7	2386.1	400.50	189.4
2026-07-06 20:05:00	1546.4	1469.1	1623.7	515.5	515.5	515.5	463.9	1623.7	400.50	128.9
2026-07-06 20:10:00	1710.6	1625.1	1796.1	570.2	570.2	570.2	513.2	1796.1	400.50	142.6
2026-07-06 20:15:00	2370.0	2251.5	2488.5	790.0	790.0	790.0	711.0	2488.5	400.50	197.5
2026-07-06 20:20:00	1883.2	1789.0	1977.4	627.7	627.7	627.7	565.0	1977.4	400.50	156.9
2026-07-06 20:25:00	2627.1	2495.7	2758.4	875.7	875.7	875.7	788.1	2758.4	400.50	218.9
2026-07-06 20:30:00	2044.3	1942.0	2146.5	681.4	681.4	681.4	613.3	2146.5	400.50	170.4
2026-07-06 20:35:00	1810.5	1720.0	1901.1	603.5	603.5	603.5	543.2	1901.1	400.50	150.9
2026-07-06 20:40:00	2016.4	1915.6	2117.2	672.1	672.1	672.1	604.9	2117.2	400.50	168.0
2026-07-06 20:45:00	2603.5	2473.3	2733.7	867.8	867.8	867.8	781.1	2733.7	400.50	217.0
2026-07-06 20:50:00	2058.6	1955.7	2161.5	686.2	686.2	686.2	617.6	2161.5	400.50	171.6
2026-07-06 20:55:00	2291.6	2177.0	2406.2	763.9	763.9	763.9	687.5	2406.2	400.50	191.0
2026-07-06 21:00:00	2191.9	2082.3	2301.5	730.6	730.6	730.6	657.6	2301.5	400.50	182.7
2026-07-06 21:05:00	2696.4	2561.6	2831.2	898.8	898.8	898.8	808.9	2831.2	400.50	224.7
2026-07-06 21:10:00	1728.4	1641.9	1814.8	576.1	576.1	576.1	518.5	1814.8	400.50	144.0
2026-07-06 21:15:00	1597.3	1517.4	1677.2	532.4	532.4	532.4	479.2	1677.2	400.50	133.1
2026-07-06 21:20:00	2013.5	1912.8	2114.2	671.2	671.2	671.2	604.1	2114.2	400.50	167.8
2026-07-06 21:25:00	2426.0	2304.7	2547.3	808.7	808.7	808.7	727.8	2547.3	400.50	202.2
2026-07-06 21:30:00	2082.8	1978.6	2186.9	694.3	694.3	694.3	624.8	2186.9	400.50	173.6
2026-07-06 21:35:00	2352.1	2234.5	2469.7	784.0	784.0	784.0	705.6	2469.7	400.50	196.0
2026-07-06 21:40:00	2595.7	2465.9	2725.5	865.2	865.2	865.2	778.7	2725.5	400.50	216.3
2026-07-06 21:45:00	2487.2	2362.8	2611.6	829.1	829.1	829.1	746.2	2611.6	400.50	207.3
2026-07-06 21:50:00	2068.5	1965.1	2171.9	689.5	689.5	689.5	620.6	2171.9	400.50	172.4
2026-07-06 21:55:00	1714.5	1628.8	1800.2	571.5	571.5	571.5	514.3	1800.2	400.50	142.9
2026-07-06 22:00:00	2627.5	2496.1	2758.9	875.8	875.8	875.8	788.2	2758.9	400.50	219.0
2026-07-06 22:05:00	2634.9	2503.2	2766.6	878.3	878.3	878.3	790.5	2766.6	400.50	219.6
2026-07-06 22:10:00	2673.3	2539.6	2806.9	891.1	891.1	891.1	802.0	2806.9	400.50	222.8
2026-07-06 22:15:00	2536.9	2410.1	2663.8	845.6	845.6	845.6	761.1	2663.8	400.50	211.4
2026-07-06 22:20:00	1593.4	1513.7	1673.1	531.1	531.1	531.1	478.0	1673.1	400.50	132.8
2026-07-06 22:25:00	1692.3	1607.7	1776.9	564.1	564.1	564.1	507.7	1776.9	400.50	141.0
2026-07-06 22:30:00	2453.7	2331.1	2576.4	817.9	817.9	817.9	736.1	2576.4	400.50	204.5
2026-07-06 22:35:00	1936.7	1839.9	2033.5	645.6	645.6	645.6	581.0	2033.5	400.50	161.4
2026-07-06 22:40:00	2311.9	2196.3	2427.5	770.6	770.6	770.6	693.6	2427.5	400.50	192.7
2026-07-06 22:45:00	2158.8	2050.8	2266.7	719.6	719.6	719.6	647.6	2266.7	400.50	179.9
2026-07-06 22:50:00	1724.0	1637.8	1810.2	574.7	574.7	574.7	517.2	1810.2	400.50	143.7
2026-07-06 22:55:00	1920.0	1824.0	2016.0	640.0	640.0	640.0	576.0	2016.0	400.50	160.0
2026-07-06 23:00:00	2147.5	2040.1	2254.9	715.8	715.8	715.8	644.2	2254.9	400.50	179.0
2026-07-06 23:05:00	2210.9	2100.3	2321.4	737.0	737.0	737.0	663.3	2321.4	400.50	184.2
2026-07-06 23:10:00	2002.5	1902.4	2102.6	667.5	667.5	667.5	600.7	2102.6	400.50	166.9
2026-07-06 23:15:00	2228.4	2117.0	2339.8	742.8	742.8	742.8	668.5	2339.8	400.50	185.7
2026-07-06 23:20:00	1526.5	1450.2	1602.9	508.8	508.8	508.8	458.0	1602.9	400.50	127.2
2026-07-06 23:25:00	2676.6	2542.8	2810.4	892.2	892.2	892.2	803.0	2810.4	400.50	223.1
2026-07-06 23:30:00	1780.4	1691.4	1869.4	593.5	593.5	593.5	534.1	1869.4	400.50	148.4
2026-07-06 23:35:00	2398.3	2278.4	2518.2	799.4	799.4	799.4	719.5	2518.2	400.50	199.9
2026-07-06 23:40:00	2681.9	2547.8	2816.0	894.0	894.0	894.0	804.6	2816.0	400.50	223.5
2026-07-06 23:45:00	1733.1	1646.4	1819.8	577.7	577.7	577.7	519.9	1819.8	400.50	144.4
2026-07-06 23:50:00	2356.3	2238.5	2474.1	785.4	785.4	785.4	706.9	2474.1	400.50	196.4
2026-07-06 23:55:00	2365.4	2247.1	2483.6	788.5	788.5	788.5	709.6	2483.6	400.50	197.1
2026-07-07 00:00:00	2581.1	2452.1	2710.2	860.4	860.4	860.4	774.3	2710.2	400.50	215.1
2026-07-07 00:05:00	2130.9	2024.3	2237.4	710.3	710.3	710.3	639.3	2237.4	400.50	177.6
2026-07-07 00:10:00	2312.6	2197.0	2428.3	770.9	770.9	770.9	693.8	2428.3	400.50	192.7
2026-07-07 00:15:00	2363.5	2245.4	2481.7	787.8	787.8	787.8	709.1	2481.7	400.50	197.0
2026-07-07 00:20:00	1508.5	1433.1	1583.9	502.8	502.8	502.8	452.5	1583.9	400.50	125.7
2026-07-07 00:25:00	2627.3	2496.0	2758.7	875.8	875.8	875.8	788.2	2758.7	400.50	218.9
2026-07-07 00:30:00	1789.4	1699.9	1878.9	596.5	596.5	596.5	536.8	1878.9	400.50	149.1
2026-07-07 00:35:00	1922.7	1826.5	2018.8	640.9	640.9	640.9	576.8	2018.8	400.50	160.2
2026-07-07 00:40:00	2236.1	2124.3	2347.9	745.4	745.4	745.4	670.8	2347.9	400.50	186.3
2026-07-07 00:45:00	2566.9	2438.6	2695.3	855.6	855.6	855.6	770.1	2695.3	400.50	213.9
2026-07-07 00:50:00	2068.9	1965.4	2172.3	689.6	689.6	689.6	620.7	2172.3	400.50	172.4
2026-07-07 00:55:00	2052.3	1949.7	2154.9	684.1	684.1	684.1	615.7	2154.9	400.50	171.0
2026-07-07 01:00:00	2343.4	2226.2	2460.5	781.1	781.1	781.1	703.0	2460.5	400.50	195.3
2026-07-07 01:05:00	2525.1	2398.8	2651.3	841.7	841.7	841.7	757.5	2651.3	400.50	210.4
2026-07-07 01:10:00	2218.6	2107.7	2329.6	739.5	739.5	739.5	665.6	2329.6	400.50	184.9
2026-07-07 01:15:00	2260.0	2147.0	2373.0	753.3	753.3	753.3	678.0	2373.0	400.50	188.3
2026-07-07 01:20:00	2003.0	1902.9	2103.2	667.7	667.7	667.7	600.9	2103.2	400.50	166.9
2026-07-07 01:25:00	1579.2	1500.3	1658.2	526.4	526.4	526.4	473.8	1658.2	400.50	131.6
2026-07-07 01:30:00	2047.3	1944.9	2149.7	682.4	682.4	682.4	614.2	2149.7	400.50	170.6
2026-07-07 01:35:00	1921.3	1825.3	2017.4	640.4	640.4	640.4	576.4	2017.4	400.50	160.1
2026-07-07 01:40:00	2539.1	2412.1	2666.0	846.4	846.4	846.4	761.7	2666.0	400.50	211.6
2026-07-07 01:45:00	1631.1	1549.5	1712.6	543.7	543.7	543.7	489.3	1712.6	400.50	135.9
2026-07-07 01:50:00	1562.1	1483.9	1640.2	520.7	520.7	520.7	468.6	1640.2	400.50	130.2
2026-07-07 01:55:00	2367.7	2249.3	2486.1	789.2	789.2	789.2	710.3	2486.1	400.50	197.3
2026-07-07 02:00:00	2472.9	2349.3	2596.6	824.3	824.3	824.3	741.9	2596.6	400.50	206.1
2026-07-07 02:05:00	2549.3	2421.8	2676.7	849.8	849.8	849.8	764.8	2676.7	400.50	212.4
2026-07-07 02:10:00	2223.5	2112.3	2334.6	741.2	741.2	741.2	667.0	2334.6	400.50	185.3
2026-07-07 02:15:00	1690.7	1606.1	1775.2	563.6	563.6	563.6	507.2	1775.2	400.50	140.9
2026-07-07 02:20:00	1722.6	1636.5	1808.7	574.2	574.2	574.2	516.8	1808.7	400.50	143.6
2026-07-07 02:25:00	1888.0	1793.6	1982.4	629.3	629.3	629.3	566.4	1982.4	400.50	157.3
2026-07-07 02:30:00	2643.9	2511.7	2776.1	881.3	881.3	881.3	793.2	2776.1	400.50	220.3
2026-07-07 02:35:00	1588.9	1509.4	1668.3	529.6	529.6	529.6	476.7	1668.3	400.50	132.4
2026-07-07 02:40:00	2476.0	2352.2	2599.8	825.3	825.3	825.3	742.8	2599.8	400.50	206.3
2026-07-07 02:45:00	1807.6	1717.2	1898.0	602.5	602.5	602.5	542.3	1898.0	400.50	150.6
2026-07-07 02:50:00	2230.7	2119.1	2342.2	743.6	743.6	743.6	669.2	2342.2	400.50	185.9
2026-07-07 02:55:00	1860.9	1767.9	1953.9	620.3	620.3	620.3	558.3	1953.9	400.50	155.1
2026-07-07 03:00:00	1765.2	1676.9	1853.4	588.4	588.4	588.4	529.6	1853.4	400.50	147.1
2026-07-07 03:05:00	1873.4	1779.8	1967.1	624.5	624.5	624.5	562.0	1967.1	400.50	156.1
2026-07-07 03:10:00	2345.3	2228.0	2462.6	781.8	781.8	781.8	703.6	2462.6	400.50	195.4
2026-07-07 03:15:00	2391.5	2271.9	2511.1	797.2	797.2	797.2	717.4	2511.1	400.50	199.3
2026-07-07 03:20:00	1624.6	1543.4	1705.8	541.5	541.5	541.5	487.4	1705.8	400.50	135.4
2026-07-07 03:25:00	1748.6	1661.2	1836.1	582.9	582.9	582.9	524.6	1836.1	400.50	145.7
2026-07-07 03:30:00	1737.6	1650.7	1824.5	579.2	579.2	579.2	521.3	1824.5	400.50	144.8
2026-07-07 03:35:00	2451.9	2329.3	2574.5	817.3	817.3	817.3	735.6	2574.5	400.50	204.3
2026-07-07 03:40:00	1666.9	1583.6	1750.2	555.6	555.6	555.6	500.1	1750.2	400.50	138.9
2026-07-07 03:45:00	2150.0	2042.5	2257.5	716.7	716.7	716.7	645.0	2257.5	400.50	179.2
2026-07-07 03:50:00	2093.2	1988.6	2197.9	697.7	697.7	697.7	628.0	2197.9	400.50	174.4
2026-07-07 03:55:00	2366.7	2248.3	2485.0	788.9	788.9	788.9	710.0	2485.0	400.50	197.2
2026-07-07 04:00:00	2051.1	1948.5	2153.7	683.7	683.7	683.7	615.3	2153.7	400.50	170.9
2026-07-07 04:05:00	2619.2	2488.2	2750.1	873.1	873.1	873.1	785.8	2750.1	400.50	218.3
2026-07-07 04:10:00	1726.6	1640.3	1813.0	575.5	575.5	575.5	518.0	1813.0	400.50	143.9
2026-07-07 04:15:00	2486.7	2362.4	2611.1	828.9	828.9	828.9	746.0	2611.1	400.50	207.2
2026-07-07 04:20:00	1825.8	1734.5	1917.1	608.6	608.6	608.6	547.7	1917.1	400.50	152.2
2026-07-07 04:25:00	2358.0	2240.1	2475.9	786.0	786.0	786.0	707.4	2475.9	400.50	196.5
2026-07-07 04:30:00	1662.2	1579.1	1745.3	554.1	554.1	554.1	498.7	1745.3	400.50	138.5
2026-07-07 04:35:00	1626.5	1545.2	1707.8	542.2	542.2	542.2	487.9	1707.8	400.50	135.5
2026-07-07 04:40:00	1592.9	1513.3	1672.6	531.0	531.0	531.0	477.9	1672.6	400.50	132.7
2026-07-07 04:45:00	2311.3	2195.7	2426.9	770.4	770.4	770.4	693.4	2426.9	400.50	192.6
2026-07-07 04:50:00	1934.1	1837.4	2030.8	644.7	644.7	644.7	580.2	2030.8	400.50	161.2
2026-07-07 04:55:00	2112.7	2007.1	2218.4	704.2	704.2	704.2	633.8	2218.4	400.50	176.1
2026-07-07 05:00:00	1986.6	1887.2	2085.9	662.2	662.2	662.2	596.0	2085.9	400.50	165.5
2026-07-07 05:05:00	2022.7	1921.6	2123.9	674.2	674.2	674.2	606.8	2123.9	400.50	168.6
2026-07-07 05:10:00	1517.6	1441.7	1593.5	505.9	505.9	505.9	455.3	1593.5	400.50	126.5
2026-07-07 05:15:00	2307.4	2192.0	2422.7	769.1	769.1	769.1	692.2	2422.7	400.50	192.3
2026-07-07 05:20:00	2308.2	2192.8	2423.6	769.4	769.4	769.4	692.5	2423.6	400.50	192.3
2026-07-07 05:25:00	2146.4	2039.1	2253.7	715.5	715.5	715.5	643.9	2253.7	400.50	178.9
2026-07-07 05:30:00	2197.2	2087.4	2307.1	732.4	732.4	732.4	659.2	2307.1	400.50	183.1
2026-07-07 05:35:00	2236.3	2124.5	2348.1	745.4	745.4	745.4	670.9	2348.1	400.50	186.4
2026-07-07 05:40:00	2685.2	2550.9	2819.4	895.1	895.1	895.1	805.6	2819.4	400.50	223.8
2026-07-07 05:45:00	2634.8	2503.1	2766.6	878.3	878.3	878.3	790.4	2766.6	400.50	219.6
2026-07-07 05:50:00	2576.8	2447.9	2705.6	858.9	858.9	858.9	773.0	2705.6	400.50	214.7
2026-07-07 05:55:00	2404.2	2284.0	2524.4	801.4	801.4	801.4	721.3	2524.4	400.50	200.4
2026-07-07 06:00:00	2488.0	2363.6	2612.4	829.3	829.3	829.3	746.4	2612.4	400.50	207.3
2026-07-07 06:05:00	2269.9	2156.4	2383.4	756.6	756.6	756.6	681.0	2383.4	400.50	189.2
2026-07-07 06:10:00	2309.8	2194.4	2425.3	769.9	769.9	769.9	693.0	2425.3	400.50	192.5
2026-07-07 06:15:00	1757.0	1669.1	1844.8	585.7	585.7	585.7	527.1	1844.8	400.50	146.4
2026-07-07 06:20:00	2623.4	2492.2	2754.5	874.5	874.5	874.5	787.0	2754.5	400.50	218.6
2026-07-07 06:25:00	1537.6	1460.7	1614.4	512.5	512.5	512.5	461.3	1614.4	400.50	128.1
2026-07-07 06:30:00	1844.1	1751.9	1936.3	614.7	614.7	614.7	553.2	1936.3	400.50	153.7
2026-07-07 06:35:00	1724.5	1638.3	1810.7	574.8	574.8	574.8	517.3	1810.7	400.50	143.7
2026-07-07 06:40:00	2199.8	2089.8	2309.8	733.3	733.3	733.3	659.9	2309.8	400.50	183.3
2026-07-07 06:45:00	1795.0	1705.3	1884.8	598.3	598.3	598.3	538.5	1884.8	400.50	149.6
2026-07-07 06:50:00	2014.2	1913.5	2114.9	671.4	671.4	671.4	604.3	2114.9	400.50	167.9
2026-07-07 06:55:00	2262.9	2149.7	2376.0	754.3	754.3	754.3	678.9	2376.0	400.50	188.6
2026-07-07 07:00:00	2398.9	2279.0	2518.9	799.6	799.6	799.6	719.7	2518.9	400.50	199.9
2026-07-07 07:05:00	1597.1	1517.3	1677.0	532.4	532.4	532.4	479.1	1677.0	400.50	133.1
2026-07-07 07:10:00	2509.2	2383.8	2634.7	836.4	836.4	836.4	752.8	2634.7	400.50	209.1
2026-07-07 07:15:00	1965.8	1867.5	2064.1	655.3	655.3	655.3	589.7	2064.1	400.50	163.8
2026-07-07 07:20:00	1657.1	1574.2	1739.9	552.4	552.4	552.4	497.1	1739.9	400.50	138.1
2026-07-07 07:25:00	2305.1	2189.8	2420.4	768.4	768.4	768.4	691.5	2420.4	400.50	192.1
2026-07-07 07:30:00	2062.7	1959.6	2165.9	687.6	687.6	687.6	618.8	2165.9	400.50	171.9
2026-07-07 07:35:00	2189.0	2079.5	2298.4	729.7	729.7	729.7	656.7	2298.4	400.50	182.4
2026-07-07 07:40:00	2580.2	2451.2	2709.2	860.1	860.1	860.1	774.1	2709.2	400.50	215.0
2026-07-07 07:45:00	2678.0	2544.1	2811.9	892.7	892.7	892.7	803.4	2811.9	400.50	223.2
2026-07-07 07:50:00	1675.8	1592.0	1759.6	558.6	558.6	558.6	502.7	1759.6	400.50	139.6
2026-07-07 07:55:00	2657.5	2524.6	2790.4	885.8	885.8	885.8	797.3	2790.4	400.50	221.5
2026-07-07 08:00:00	2593.6	2463.9	2723.2	864.5	864.5	864.5	778.1	2723.2	400.50	216.1
2026-07-07 08:05:00	2407.0	2286.7	2527.4	802.3	802.3	802.3	722.1	2527.4	400.50	200.6
2026-07-07 08:10:00	2407.7	2287.3	2528.1	802.6	802.6	802.6	722.3	2528.1	400.50	200.6
2026-07-07 08:15:00	1949.0	1851.6	2046.5	649.7	649.7	649.7	584.7	2046.5	400.50	162.4
2026-07-07 08:20:00	2432.2	2310.6	2553.8	810.7	810.7	810.7	729.7	2553.8	400.50	202.7
2026-07-07 08:25:00	1968.4	1870.0	2066.8	656.1	656.1	656.1	590.5	2066.8	400.50	164.0
2026-07-07 08:30:00	1882.6	1788.5	1976.8	627.5	627.5	627.5	564.8	1976.8	400.50	156.9
2026-07-07 08:35:00	1593.4	1513.7	1673.1	531.1	531.1	531.1	478.0	1673.1	400.50	132.8
2026-07-07 08:40:00	2281.0	2167.0	2395.1	760.3	760.3	760.3	684.3	2395.1	400.50	190.1
2026-07-07 08:45:00	2530.7	2404.2	2657.2	843.6	843.6	843.6	759.2	2657.2	400.50	210.9
2026-07-07 08:50:00	2532.5	2405.9	2659.2	844.2	844.2	844.2	759.8	2659.2	400.50	211.0
2026-07-07 08:55:00	1634.4	1552.7	1716.1	544.8	544.8	544.8	490.3	1716.1	400.50	136.2
2026-07-07 09:00:00	2482.7	2358.6	2606.8	827.6	827.6	827.6	744.8	2606.8	400.50	206.9
2026-07-07 09:05:00	2169.5	2061.0	2278.0	723.2	723.2	723.2	650.8	2278.0	400.50	180.8
2026-07-07 09:10:00	2607.7	2477.3	2738.1	869.2	869.2	869.2	782.3	2738.1	400.50	217.3
2026-07-07 09:15:00	1643.8	1561.6	1725.9	547.9	547.9	547.9	493.1	1725.9	400.50	137.0
2026-07-07 09:20:00	2638.7	2506.8	2770.6	879.6	879.6	879.6	791.6	2770.6	400.50	219.9
2026-07-07 09:25:00	2030.4	1928.9	2131.9	676.8	676.8	676.8	609.1	2131.9	400.50	169.2
2026-07-07 09:30:00	2343.5	2226.3	2460.7	781.2	781.2	781.2	703.1	2460.7	400.50	195.3
2026-07-07 09:35:00	1531.8	1455.2	1608.4	510.6	510.6	510.6	459.5	1608.4	400.50	127.7
2026-07-07 09:40:00	1575.4	1496.6	1654.2	525.1	525.1	525.1	472.6	1654.2	400.50	131.3
2026-07-07 09:45:00	1995.0	1895.3	2094.8	665.0	665.0	665.0	598.5	2094.8	400.50	166.3
2026-07-07 09:50:00	2448.9	2326.4	2571.3	816.3	816.3	816.3	734.7	2571.3	400.50	204.1
2026-07-07 09:55:00	1729.8	1643.3	1816.3	576.6	576.6	576.6	518.9	1816.3	400.50	144.2
2026-07-07 10:00:00	1554.6	1476.9	1632.3	518.2	518.2	518.2	466.4	1632.3	400.50	129.6
2026-07-07 10:05:00	2489.6	2365.2	2614.1	829.9	829.9	829.9	746.9	2614.1	400.50	207.5
2026-07-07 10:10:00	2259.2	2146.3	2372.2	753.1	753.1	753.1	677.8	2372.2	400.50	188.3
2026-07-07 10:15:00	2525.7	2399.5	2652.0	841.9	841.9	841.9	757.7	2652.0	400.50	210.5
2026-07-07 10:20:00	2478.7	2354.8	2602.7	826.2	826.2	826.2	743.6	2602.7	400.50	206.6
2026-07-07 10:25:00	2147.1	2039.7	2254.4	715.7	715.7	715.7	644.1	2254.4	400.50	178.9
2026-07-07 10:30:00	1742.7	1655.5	1829.8	580.9	580.9	580.9	522.8	1829.8	400.50	145.2
2026-07-07 10:35:00	2624.5	2493.3	2755.7	874.8	874.8	874.8	787.4	2755.7	400.50	218.7
2026-07-07 10:40:00	2138.0	2031.1	2244.9	712.7	712.7	712.7	641.4	2244.9	400.50	178.2
2026-07-07 10:45:00	1867.9	1774.5	1961.3	622.6	622.6	622.6	560.4	1961.3	400.50	155.7
2026-07-07 10:50:00	2544.6	2417.4	2671.8	848.2	848.2	848.2	763.4	2671.8	400.50	212.1
2026-07-07 10:55:00	2151.2	2043.6	2258.8	717.1	717.1	717.1	645.4	2258.8	400.50	179.3
2026-07-07 11:00:00	1520.9	1444.9	1597.0	507.0	507.0	507.0	456.3	1597.0	400.50	126.7
2026-07-07 11:05:00	2130.7	2024.2	2237.3	710.2	710.2	710.2	639.2	2237.3	400.50	177.6
2026-07-07 11:10:00	1812.1	1721.5	1902.7	604.0	604.0	604.0	543.6	1902.7	400.50	151.0
2026-07-07 11:15:00	2465.7	2342.4	2588.9	821.9	821.9	821.9	739.7	2588.9	400.50	205.5
2026-07-07 11:20:00	1800.3	1710.3	1890.3	600.1	600.1	600.1	540.1	1890.3	400.50	150.0
2026-07-07 11:25:00	1702.9	1617.7	1788.0	567.6	567.6	567.6	510.9	1788.0	400.50	141.9
2026-07-07 11:30:00	1775.3	1686.5	1864.1	591.8	591.8	591.8	532.6	1864.1	400.50	147.9
2026-07-07 11:35:00	1524.8	1448.5	1601.0	508.3	508.3	508.3	457.4	1601.0	400.50	127.1
2026-07-07 11:40:00	2037.4	1935.6	2139.3	679.1	679.1	679.1	611.2	2139.3	400.50	169.8
2026-07-07 11:45:00	2488.9	2364.4	2613.3	829.6	829.6	829.6	746.7	2613.3	400.50	207.4
2026-07-07 11:50:00	2209.8	2099.3	2320.3	736.6	736.6	736.6	662.9	2320.3	400.50	184.2
2026-07-07 11:55:00	2032.7	1931.0	2134.3	677.6	677.6	677.6	609.8	2134.3	400.50	169.4
2026-07-07 12:00:00	1839.5	1747.5	1931.5	613.2	613.2	613.2	551.8	1931.5	400.50	153.3
2026-07-07 12:05:00	2566.1	2437.8	2694.4	855.4	855.4	855.4	769.8	2694.4	400.50	213.8
2026-07-07 12:10:00	2283.6	2169.4	2397.7	761.2	761.2	761.2	685.1	2397.7	400.50	190.3
2026-07-07 12:15:00	1757.0	1669.1	1844.8	585.7	585.7	585.7	527.1	1844.8	400.50	146.4
2026-07-07 12:20:00	2363.6	2245.4	2481.8	787.9	787.9	787.9	709.1	2481.8	400.50	197.0
2026-07-07 12:25:00	1546.1	1468.8	1623.4	515.4	515.4	515.4	463.8	1623.4	400.50	128.8
2026-07-07 12:30:00	2560.3	2432.3	2688.3	853.4	853.4	853.4	768.1	2688.3	400.50	213.4
2026-07-07 12:35:00	2246.4	2134.0	2358.7	748.8	748.8	748.8	673.9	2358.7	400.50	187.2
2026-07-07 12:40:00	1656.9	1574.0	1739.7	552.3	552.3	552.3	497.1	1739.7	400.50	138.1
2026-07-07 12:45:00	1793.7	1704.0	1883.4	597.9	597.9	597.9	538.1	1883.4	400.50	149.5
2026-07-07 12:50:00	1972.2	1873.6	2070.9	657.4	657.4	657.4	591.7	2070.9	400.50	164.4
2026-07-07 12:55:00	1533.2	1456.6	1609.9	511.1	511.1	511.1	460.0	1609.9	400.50	127.8
2026-07-07 13:00:00	2324.9	2208.7	2441.2	775.0	775.0	775.0	697.5	2441.2	400.50	193.7
2026-07-07 13:05:00	1634.1	1552.4	1715.8	544.7	544.7	544.7	490.2	1715.8	400.50	136.2
2026-07-07 13:10:00	2555.3	2427.5	2683.0	851.8	851.8	851.8	766.6	2683.0	400.50	212.9
2026-07-07 13:15:00	1627.2	1545.8	1708.5	542.4	542.4	542.4	488.1	1708.5	400.50	135.6
2026-07-07 13:20:00	1686.2	1601.9	1770.5	562.1	562.1	562.1	505.9	1770.5	400.50	140.5
2026-07-07 13:25:00	2124.4	2018.2	2230.7	708.1	708.1	708.1	637.3	2230.7	400.50	177.0
2026-07-07 13:30:00	1825.2	1734.0	1916.5	608.4	608.4	608.4	547.6	1916.5	400.50	152.1
2026-07-07 13:35:00	2576.4	2447.6	2705.2	858.8	858.8	858.8	772.9	2705.2	400.50	214.7
2026-07-07 13:40:00	2332.6	2216.0	2449.3	777.5	777.5	777.5	699.8	2449.3	400.50	194.4
2026-07-07 13:45:00	1550.8	1473.2	1628.3	516.9	516.9	516.9	465.2	1628.3	400.50	129.2
2026-07-07 13:50:00	1851.1	1758.5	1943.6	617.0	617.0	617.0	555.3	1943.6	400.50	154.3
2026-07-07 13:55:00	2684.0	2549.8	2818.2	894.7	894.7	894.7	805.2	2818.2	400.50	223.7
2026-07-07 14:00:00	1534.3	1457.5	1611.0	511.4	511.4	511.4	460.3	1611.0	400.50	127.9
2026-07-07 14:05:00	2481.1	2357.0	2605.1	827.0	827.0	827.0	744.3	2605.1	400.50	206.8
2026-07-07 14:10:00	1635.0	1553.3	1716.8	545.0	545.0	545.0	490.5	1716.8	400.50	136.3
2026-07-07 14:15:00	1836.3	1744.5	1928.1	612.1	612.1	612.1	550.9	1928.1	400.50	153.0
2026-07-07 14:20:00	2366.4	2248.1	2484.7	788.8	788.8	788.8	709.9	2484.7	400.50	197.2
2026-07-07 14:25:00	2336.7	2219.9	2453.5	778.9	778.9	778.9	701.0	2453.5	400.50	194.7
2026-07-07 14:30:00	1763.6	1675.4	1851.7	587.9	587.9	587.9	529.1	1851.7	400.50	147.0
2026-07-07 14:35:00	2386.2	2266.9	2505.5	795.4	795.4	795.4	715.9	2505.5	400.50	198.9
2026-07-07 14:40:00	1696.7	1611.8	1781.5	565.6	565.6	565.6	509.0	1781.5	400.50	141.4
2026-07-07 14:45:00	2332.9	2216.3	2449.6	777.6	777.6	777.6	699.9	2449.6	400.50	194.4
2026-07-07 14:50:00	1982.2	1883.1	2081.4	660.7	660.7	660.7	594.7	2081.4	400.50	165.2
2026-07-07 14:55:00	2076.6	1972.7	2180.4	692.2	692.2	692.2	623.0	2180.4	400.50	173.0
2026-07-07 15:00:00	1868.2	1774.8	1961.6	622.7	622.7	622.7	560.5	1961.6	400.50	155.7
2026-07-07 15:05:00	2117.2	2011.3	2223.0	705.7	705.7	705.7	635.2	2223.0	400.50	176.4
2026-07-07 15:10:00	2672.5	2538.9	2806.2	890.8	890.8	890.8	801.8	2806.2	400.50	222.7
2026-07-07 15:15:00	1871.0	1777.4	1964.5	623.7	623.7	623.7	561.3	1964.5	400.50	155.9
2026-07-07 15:20:00	2319.1	2203.2	2435.1	773.0	773.0	773.0	695.7	2435.1	400.50	193.3
2026-07-07 15:25:00	2531.2	2404.6	2657.7	843.7	843.7	843.7	759.3	2657.7	400.50	210.9
2026-07-07 15:30:00	1717.9	1632.0	1803.8	572.6	572.6	572.6	515.4	1803.8	400.50	143.2
2026-07-07 15:35:00	1741.1	1654.0	1828.1	580.4	580.4	580.4	522.3	1828.1	400.50	145.1
2026-07-07 15:40:00	2638.8	2506.9	2770.7	879.6	879.6	879.6	791.6	2770.7	400.50	219.9
2026-07-07 15:45:00	1653.8	1571.1	1736.5	551.3	551.3	551.3	496.1	1736.5	400.50	137.8
2026-07-07 15:50:00	1642.5	1560.3	1724.6	547.5	547.5	547.5	492.7	1724.6	400.50	136.9
2026-07-07 15:55:00	2168.5	2060.1	2276.9	722.8	722.8	722.8	650.6	2276.9	400.50	180.7
2026-07-07 16:00:00	1536.9	1460.0	1613.7	512.3	512.3	512.3	461.1	1613.7	400.50	128.1
2026-07-07 16:05:00	2598.4	2468.5	2728.3	866.1	866.1	866.1	779.5	2728.3	400.50	216.5
2026-07-07 16:10:00	1506.4	1431.1	1581.7	502.1	502.1	502.1	451.9	1581.7	400.50	125.5
2026-07-07 16:15:00	2013.8	1913.1	2114.5	671.3	671.3	671.3	604.1	2114.5	400.50	167.8
2026-07-07 16:20:00	837947.0	796049.6	879844.3	280712.2	279036.3	278198.4	251384.1	879844.3	400.50	69828.9
2026-07-07 16:25:00	825103.5	783848.3	866358.7	276409.7	274759.5	273934.4	247531.0	866358.7	400.50	68758.6
2026-07-07 16:30:00	837675.8	795792.0	879559.6	280621.4	278946.0	278108.4	251302.7	879559.6	400.50	69806.3
2026-07-07 16:35:00	842254.8	800142.1	884367.6	282155.4	280470.9	279628.6	252676.4	884367.6	400.50	70187.9
2026-07-07 16:40:00	841070.9	799017.3	883124.4	281758.7	280076.6	279235.5	252321.3	883124.4	400.50	70089.2
2026-07-07 16:45:00	854371.6	811653.0	897090.2	286214.5	284505.7	283651.4	256311.5	897090.2	400.50	71197.6
2026-07-07 16:50:00	852902.1	810257.0	895547.2	285722.2	284016.4	283163.5	255870.6	895547.2	400.50	71075.2
2026-07-07 16:55:00	847916.0	805520.2	890311.8	284051.9	282356.0	281508.1	254374.8	890311.8	400.50	70659.7
2026-07-07 17:00:00	865235.8	821974.0	908497.5	289854.0	288123.5	287258.3	259570.7	908497.5	400.50	72103.0
2026-07-07 17:05:00	867269.7	823906.2	910633.2	290535.4	288800.8	287933.6	260180.9	910633.2	400.50	72272.5
2026-07-07 17:10:00	863654.8	820472.1	906837.6	289324.4	287597.1	286733.4	259096.4	906837.6	400.50	71971.2
2026-07-07 17:15:00	879188.2	835228.8	923147.6	294528.1	292769.7	291890.5	263756.5	923147.6	400.50	73265.7
2026-07-07 17:20:00	873958.3	830260.4	917656.2	292776.0	291028.1	290154.1	262187.5	917656.2	400.50	72829.9
2026-07-07 17:25:00	878596.6	834666.8	922526.4	294329.9	292572.7	291694.1	263579.0	922526.4	400.50	73216.4
2026-07-07 17:30:00	889071.2	844617.6	933524.8	297838.9	296060.7	295171.6	266721.4	933524.8	400.50	74089.3
2026-07-07 17:35:00	892073.8	847470.1	936677.4	298844.7	297060.6	296168.5	267622.1	936677.4	400.50	74339.5
2026-07-07 17:40:00	901562.3	856484.2	946640.4	302023.4	300220.3	299318.7	270468.7	946640.4	400.50	75130.2
2026-07-07 17:45:00	909506.3	864031.0	954981.6	304684.6	302865.6	301956.1	272851.9	954981.6	400.50	75792.2
2026-07-07 17:50:00	910265.6	864752.3	955778.9	304939.0	303118.5	302208.2	273079.7	955778.9	400.50	75855.5
2026-07-07 17:55:00	912496.4	866871.6	958121.3	305686.3	303861.3	302948.8	273748.9	958121.3	400.50	76041.4
2026-07-07 18:00:00	925412.0	879141.4	971682.6	310013.0	308162.2	307236.8	277623.6	971682.6	400.50	77117.7
2026-07-07 18:05:00	928181.6	881772.5	974590.7	310940.8	309084.5	308156.3	278454.5	974590.7	400.50	77348.5
2026-07-07 18:10:00	920231.6	874220.1	966243.2	308277.6	306437.1	305516.9	276069.5	966243.2	400.50	76686.0
2026-07-07 18:15:00	936835.0	889993.2	983676.7	313839.7	311966.0	311029.2	281050.5	983676.7	400.50	78069.6
2026-07-07 18:20:00	929818.0	883327.1	976308.9	311489.0	309629.4	308699.6	278945.4	976308.9	400.50	77484.8
2026-07-07 18:25:00	943405.7	896235.4	990576.0	316040.9	314154.1	313210.7	283021.7	990576.0	400.50	78617.1
2026-07-07 18:30:00	940234.9	893223.1	987246.6	314978.7	313098.2	312158.0	282070.5	987246.6	400.50	78352.9
2026-07-07 18:35:00	948667.2	901233.8	996100.5	317803.5	315906.2	314957.5	284600.2	996100.5	400.50	79055.6
2026-07-07 18:40:00	956043.9	908241.7	1003846.1	320274.7	318362.6	317406.6	286813.2	1003846.1	400.50	79670.3
2026-07-07 18:45:00	968538.5	920111.6	1016965.5	324460.4	322523.3	321554.8	290561.6	1016965.5	400.50	80711.5
2026-07-07 18:50:00	956308.2	908492.8	1004123.7	320363.3	318450.6	317494.3	286892.5	1004123.7	400.50	79692.4
2026-07-07 18:55:00	967809.8	919419.3	1016200.3	324216.3	322280.7	321312.9	290343.0	1016200.3	400.50	80650.8
2026-07-07 19:00:00	976628.8	927797.4	1025460.3	327170.7	325217.4	324240.8	292988.6	1025460.3	400.50	81385.7
2026-07-07 19:05:00	989934.7	940438.0	1039431.4	331628.1	329648.3	328658.3	296980.4	1039431.4	400.50	82494.6
2026-07-07 19:10:00	989568.6	940090.1	1039047.0	331505.5	329526.3	328536.8	296870.6	1039047.0	400.50	82464.0
2026-07-07 19:15:00	981673.5	932589.8	1030757.2	328860.6	326897.3	325915.6	294502.1	1030757.2	400.50	81806.1
2026-07-07 19:20:00	988076.2	938672.4	1037480.0	331005.5	329029.4	328041.3	296422.8	1037480.0	400.50	82339.7
2026-07-07 19:25:00	1003993.7	953794.0	1054193.4	336337.9	334329.9	333325.9	301198.1	1054193.4	400.50	83666.1
2026-07-07 19:30:00	997986.5	948087.2	1047885.9	334325.5	332329.5	331331.5	299396.0	1047885.9	400.50	83165.5
2026-07-07 19:35:00	1015069.9	964316.4	1065823.4	340048.4	338018.3	337003.2	304521.0	1065823.4	400.50	84589.2
2026-07-07 19:40:00	1024946.1	973698.8	1076193.4	343356.9	341307.1	340282.1	307483.8	1076193.4	400.50	85412.2
2026-07-07 19:45:00	1013168.2	962509.8	1063826.6	339411.3	337385.0	336371.8	303950.5	1063826.6	400.50	84430.7
2026-07-07 19:50:00	1033585.6	981906.4	1085264.9	346251.2	344184.0	343150.4	310075.7	1085264.9	400.50	86132.1
2026-07-07 19:55:00	1029717.4	978231.5	1081203.3	344955.3	342895.9	341866.2	308915.2	1081203.3	400.50	85809.8
2026-07-07 20:00:00	1034268.7	982555.3	1085982.1	346480.0	344411.5	343377.2	310280.6	1085982.1	400.50	86189.1
2026-07-07 20:05:00	1045338.1	993071.2	1097605.0	350188.3	348097.6	347052.3	313601.4	1097605.0	400.50	87111.5
2026-07-07 20:10:00	1050635.5	998103.7	1103167.2	351962.9	349861.6	348811.0	315190.6	1103167.2	400.50	87553.0
2026-07-07 20:15:00	1049307.8	996842.5	1101773.2	351518.1	349419.5	348370.2	314792.4	1101773.2	400.50	87442.3
2026-07-07 20:20:00	1046806.5	994466.2	1099146.9	350680.2	348586.6	347539.8	314042.0	1099146.9	400.50	87233.9
2026-07-07 20:25:00	1056329.4	1003513.0	1109145.9	353870.4	351757.7	350701.4	316898.8	1109145.9	400.50	88027.5
2026-07-07 20:30:00	1060172.2	1007163.6	1113180.8	355157.7	353037.3	351977.2	318051.7	1113180.8	400.50	88347.7
2026-07-07 20:35:00	1059907.0	1006911.7	1112902.4	355068.9	352949.0	351889.1	317972.1	1112902.4	400.50	88325.6
2026-07-07 20:40:00	1076651.3	1022818.7	1130483.9	360678.2	358524.9	357448.2	322995.4	1130483.9	400.50	89720.9
2026-07-07 20:45:00	1083929.8	1029733.3	1138126.3	363116.5	360948.6	359864.7	325178.9	1138126.3	400.50	90327.5
2026-07-07 20:50:00	1082906.4	1028761.1	1137051.7	362773.6	360607.8	359524.9	324871.9	1137051.7	400.50	90242.2
2026-07-07 20:55:00	1083018.6	1028867.6	1137169.5	362811.2	360645.2	359562.2	324905.6	1137169.5	400.50	90251.5
2026-07-07 21:00:00	1086244.3	1031932.1	1140556.5	363891.8	361719.4	360633.1	325873.3	1140556.5	400.50	90520.4
2026-07-07 21:05:00	1102737.8	1047600.9	1157874.7	369417.2	367211.7	366108.9	330821.3	1157874.7	400.50	91894.8
2026-07-07 21:10:00	1106822.0	1051480.9	1162163.0	370785.4	368571.7	367464.9	332046.6	1162163.0	400.50	92235.2
2026-07-07 21:15:00	1105224.3	1049963.1	1160485.6	370250.2	368039.7	366934.5	331567.3	1160485.6	400.50	92102.0
2026-07-07 21:20:00	1111668.6	1056085.2	1167252.1	372409.0	370185.7	369074.0	333500.6	1167252.1	400.50	92639.1
2026-07-07 21:25:00	1114090.1	1058385.6	1169794.6	373220.2	370992.0	369877.9	334227.0	1169794.6	400.50	92840.8
2026-07-07 21:30:00	1119187.1	1063227.8	1175146.5	374927.7	372689.3	371570.1	335756.1	1175146.5	400.50	93265.6
2026-07-07 21:35:00	1120730.1	1064693.6	1176766.6	375444.6	373203.1	372082.4	336219.0	1176766.6	400.50	93394.2
2026-07-07 21:40:00	1141597.0	1084517.1	1198676.8	382435.0	380151.8	379010.2	342479.1	1198676.8	400.50	95133.1
2026-07-07 21:45:00	1134939.1	1078192.1	1191686.0	380204.6	377934.7	376799.8	340481.7	1191686.0	400.50	94578.3
2026-07-07 21:50:00	1137274.9	1080411.2	1194138.7	380987.1	378712.6	377575.3	341182.5	1194138.7	400.50	94772.9
2026-07-07 21:55:00	1136212.1	1079401.5	1193022.7	380631.0	378358.6	377222.4	340863.6	1193022.7	400.50	94684.3
2026-07-07 22:00:00	1159649.6	1101667.2	1217632.1	388482.6	386163.3	385003.7	347894.9	1217632.1	400.50	96637.5
2026-07-07 22:05:00	1146666.5	1089333.2	1203999.8	384133.3	381839.9	380693.3	343999.9	1203999.8	400.50	95555.5
2026-07-07 22:10:00	1161634.7	1103553.0	1219716.4	389147.6	386824.4	385662.7	348490.4	1219716.4	400.50	96802.9
2026-07-07 22:15:00	1171441.9	1112869.8	1230014.0	392433.0	390090.2	388918.7	351432.6	1230014.0	400.50	97620.2
2026-07-07 22:20:00	1164028.6	1105827.2	1222230.1	389949.6	387621.5	386457.5	349208.6	1222230.1	400.50	97002.4
2026-07-07 22:25:00	1167616.5	1109235.7	1225997.4	391151.5	388816.3	387648.7	350285.0	1225997.4	400.50	97301.4
2026-07-07 22:30:00	1182360.9	1123242.9	1241479.0	396090.9	393726.2	392543.8	354708.3	1241479.0	400.50	98530.1
2026-07-07 22:35:00	1170344.4	1111827.2	1228861.6	392065.4	389724.7	388554.3	351103.3	1228861.6	400.50	97528.7
2026-07-07 22:40:00	1177925.7	1119029.4	1236822.0	394605.1	392249.3	391071.3	353377.7	1236822.0	400.50	98160.5
2026-07-07 22:45:00	1183497.2	1124322.4	1242672.1	396471.6	394104.6	392921.1	355049.2	1242672.1	400.50	98624.8
2026-07-07 22:50:00	1193606.9	1133926.6	1253287.3	399858.3	397471.1	396277.5	358082.1	1253287.3	400.50	99467.2
2026-07-07 22:55:00	1200311.8	1140296.2	1260327.4	402104.4	399703.8	398503.5	360093.5	1260327.4	400.50	100026.0
2026-07-07 23:00:00	1197336.6	1137469.8	1257203.4	401107.8	398713.1	397515.8	359201.0	1257203.4	400.50	99778.1
2026-07-07 23:05:00	1209724.1	1149237.9	1270210.3	405257.6	402838.1	401628.4	362917.2	1270210.3	400.50	100810.3
2026-07-07 23:10:00	1210170.4	1149661.9	1270678.9	405407.1	402986.7	401776.6	363051.1	1270678.9	400.50	100847.5
2026-07-07 23:15:00	1215779.0	1154990.0	1276567.9	407286.0	404854.4	403638.6	364733.7	1276567.9	400.50	101314.9
2026-07-07 23:20:00	1207443.0	1147070.9	1267815.2	404493.4	402078.5	400871.1	362232.9	1267815.2	400.50	100620.3
2026-07-07 23:25:00	1219107.7	1158152.3	1280063.0	408401.1	405962.8	404743.7	365732.3	1280063.0	400.50	101592.3
2026-07-07 23:30:00	1214734.1	1153997.4	1275470.8	406935.9	404506.5	403291.7	364420.2	1275470.8	400.50	101227.8
2026-07-07 23:35:00	1230306.0	1168790.7	1291821.3	412152.5	409691.9	408461.6	369091.8	1291821.3	400.50	102525.5
2026-07-07 23:40:00	1222533.5	1161406.9	1283660.2	409548.7	407103.7	405881.1	366760.1	1283660.2	400.50	101877.8
2026-07-07 23:45:00	1239990.1	1177990.6	1301989.6	415396.7	412916.7	411676.7	371997.0	1301989.6	400.50	103332.5
2026-07-07 23:50:00	1237745.4	1175858.2	1299632.7	414644.7	412169.2	410931.5	371323.6	1299632.7	400.50	103145.5
2026-07-07 23:55:00	1248557.3	1186129.5	1310985.2	418266.7	415769.6	414521.0	374567.2	1310985.2	400.50	104046.4
2026-07-08 00:00:00	1243773.0	1181584.4	1305961.7	416664.0	414176.4	412932.6	373131.9	1305961.7	400.50	103647.8
2026-07-08 00:05:00	1253623.8	1190942.6	1316304.9	419964.0	417456.7	416203.1	376087.1	1316304.9	400.50	104468.6
2026-07-08 00:10:00	1256393.4	1193573.7	1319213.1	420891.8	418379.0	417122.6	376918.0	1319213.1	400.50	104699.5
2026-07-08 00:15:00	1241994.6	1179894.9	1304094.4	416068.2	413584.2	412342.2	372598.4	1304094.4	400.50	103499.6
2026-07-08 00:20:00	1246568.6	1184240.2	1308897.1	417600.5	415107.4	413860.8	373970.6	1308897.1	400.50	103880.7
2026-07-08 00:25:00	1259236.3	1196274.5	1322198.2	421844.2	419325.7	418066.5	377770.9	1322198.2	400.50	104936.4
2026-07-08 00:30:00	1265307.5	1202042.2	1328572.9	423878.0	421347.4	420082.1	379592.3	1328572.9	400.50	105442.3
2026-07-08 00:35:00	1267400.2	1204030.2	1330770.2	424579.1	422044.3	420776.9	380220.1	1330770.2	400.50	105616.7
2026-07-08 00:40:00	1271963.9	1208365.7	1335562.1	426107.9	423564.0	422292.0	381589.2	1335562.1	400.50	105997.0
2026-07-08 00:45:00	1269171.9	1205713.3	1332630.5	425172.6	422634.3	421365.1	380751.6	1332630.5	400.50	105764.3
2026-07-08 00:50:00	1269643.0	1206160.8	1333125.1	425330.4	422791.1	421521.5	380892.9	1333125.1	400.50	105803.6
2026-07-08 00:55:00	1274690.2	1210955.7	1338424.7	427021.2	424471.8	423197.1	382407.1	1338424.7	400.50	106224.2
2026-07-08 01:00:00	1272000.5	1208400.5	1335600.5	426120.2	423576.2	422304.2	381600.1	1335600.5	400.50	106000.0
2026-07-08 01:05:00	1281620.2	1217539.2	1345701.2	429342.8	426779.5	425497.9	384486.1	1345701.2	400.50	106801.7
2026-07-08 01:10:00	1275920.0	1212124.0	1339716.0	427433.2	424881.4	423605.4	382776.0	1339716.0	400.50	106326.7
2026-07-08 01:15:00	1290291.0	1225776.5	1354805.6	432247.5	429666.9	428376.6	387087.3	1354805.6	400.50	107524.3
2026-07-08 01:20:00	1275928.2	1212131.8	1339724.6	427435.9	424884.1	423608.2	382778.5	1339724.6	400.50	106327.3
2026-07-08 01:25:00	1282787.6	1218648.2	1346927.0	429733.8	427168.3	425885.5	384836.3	1346927.0	400.50	106899.0
2026-07-08 01:30:00	1284559.5	1220331.5	1348787.5	430327.4	427758.3	426473.8	385367.8	1348787.5	400.50	107046.6
2026-07-08 01:35:00	1284000.7	1219800.7	1348200.7	430140.2	427572.2	426288.2	385200.2	1348200.7	400.50	107000.1
2026-07-08 01:40:00	1299527.6	1234551.2	1364503.9	435341.7	432742.7	431443.2	389858.3	1364503.9	400.50	108294.0
2026-07-08 01:45:00	1287615.7	1223234.9	1351996.5	431351.3	428776.0	427488.4	386284.7	1351996.5	400.50	107301.3
2026-07-08 01:50:00	1293612.0	1228931.4	1358292.6	433360.0	430772.8	429479.2	388083.6	1358292.6	400.50	107801.0
2026-07-08 01:55:00	1295080.1	1230326.1	1359834.1	433851.8	431261.7	429966.6	388524.0	1359834.1	400.50	107923.3
2026-07-08 02:00:00	1300055.0	1235052.2	1365057.7	435518.4	432918.3	431618.2	390016.5	1365057.7	400.50	108337.9
2026-07-08 02:05:00	1295348.3	1230580.9	1360115.7	433941.7	431351.0	430055.6	388604.5	1360115.7	400.50	107945.7
2026-07-08 02:10:00	1306593.2	1241263.5	1371922.8	437708.7	435095.5	433788.9	391977.9	1371922.8	400.50	108882.8
2026-07-08 02:15:00	1302206.1	1237095.8	1367316.4	436239.0	433634.6	432332.4	390661.8	1367316.4	400.50	108517.2
2026-07-08 02:20:00	1296977.5	1232128.6	1361826.4	434487.5	431893.5	430596.5	389093.2	1361826.4	400.50	108081.5
2026-07-08 02:25:00	1310511.7	1244986.2	1376037.3	439021.4	436400.4	435089.9	393153.5	1376037.3	400.50	109209.3
2026-07-08 02:30:00	1312832.3	1247190.7	1378473.9	439798.8	437173.2	435860.3	393849.7	1378473.9	400.50	109402.7
2026-07-08 02:35:00	1298615.6	1233684.8	1363546.3	435036.2	432439.0	431140.4	389584.7	1363546.3	400.50	108218.0
2026-07-08 02:40:00	1299218.4	1234257.4	1364179.3	435238.2	432639.7	431340.5	389765.5	1364179.3	400.50	108268.2
2026-07-08 02:45:00	1300469.2	1235445.8	1365492.7	435657.2	433056.3	431755.8	390140.8	1365492.7	400.50	108372.4
2026-07-08 02:50:00	1307610.0	1242229.5	1372990.5	438049.4	435434.1	434126.5	392283.0	1372990.5	400.50	108967.5
2026-07-08 02:55:00	1310395.4	1244875.6	1375915.1	438982.4	436361.7	435051.3	393118.6	1375915.1	400.50	109199.6
2026-07-08 03:00:00	1307836.1	1242444.3	1373227.9	438125.1	435509.4	434201.6	392350.8	1373227.9	400.50	108986.3
2026-07-08 03:05:00	1315371.7	1249603.2	1381140.3	440649.5	438018.8	436703.4	394611.5	1381140.3	400.50	109614.3
2026-07-08 03:10:00	1303181.0	1238022.0	1368340.1	436565.6	433959.3	432656.1	390954.3	1368340.1	400.50	108598.4
2026-07-08 03:15:00	1309936.2	1244439.4	1375433.0	438828.6	436208.8	434898.8	392980.9	1375433.0	400.50	109161.4
2026-07-08 03:20:00	1307913.4	1242517.8	1373309.1	438151.0	435535.2	434227.3	392374.0	1373309.1	400.50	108992.8
2026-07-08 03:25:00	1303561.7	1238383.6	1368739.8	436693.2	434086.0	432782.5	391068.5	1368739.8	400.50	108630.1
2026-07-08 03:30:00	1301407.7	1236337.3	1366478.1	435971.6	433368.8	432067.4	390422.3	1366478.1	400.50	108450.6
2026-07-08 03:35:00	1319458.1	1253485.2	1385431.0	442018.5	439379.5	438060.1	395837.4	1385431.0	400.50	109954.8
2026-07-08 03:40:00	1318965.9	1253017.6	1384914.2	441853.6	439215.6	437896.7	395689.8	1384914.2	400.50	109913.8
2026-07-08 03:45:00	1309773.9	1244285.2	1375262.6	438774.3	436154.7	434844.9	392932.2	1375262.6	400.50	109147.8
2026-07-08 03:50:00	1299829.8	1234838.3	1364821.2	435443.0	432843.3	431543.5	389948.9	1364821.2	400.50	108319.1
2026-07-08 03:55:00	1315963.4	1250165.2	1381761.6	440847.7	438215.8	436899.8	394789.0	1381761.6	400.50	109663.6
2026-07-08 04:00:00	1312768.4	1247130.0	1378406.9	439777.4	437151.9	435839.1	393830.5	1378406.9	400.50	109397.4
2026-07-08 04:05:00	1303591.8	1238412.2	1368771.4	436703.3	434096.1	432792.5	391077.5	1368771.4	400.50	108632.7
2026-07-08 04:10:00	1311779.9	1246190.9	1377368.9	439446.3	436822.7	435510.9	393534.0	1377368.9	400.50	109315.0
2026-07-08 04:15:00	1301152.7	1236095.0	1366210.3	435886.1	433283.8	431982.7	390345.8	1366210.3	400.50	108429.4
2026-07-08 04:20:00	1307068.7	1241715.3	1372422.2	437868.0	435253.9	433946.8	392120.6	1372422.2	400.50	108922.4
2026-07-08 04:25:00	1295114.3	1230358.6	1359870.1	433863.3	431273.1	429978.0	388534.3	1359870.1	400.50	107926.2
2026-07-08 04:30:00	1303283.8	1238119.6	1368448.0	436600.1	433993.5	432690.2	390985.1	1368448.0	400.50	108607.0
2026-07-08 04:35:00	1308349.9	1242932.4	1373767.4	438297.2	435680.5	434372.2	392505.0	1373767.4	400.50	109029.2
2026-07-08 04:40:00	1300603.9	1235573.7	1365634.1	435702.3	433101.1	431800.5	390181.2	1365634.1	400.50	108383.7
2026-07-08 04:45:00	1298750.7	1233813.1	1363688.2	435081.5	432484.0	431185.2	389625.2	1363688.2	400.50	108229.2
2026-07-08 04:50:00	1289871.4	1225377.9	1354365.0	432106.9	429527.2	428237.3	386961.4	1354365.0	400.50	107489.3
2026-07-08 04:55:00	1295179.6	1230420.6	1359938.6	433885.2	431294.8	429999.6	388553.9	1359938.6	400.50	107931.6
2026-07-08 05:00:00	1300713.3	1235677.7	1365749.0	435739.0	433137.5	431836.8	390214.0	1365749.0	400.50	108392.8
2026-07-08 05:05:00	1301951.4	1236853.8	1367048.9	436153.7	433549.8	432247.9	390585.4	1367048.9	400.50	108495.9
2026-07-08 05:10:00	1300811.3	1235770.7	1365851.8	435771.8	433170.2	431869.3	390243.4	1365851.8	400.50	108400.9
2026-07-08 05:15:00	1283972.8	1219774.2	1348171.5	430130.9	427562.9	426279.0	385191.8	1348171.5	400.50	106997.7
2026-07-08 05:20:00	1291423.5	1226852.3	1355994.7	432626.9	430044.0	428752.6	387427.1	1355994.7	400.50	107618.6
2026-07-08 05:25:00	1289080.8	1224626.8	1353534.9	431842.1	429263.9	427974.8	386724.2	1353534.9	400.50	107423.4
2026-07-08 05:30:00	1275481.9	1211707.8	1339256.0	427286.4	424735.5	423460.0	382644.6	1339256.0	400.50	106290.2
2026-07-08 05:35:00	1286148.8	1221841.4	1350456.3	430859.9	428287.6	427001.4	385844.6	1350456.3	400.50	107179.1
2026-07-08 05:40:00	1276685.0	1212850.8	1340519.3	427689.5	425136.1	423859.4	383005.5	1340519.3	400.50	106390.4
2026-07-08 05:45:00	1277514.2	1213638.5	1341389.9	427967.3	425412.2	424134.7	383254.3	1341389.9	400.50	106459.5
2026-07-08 05:50:00	1274638.1	1210906.2	1338370.0	427003.8	424454.5	423179.9	382391.4	1338370.0	400.50	106219.8
2026-07-08 05:55:00	1272012.9	1208412.2	1335613.5	426124.3	423580.3	422308.3	381603.9	1335613.5	400.50	106001.1
2026-07-08 06:00:00	1270443.8	1206921.6	1333966.0	425598.7	423057.8	421787.3	381133.1	1333966.0	400.50	105870.3
2026-07-08 06:05:00	1264315.9	1201100.1	1327531.7	423545.8	421017.2	419752.9	379294.8	1327531.7	400.50	105359.7
2026-07-08 06:10:00	1276060.4	1212257.4	1339863.4	427480.2	424928.1	423652.1	382818.1	1339863.4	400.50	106338.4
2026-07-08 06:15:00	1259867.0	1196873.6	1322860.3	422055.4	419535.7	418275.8	377960.1	1322860.3	400.50	104988.9
2026-07-08 06:20:00	1268261.6	1204848.5	1331674.7	424867.6	422331.1	421062.9	380478.5	1331674.7	400.50	105688.5
2026-07-08 06:25:00	1267495.0	1204120.3	1330869.8	424610.8	422075.8	420808.3	380248.5	1330869.8	400.50	105624.6
2026-07-08 06:30:00	1245729.7	1183443.2	1308016.2	417319.5	414828.0	413582.3	373718.9	1308016.2	400.50	103810.8
2026-07-08 06:35:00	1259033.6	1196082.0	1321985.3	421776.3	419258.2	417999.2	377710.1	1321985.3	400.50	104919.5
2026-07-08 06:40:00	1250992.9	1188443.2	1313542.5	419082.6	416580.6	415329.6	375297.9	1313542.5	400.50	104249.4
2026-07-08 06:45:00	1237459.3	1175586.4	1299332.3	414548.9	412074.0	410836.5	371237.8	1299332.3	400.50	103121.6
2026-07-08 06:50:00	1253071.9	1190418.3	1315725.5	419779.1	417272.9	416019.9	375921.6	1315725.5	400.50	104422.7
2026-07-08 06:55:00	1244065.9	1181862.6	1306269.2	416762.1	414274.0	413029.9	373219.8	1306269.2	400.50	103672.2
2026-07-08 07:00:00	1244686.1	1182451.8	1306920.4	416969.9	414480.5	413235.8	373405.8	1306920.4	400.50	103723.8
2026-07-08 07:05:00	1229228.3	1167766.9	1290689.7	411791.5	409333.0	408103.8	368768.5	1290689.7	400.50	102435.7
2026-07-08 07:10:00	1230305.8	1168790.6	1291821.1	412152.5	409691.8	408461.5	369091.8	1291821.1	400.50	102525.5
2026-07-08 07:15:00	1226135.7	1164828.9	1287442.5	410755.5	408303.2	407077.0	367840.7	1287442.5	400.50	102178.0
2026-07-08 07:20:00	1219380.8	1158411.8	1280349.9	408492.6	406053.8	404834.4	365814.3	1280349.9	400.50	101615.1
2026-07-08 07:25:00	1221541.7	1160464.6	1282618.8	409216.5	406773.4	405551.8	366462.5	1282618.8	400.50	101795.1
2026-07-08 07:30:00	1211777.3	1151188.5	1272366.2	405945.4	403521.9	402310.1	363533.2	1272366.2	400.50	100981.4
2026-07-08 07:35:00	1217760.9	1156872.8	1278648.9	407949.9	405514.4	404296.6	365328.3	1278648.9	400.50	101480.1
2026-07-08 07:40:00	1201312.4	1141246.8	1261378.0	402439.7	400037.0	398835.7	360393.7	1261378.0	400.50	100109.4
2026-07-08 07:45:00	1200011.3	1140010.7	1260011.9	402003.8	399603.8	398403.8	360003.4	1260011.9	400.50	100000.9
2026-07-08 07:50:00	1200756.0	1140718.2	1260793.8	402253.3	399851.8	398651.0	360226.8	1260793.8	400.50	100063.0
2026-07-08 07:55:00	1199986.2	1139986.9	1259985.6	401995.4	399595.4	398395.4	359995.9	1259985.6	400.50	99998.9
2026-07-08 08:00:00	1197714.7	1137829.0	1257600.5	401234.4	398839.0	397641.3	359314.4	1257600.5	400.50	99809.6
2026-07-08 08:05:00	1192313.4	1132697.8	1251929.1	399425.0	397040.4	395848.1	357694.0	1251929.1	400.50	99359.5
2026-07-08 08:10:00	1181162.5	1122104.4	1240220.6	395689.4	393327.1	392146.0	354348.8	1240220.6	400.50	98430.2
2026-07-08 08:15:00	1182817.8	1123676.9	1241958.7	396244.0	393878.3	392695.5	354845.3	1241958.7	400.50	98568.2
2026-07-08 08:20:00	1186847.1	1127504.8	1246189.5	397593.8	395220.1	394033.2	356054.1	1246189.5	400.50	98903.9
2026-07-08 08:25:00	1173571.8	1114893.2	1232250.4	393146.5	390799.4	389625.8	352071.5	1232250.4	400.50	97797.6
2026-07-08 08:30:00	1169685.5	1111201.3	1228169.8	391844.7	389505.3	388335.6	350905.7	1228169.8	400.50	97473.8
2026-07-08 08:35:00	1170545.0	1112017.7	1229072.2	392132.6	389791.5	388620.9	351163.5	1229072.2	400.50	97545.4
2026-07-08 08:40:00	1151303.8	1093738.6	1208869.0	385686.8	383384.2	382232.9	345391.1	1208869.0	400.50	95942.0
2026-07-08 08:45:00	1148210.0	1090799.5	1205620.5	384650.4	382353.9	381205.7	344463.0	1205620.5	400.50	95684.2
2026-07-08 08:50:00	1153043.9	1095391.7	1210696.1	386269.7	383963.6	382810.6	345913.2	1210696.1	400.50	96087.0
2026-07-08 08:55:00	1153797.0	1096107.1	1211486.8	386522.0	384214.4	383060.6	346139.1	1211486.8	400.50	96149.7
2026-07-08 09:00:00	1141159.9	1084101.9	1198217.9	382288.6	380006.2	378865.1	342348.0	1198217.9	400.50	95096.7
2026-07-08 09:05:00	1147611.9	1090231.3	1204992.5	384450.0	382154.8	381007.1	344283.6	1204992.5	400.50	95634.3
2026-07-08 09:10:00	1125938.1	1069641.2	1182235.0	377189.3	374937.4	373811.4	337781.4	1182235.0	400.50	93828.2
2026-07-08 09:15:00	1136180.8	1079371.8	1192989.9	380620.6	378348.2	377212.0	340854.2	1192989.9	400.50	94681.7
2026-07-08 09:20:00	1127413.2	1071042.5	1183783.9	377683.4	375428.6	374301.2	338224.0	1183783.9	400.50	93951.1
2026-07-08 09:25:00	1114768.6	1059030.1	1170507.0	373447.5	371217.9	370103.2	334430.6	1170507.0	400.50	92897.4
2026-07-08 09:30:00	1122244.5	1066132.3	1178356.7	375951.9	373707.4	372585.2	336673.4	1178356.7	400.50	93520.4
2026-07-08 09:35:00	1116325.4	1060509.1	1172141.6	373969.0	371736.3	370620.0	334897.6	1172141.6	400.50	93027.1
2026-07-08 09:40:00	1106926.5	1051580.2	1162272.8	370820.4	368606.5	367499.6	332077.9	1162272.8	400.50	92243.9
2026-07-08 09:45:00	1096135.9	1041329.1	1150942.6	367205.5	365013.2	363917.1	328840.8	1150942.6	400.50	91344.7
2026-07-08 09:50:00	1089486.2	1035011.9	1143960.6	364977.9	362798.9	361709.4	326845.9	1143960.6	400.50	90790.5
2026-07-08 09:55:00	1090961.5	1036413.4	1145509.6	365472.1	363290.2	362199.2	327288.4	1145509.6	400.50	90913.5
2026-07-08 10:00:00	1080134.8	1026128.1	1134141.6	361845.2	359684.9	358604.8	324040.5	1134141.6	400.50	90011.2
2026-07-08 10:05:00	1087817.8	1033426.9	1142208.7	364419.0	362243.3	361155.5	326345.3	1142208.7	400.50	90651.5
2026-07-08 10:10:00	1068956.3	1015508.5	1122404.1	358100.4	355962.4	354893.5	320686.9	1122404.1	400.50	89079.7
2026-07-08 10:15:00	1065592.1	1012312.5	1118871.7	356973.4	354842.2	353776.6	319677.6	1118871.7	400.50	88799.3
2026-07-08 10:20:00	1067782.1	1014393.0	1121171.2	357707.0	355571.4	354503.6	320334.6	1121171.2	400.50	88981.8
2026-07-08 10:25:00	1058203.2	1005293.1	1111113.4	354498.1	352381.7	351323.5	317461.0	1111113.4	400.50	88183.6
2026-07-08 10:30:00	1057564.8	1004686.5	1110443.0	354284.2	352169.1	351111.5	317269.4	1110443.0	400.50	88130.4
2026-07-08 10:35:00	1061892.8	1008798.1	1114987.4	355734.1	353610.3	352548.4	318567.8	1114987.4	400.50	88491.1
2026-07-08 10:40:00	1051949.2	999351.7	1104546.7	352403.0	350299.1	349247.1	315584.8	1104546.7	400.50	87662.4
2026-07-08 10:45:00	1045434.6	993162.8	1097706.3	350220.6	348129.7	347084.3	313630.4	1097706.3	400.50	87119.5
2026-07-08 10:50:00	1037595.1	985715.4	1089474.9	347594.4	345519.2	344481.6	311278.5	1089474.9	400.50	86466.3
2026-07-08 10:55:00	1041335.3	989268.5	1093402.1	348847.3	346764.7	345723.3	312400.6	1093402.1	400.50	86777.9
2026-07-08 11:00:00	1019023.9	968072.7	1069975.1	341373.0	339335.0	338315.9	305707.2	1069975.1	400.50	84918.7
2026-07-08 11:05:00	1027025.7	975674.4	1078377.0	344053.6	341999.6	340972.5	308107.7	1078377.0	400.50	85585.5
2026-07-08 11:10:00	1010139.5	959632.5	1060646.4	338396.7	336376.4	335366.3	303041.8	1060646.4	400.50	84178.3
2026-07-08 11:15:00	1004516.4	954290.6	1054742.3	336513.0	334504.0	333499.5	301354.9	1054742.3	400.50	83709.7
2026-07-08 11:20:00	999514.6	949538.8	1049490.3	334837.4	332838.4	331838.8	299854.4	1049490.3	400.50	83292.9
2026-07-08 11:25:00	1008600.3	958170.2	1059030.3	337881.1	335863.9	334855.3	302580.1	1059030.3	400.50	84050.0
2026-07-08 11:30:00	1002714.1	952578.4	1052849.9	335909.2	333903.8	332901.1	300814.2	1052849.9	400.50	83559.5
2026-07-08 11:35:00	988812.2	939371.6	1038252.8	331252.1	329274.5	328285.6	296643.7	1038252.8	400.50	82401.0
2026-07-08 11:40:00	992345.7	942728.4	1041963.0	332435.8	330451.1	329458.8	297703.7	1041963.0	400.50	82695.5
2026-07-08 11:45:00	972376.4	923757.6	1020995.2	325746.1	323801.3	322829.0	291712.9	1020995.2	400.50	81031.4
2026-07-08 11:50:00	978019.7	929118.8	1026920.7	327636.6	325680.6	324702.6	293405.9	1026920.7	400.50	81501.6
2026-07-08 11:55:00	963702.5	915517.4	1011887.7	322840.3	320912.9	319949.2	289110.8	1011887.7	400.50	80308.5
2026-07-08 12:00:00	974558.8	925830.8	1023286.7	326477.2	324528.1	323553.5	292367.6	1023286.7	400.50	81213.2
2026-07-08 12:05:00	964424.2	916203.0	1012645.5	323082.1	321153.3	320188.8	289327.3	1012645.5	400.50	80368.7
2026-07-08 12:10:00	957622.1	909741.0	1005503.2	320803.4	318888.2	317930.5	287286.6	1005503.2	400.50	79801.8
2026-07-08 12:15:00	953259.5	905596.5	1000922.5	319341.9	317435.4	316482.1	285977.8	1000922.5	400.50	79438.3
2026-07-08 12:20:00	937781.7	890892.6	984670.7	314156.9	312281.3	311343.5	281334.5	984670.7	400.50	78148.5
2026-07-08 12:25:00	933012.6	886362.0	979663.3	312559.2	310693.2	309760.2	279903.8	979663.3	400.50	77751.1
2026-07-08 12:30:00	932744.5	886107.2	979381.7	312469.4	310603.9	309671.2	279823.3	979381.7	400.50	77728.7
2026-07-08 12:35:00	930499.2	883974.3	977024.2	311717.2	309856.2	308925.7	279149.8	977024.2	400.50	77541.6
2026-07-08 12:40:00	920707.5	874672.1	966742.8	308437.0	306595.6	305674.9	276212.2	966742.8	400.50	76725.6
2026-07-08 12:45:00	918453.2	872530.6	964375.9	307681.8	305844.9	304926.5	275536.0	964375.9	400.50	76537.8
2026-07-08 12:50:00	926561.9	880233.8	972890.0	310398.2	308545.1	307618.5	277968.6	972890.0	400.50	77213.5
2026-07-08 12:55:00	917431.5	871559.9	963303.0	307339.5	305504.7	304587.2	275229.4	963303.0	400.50	76452.6
2026-07-08 13:00:00	907572.3	862193.7	952950.9	304036.7	302221.6	301314.0	272271.7	952950.9	400.50	75631.0
2026-07-08 13:05:00	902783.5	857644.3	947922.7	302432.5	300626.9	299724.1	270835.0	947922.7	400.50	75232.0
2026-07-08 13:10:00	909693.9	864209.2	955178.6	304747.5	302928.1	302018.4	272908.2	955178.6	400.50	75807.8
2026-07-08 13:15:00	895741.7	850954.6	940528.8	300073.5	298282.0	297386.2	268722.5	940528.8	400.50	74645.1
2026-07-08 13:20:00	895740.3	850953.3	940527.3	300073.0	298281.5	297385.8	268722.1	940527.3	400.50	74645.0
2026-07-08 13:25:00	890596.6	846066.8	935126.4	298349.9	296568.7	295678.1	267179.0	935126.4	400.50	74216.4
2026-07-08 13:30:00	888810.0	844369.5	933250.5	297751.4	295973.7	295084.9	266643.0	933250.5	400.50	74067.5
2026-07-08 13:35:00	877923.0	834026.8	921819.1	294104.2	292348.3	291470.4	263376.9	921819.1	400.50	73160.2
2026-07-08 13:40:00	869431.7	825960.1	912903.3	291259.6	289520.8	288651.3	260829.5	912903.3	400.50	72452.6
2026-07-08 13:45:00	866703.5	823368.4	910038.7	290345.7	288612.3	287745.6	260011.1	910038.7	400.50	72225.3
2026-07-08 13:50:00	862316.5	819200.7	905432.3	288876.0	287151.4	286289.1	258694.9	905432.3	400.50	71859.7
2026-07-08 13:55:00	858211.8	815301.2	901122.4	287501.0	285784.5	284926.3	257463.5	901122.4	400.50	71517.6
2026-07-08 14:00:00	856418.3	813597.4	899239.2	286900.1	285187.3	284330.9	256925.5	899239.2	400.50	71368.2
2026-07-08 14:05:00	856979.5	814130.5	899828.4	287088.1	285374.2	284517.2	257093.8	899828.4	400.50	71415.0
2026-07-08 14:10:00	853307.2	810641.8	895972.6	285857.9	284151.3	283298.0	255992.2	895972.6	400.50	71108.9
2026-07-08 14:15:00	852320.7	809704.7	894936.7	285527.4	283822.8	282970.5	255696.2	894936.7	400.50	71026.7
2026-07-08 14:20:00	838988.0	797038.6	880937.4	281061.0	279383.0	278544.0	251696.4	880937.4	400.50	69915.7
2026-07-08 14:25:00	843282.2	801118.1	885446.3	282499.5	280813.0	279969.7	252984.7	885446.3	400.50	70273.5
2026-07-08 14:30:00	823788.7	782599.3	864978.2	275969.2	274321.6	273497.9	247136.6	864978.2	400.50	68649.1
2026-07-08 14:35:00	830178.3	788669.4	871687.2	278109.7	276449.4	275619.2	249053.5	871687.2	400.50	69181.5
2026-07-08 14:40:00	825327.5	784061.2	866593.9	276484.7	274834.1	274008.7	247598.3	866593.9	400.50	68777.3
2026-07-08 14:45:00	808822.0	768380.9	849263.1	270955.4	269337.7	268528.9	242646.6	849263.1	400.50	67401.8
2026-07-08 14:50:00	815464.9	774691.7	856238.2	273180.8	271549.8	270734.4	244639.5	856238.2	400.50	67955.4
2026-07-08 14:55:00	819983.8	778984.6	860983.0	274694.6	273054.6	272234.6	245995.1	860983.0	400.50	68332.0
2026-07-08 15:00:00	812071.6	771468.0	852675.2	272044.0	270419.8	269607.8	243621.5	852675.2	400.50	67672.6
2026-07-08 15:05:00	799600.9	759620.9	839581.0	267866.3	266267.1	265467.5	239880.3	839581.0	400.50	66633.4
2026-07-08 15:10:00	806120.4	765814.4	846426.4	270050.3	268438.1	267632.0	241836.1	846426.4	400.50	67176.7
2026-07-08 15:15:00	789907.7	750412.3	829403.1	264619.1	263039.3	262249.4	236972.3	829403.1	400.50	65825.6
2026-07-08 15:20:00	801802.6	761712.4	841892.7	268603.9	267000.3	266198.5	240540.8	841892.7	400.50	66816.9
2026-07-08 15:25:00	785582.5	746303.4	824861.6	263170.1	261599.0	260813.4	235674.8	824861.6	400.50	65465.2
2026-07-08 15:30:00	783689.3	744504.8	822873.7	262535.9	260968.5	260184.8	235106.8	822873.7	400.50	65307.4
2026-07-08 15:35:00	789692.0	750207.4	829176.6	264546.8	262967.4	262177.7	236907.6	829176.6	400.50	65807.7
2026-07-08 15:40:00	782432.5	743310.8	821554.1	262114.9	260550.0	259767.6	234729.7	821554.1	400.50	65202.7
2026-07-08 15:45:00	785940.3	746643.2	825237.3	263290.0	261718.1	260932.2	235782.1	825237.3	400.50	65495.0
2026-07-08 15:50:00	776119.8	737313.8	814925.8	260000.1	258447.9	257671.8	232835.9	814925.8	400.50	64676.6
2026-07-08 15:55:00	772489.6	733865.2	811114.1	258784.0	257239.0	256466.6	231746.9	811114.1	400.50	64374.1
2026-07-08 16:00:00	775194.7	736434.9	813954.4	259690.2	258139.8	257364.6	232558.4	813954.4	400.50	64599.6
2026-07-08 16:05:00	757893.5	719998.8	795788.1	253894.3	252378.5	251620.6	227368.0	795788.1	400.50	63157.8
2026-07-08 16:10:00	758108.1	720202.7	796013.5	253966.2	252450.0	251691.9	227432.4	796013.5	400.50	63175.7
2026-07-08 16:15:00	764249.6	726037.1	802462.1	256023.6	254495.1	253730.9	229274.9	802462.1	400.50	63687.5
2026-07-08 16:20:00	760906.1	722860.8	798951.4	254903.5	253381.7	252620.8	228271.8	798951.4	400.50	63408.8
2026-07-08 16:25:00	751593.4	714013.7	789173.1	251783.8	250280.6	249529.0	225478.0	789173.1	400.50	62632.8
2026-07-08 16:30:00	753643.0	715960.8	791325.1	252470.4	250963.1	250209.5	226092.9	791325.1	400.50	62803.6
2026-07-08 16:35:00	746227.3	708915.9	783538.6	249986.1	248493.7	247747.5	223868.2	783538.6	400.50	62185.6
2026-07-08 16:40:00	755635.5	717853.8	793417.3	253137.9	251626.6	250871.0	226690.7	793417.3	400.50	62969.6
2026-07-08 16:45:00	747945.5	710548.3	785342.8	250561.8	249065.9	248317.9	224383.7	785342.8	400.50	62328.8
2026-07-08 16:50:00	736347.1	699529.7	773164.4	246676.3	245203.6	244467.2	220904.1	773164.4	400.50	61362.3
2026-07-08 16:55:00	734611.8	697881.2	771342.4	246094.9	244625.7	243891.1	220383.5	771342.4	400.50	61217.6
2026-07-08 17:00:00	738762.4	701824.3	775700.5	247485.4	246007.9	245269.1	221628.7	775700.5	400.50	61563.5
2026-07-08 17:05:00	738038.0	701136.1	774939.9	247242.7	245766.6	245028.6	221411.4	774939.9	400.50	61503.2
2026-07-08 17:10:00	741625.4	704544.1	778706.7	248444.5	246961.3	246219.6	222487.6	778706.7	400.50	61802.1
2026-07-08 17:15:00	728921.8	692475.7	765367.8	244188.8	242730.9	242002.0	218676.5	765367.8	400.50	60743.5
2026-07-08 17:20:00	723324.6	687158.3	759490.8	242313.7	240867.1	240143.8	216997.4	759490.8	400.50	60277.0
2026-07-08 17:25:00	735405.2	698635.0	772175.5	246360.8	244889.9	244154.5	220621.6	772175.5	400.50	61283.8
2026-07-08 17:30:00	731634.9	695053.1	768216.6	245097.7	243634.4	242902.8	219490.5	768216.6	400.50	60969.6
2026-07-08 17:35:00	730072.7	693569.1	766576.4	244574.4	243114.2	242384.1	219021.8	766576.4	400.50	60839.4
2026-07-08 17:40:00	716245.0	680432.8	752057.3	239942.1	238509.6	237793.3	214873.5	752057.3	400.50	59687.1
2026-07-08 17:45:00	731049.2	694496.7	767601.7	244901.5	243439.4	242708.3	219314.8	767601.7	400.50	60920.8
2026-07-08 17:50:00	715500.2	679725.2	751275.2	239692.6	238261.6	237546.1	214650.1	751275.2	400.50	59625.0
2026-07-08 17:55:00	715853.2	680060.5	751645.8	239810.8	238379.1	237663.2	214755.9	751645.8	400.50	59654.4
2026-07-08 18:00:00	712011.1	676410.6	747611.7	238523.7	237099.7	236387.7	213603.3	747611.7	400.50	59334.3
2026-07-08 18:05:00	708328.9	672912.5	743745.4	237290.2	235873.5	235165.2	212498.7	743745.4	400.50	59027.4
2026-07-08 18:10:00	716021.3	680220.2	751822.3	239867.1	238435.1	237719.1	214806.4	751822.3	400.50	59668.4
2026-07-08 18:15:00	706121.2	670815.2	741427.3	236550.6	235138.4	234432.2	211836.4	741427.3	400.50	58843.4
2026-07-08 18:20:00	706710.8	671375.2	742046.3	236748.1	235334.7	234628.0	212013.2	742046.3	400.50	58892.6
2026-07-08 18:25:00	704471.4	669247.8	739694.9	235997.9	234589.0	233884.5	211341.4	739694.9	400.50	58705.9
2026-07-08 18:30:00	721455.3	685382.6	757528.1	241687.5	240244.6	239523.2	216436.6	757528.1	400.50	60121.3
2026-07-08 18:35:00	717547.7	681670.3	753425.1	240378.5	238943.4	238225.8	215264.3	753425.1	400.50	59795.6
2026-07-08 18:40:00	711781.7	676192.6	747370.8	238446.9	237023.3	236311.5	213534.5	747370.8	400.50	59315.1
2026-07-08 18:45:00	706608.8	671278.4	741939.3	236714.0	235300.7	234594.1	211982.6	741939.3	400.50	58884.1
2026-07-08 18:50:00	715682.7	679898.6	751466.9	239753.7	238322.4	237606.7	214704.8	751466.9	400.50	59640.2
2026-07-08 18:55:00	703636.2	668454.3	738818.0	235718.1	234310.8	233607.2	211090.8	738818.0	400.50	58636.3
2026-07-08 19:00:00	707337.2	671970.3	742704.1	236958.0	235543.3	234836.0	212201.2	742704.1	400.50	58944.8
2026-07-08 19:05:00	716560.1	680732.1	752388.1	240047.6	238614.5	237897.9	214968.0	752388.1	400.50	59713.3
2026-07-08 19:10:00	711855.7	676262.9	747448.4	238471.6	237047.9	236336.1	213556.7	747448.4	400.50	59321.3
2026-07-08 19:15:00	707403.4	672033.3	742773.6	236980.1	235565.3	234857.9	212221.0	742773.6	400.50	58950.3
2026-07-08 19:20:00	720155.2	684147.5	756163.0	241252.0	239811.7	239091.5	216046.6	756163.0	400.50	60012.9
2026-07-08 19:25:00	702853.7	667711.0	737996.3	235456.0	234050.3	233347.4	210856.1	737996.3	400.50	58571.1
2026-07-08 19:30:00	714303.5	678588.3	750018.7	239291.7	237863.1	237148.8	214291.1	750018.7	400.50	59525.3
2026-07-08 19:35:00	721125.3	685069.0	757181.6	241577.0	240134.7	239413.6	216337.6	757181.6	400.50	60093.8
2026-07-08 19:40:00	716688.7	680854.3	752523.1	240090.7	238657.3	237940.6	215006.6	752523.1	400.50	59724.1
2026-07-08 19:45:00	710683.9	675149.7	746218.1	238079.1	236657.7	235947.0	213205.2	746218.1	400.50	59223.7
2026-07-08 19:50:00	711413.6	675842.9	746984.2	238323.5	236900.7	236189.3	213424.1	746984.2	400.50	59284.5
2026-07-08 19:55:00	707864.0	672470.8	743257.2	237134.4	235718.7	235010.8	212359.2	743257.2	400.50	58988.7
2026-07-08 20:00:00	713085.5	677431.2	748739.7	238883.6	237457.5	236744.4	213925.6	748739.7	400.50	59423.8
2026-07-08 20:05:00	723945.4	687748.1	760142.6	242521.7	241073.8	240349.9	217183.6	760142.6	400.50	60328.8
2026-07-08 20:10:00	724206.8	687996.5	760417.2	242609.3	241160.9	240436.7	217262.0	760417.2	400.50	60350.6
2026-07-08 20:15:00	719489.1	683514.7	755463.6	241028.9	239589.9	238870.4	215846.7	755463.6	400.50	59957.4
2026-07-08 20:20:00	720144.2	684137.0	756151.4	241248.3	239808.0	239087.9	216043.3	756151.4	400.50	60012.0
2026-07-08 20:25:00	725135.2	688878.4	761392.0	242920.3	241470.0	240744.9	217540.6	761392.0	400.50	60427.9
2026-07-08 20:30:00	711860.1	676267.1	747453.1	238473.1	237049.4	236337.5	213558.0	747453.1	400.50	59321.7
2026-07-08 20:35:00	726207.2	689896.8	762517.5	243279.4	241827.0	241100.8	217862.1	762517.5	400.50	60517.3
2026-07-08 20:40:00	721174.1	685115.4	757232.8	241593.3	240151.0	239429.8	216352.2	757232.8	400.50	60097.8
2026-07-08 20:45:00	730801.1	694261.0	767341.1	244818.4	243356.8	242626.0	219240.3	767341.1	400.50	60900.1
2026-07-08 20:50:00	717204.1	681343.9	753064.3	240263.4	238829.0	238111.8	215161.2	753064.3	400.50	59767.0
2026-07-08 20:55:00	730033.2	693531.6	766534.9	244561.1	243101.1	242371.0	219010.0	766534.9	400.50	60836.1
2026-07-08 21:00:00	726292.2	689977.6	762606.8	243307.9	241855.3	241129.0	217887.7	762606.8	400.50	60524.4
2026-07-08 21:05:00	729545.8	693068.5	766023.1	244397.8	242938.7	242209.2	218863.7	766023.1	400.50	60795.5
2026-07-08 21:10:00	735267.1	698503.7	772030.4	246314.5	244843.9	244108.7	220580.1	772030.4	400.50	61272.3
2026-07-08 21:15:00	734396.7	697676.9	771116.5	246022.9	244554.1	243819.7	220319.0	771116.5	400.50	61199.7
2026-07-08 21:20:00	733970.3	697271.8	770668.8	245880.0	244412.1	243678.1	220191.1	770668.8	400.50	61164.2
2026-07-08 21:25:00	739683.6	702699.4	776667.8	247794.0	246314.6	245575.0	221905.1	776667.8	400.50	61640.3
2026-07-08 21:30:00	748984.6	711535.4	786433.8	250909.8	249411.9	248662.9	224695.4	786433.8	400.50	62415.4
2026-07-08 21:35:00	744978.6	707729.6	782227.5	249567.8	248077.9	247332.9	223493.6	782227.5	400.50	62081.5
2026-07-08 21:40:00	753024.6	715373.3	790675.8	252263.2	250757.2	250004.2	225907.4	790675.8	400.50	62752.0
2026-07-08 21:45:00	744066.1	706862.8	781269.4	249262.1	247774.0	247029.9	223219.8	781269.4	400.50	62005.5
2026-07-08 21:50:00	753837.3	716145.5	791529.2	252535.5	251027.8	250274.0	226151.2	791529.2	400.50	62819.8
2026-07-08 21:55:00	746254.6	708941.8	783567.3	249995.3	248502.8	247756.5	223876.4	783567.3	400.50	62187.9
2026-07-08 22:00:00	763163.7	725005.5	801321.9	255659.8	254133.5	253370.4	228949.1	801321.9	400.50	63597.0
2026-07-08 22:05:00	761504.4	723429.2	799579.6	255104.0	253581.0	252819.5	228451.3	799579.6	400.50	63458.7
2026-07-08 22:10:00	772900.5	734255.5	811545.6	258921.7	257375.9	256603.0	231870.2	811545.6	400.50	64408.4
2026-07-08 22:15:00	756996.6	719146.8	794846.4	253593.9	252079.9	251322.9	227099.0	794846.4	400.50	63083.0
2026-07-08 22:20:00	778385.0	739465.7	817304.2	260759.0	259202.2	258423.8	233515.5	817304.2	400.50	64865.4
2026-07-08 22:25:00	762176.7	724067.9	800285.5	255329.2	253804.8	253042.7	228653.0	800285.5	400.50	63514.7
2026-07-08 22:30:00	771638.0	733056.1	810219.9	258498.7	256955.5	256183.8	231491.4	810219.9	400.50	64303.2
2026-07-08 22:35:00	769096.4	730641.6	807551.3	257647.3	256109.1	255340.0	230728.9	807551.3	400.50	64091.4
2026-07-08 22:40:00	779407.2	740436.9	818377.6	261101.4	259542.6	258763.2	233822.2	818377.6	400.50	64950.6
2026-07-08 22:45:00	781226.5	742165.2	820287.9	261710.9	260148.4	259367.2	234368.0	820287.9	400.50	65102.2
2026-07-08 22:50:00	778558.6	739630.7	817486.6	260817.1	259260.0	258481.5	233567.6	817486.6	400.50	64879.9
2026-07-08 22:55:00	795210.9	755450.3	834971.4	266395.6	264805.2	264010.0	238563.3	834971.4	400.50	66267.6
2026-07-08 23:00:00	786788.8	747449.4	826128.3	263574.3	262000.7	261213.9	236036.7	826128.3	400.50	65565.7
2026-07-08 23:05:00	800118.5	760112.5	840124.4	268039.7	266439.4	265639.3	240035.5	840124.4	400.50	66676.5
2026-07-08 23:10:00	800775.5	760736.8	840814.3	268259.8	266658.3	265857.5	240232.7	840814.3	400.50	66731.3
2026-07-08 23:15:00	812352.2	771734.6	852969.8	272138.0	270513.3	269700.9	243705.7	852969.8	400.50	67696.0
2026-07-08 23:20:00	803533.1	763356.4	843709.7	269183.6	267576.5	266773.0	241059.9	843709.7	400.50	66961.1
2026-07-08 23:25:00	803731.3	763544.7	843917.9	269250.0	267642.5	266838.8	241119.4	843917.9	400.50	66977.6
2026-07-08 23:30:00	814005.0	773304.8	854705.3	272691.7	271063.7	270249.7	244201.5	854705.3	400.50	67833.8
2026-07-08 23:35:00	826465.3	785142.0	867788.5	276865.9	275212.9	274386.5	247939.6	867788.5	400.50	68872.1
2026-07-08 23:40:00	822000.7	780900.7	863100.8	275370.2	273726.2	272904.2	246600.2	863100.8	400.50	68500.1
2026-07-08 23:45:00	825560.6	784282.6	866838.7	276562.8	274911.7	274086.1	247668.2	866838.7	400.50	68796.7
2026-07-08 23:50:00	832750.7	791113.2	874388.2	278971.5	277306.0	276473.2	249825.2	874388.2	400.50	69395.9
2026-07-08 23:55:00	834866.9	793123.5	876610.2	279680.4	278010.7	277175.8	250460.1	876610.2	400.50	69572.2
2026-07-09 00:00:00	843875.9	801682.1	886069.7	282698.4	281010.7	280166.8	253162.8	886069.7	400.50	70323.0
2026-07-09 00:05:00	838697.5	796762.6	880632.4	280963.7	279286.3	278447.6	251609.3	880632.4	400.50	69891.5
2026-07-09 00:10:00	840112.9	798107.2	882118.5	281437.8	279757.6	278917.5	252033.9	882118.5	400.50	70009.4
2026-07-09 00:15:00	846003.3	803703.1	888303.4	283411.1	281719.1	280873.1	253801.0	888303.4	400.50	70500.3
2026-07-09 00:20:00	864205.6	820995.4	907415.9	289508.9	287780.5	286916.3	259261.7	907415.9	400.50	72017.1
2026-07-09 00:25:00	852563.9	809935.7	895192.1	285608.9	283903.8	283051.2	255769.2	895192.1	400.50	71047.0
2026-07-09 00:30:00	870187.7	826678.4	913697.1	291512.9	289772.5	288902.3	261056.3	913697.1	400.50	72515.6
2026-07-09 00:35:00	878450.7	834528.1	922373.2	294281.0	292524.1	291645.6	263535.2	922373.2	400.50	73204.2
2026-07-09 00:40:00	880159.7	836151.7	924167.7	294853.5	293093.2	292213.0	264047.9	924167.7	400.50	73346.6
2026-07-09 00:45:00	872076.3	828472.5	915680.1	292145.6	290401.4	289529.3	261622.9	915680.1	400.50	72673.0
2026-07-09 00:50:00	893800.9	849110.8	938490.9	299423.3	297635.7	296741.9	268140.3	938490.9	400.50	74483.4
2026-07-09 00:55:00	897902.6	853007.5	942797.7	300797.4	299001.6	298103.7	269370.8	942797.7	400.50	74825.2
2026-07-09 01:00:00	896926.4	852080.1	941772.7	300470.3	298676.5	297779.6	269077.9	941772.7	400.50	74743.9
2026-07-09 01:05:00	896301.4	851486.3	941116.5	300261.0	298468.4	297572.1	268890.4	941116.5	400.50	74691.8
2026-07-09 01:10:00	907441.4	862069.3	952813.5	303992.9	302178.0	301270.5	272232.4	952813.5	400.50	75620.1
2026-07-09 01:15:00	898751.7	853814.1	943689.3	301081.8	299284.3	298385.6	269625.5	943689.3	400.50	74896.0
2026-07-09 01:20:00	913077.8	867423.9	958731.6	305881.0	304054.9	303141.8	273923.3	958731.6	400.50	76089.8
2026-07-09 01:25:00	912823.2	867182.1	958464.4	305795.8	303970.1	303057.3	273847.0	958464.4	400.50	76068.6
2026-07-09 01:30:00	921869.8	875776.3	967963.2	308826.4	306982.6	306060.8	276560.9	967963.2	400.50	76822.5
2026-07-09 01:35:00	925614.1	879333.4	971894.8	310080.7	308229.5	307303.9	277684.2	971894.8	400.50	77134.5
2026-07-09 01:40:00	934416.4	887695.6	981137.2	313029.5	311160.7	310226.2	280324.9	981137.2	400.50	77868.0
2026-07-09 01:45:00	927812.3	881421.7	974202.9	310817.1	308961.5	308033.7	278343.7	974202.9	400.50	77317.7
2026-07-09 01:50:00	943184.2	896025.0	990343.4	315966.7	314080.3	313137.1	282955.3	990343.4	400.50	78598.7
2026-07-09 01:55:00	942326.8	895210.4	989443.1	315679.5	313794.8	312852.5	282698.0	989443.1	400.50	78527.2
2026-07-09 02:00:00	953632.1	905950.5	1001313.8	319466.8	317559.5	316605.9	286089.6	1001313.8	400.50	79469.3
2026-07-09 02:05:00	963244.0	915081.8	1011406.2	322686.7	320760.3	319797.0	288973.2	1011406.2	400.50	80270.3
2026-07-09 02:10:00	960951.5	912903.9	1008999.1	321918.8	319996.9	319035.9	288285.5	1008999.1	400.50	80079.3
2026-07-09 02:15:00	972981.3	924332.2	1021630.4	325948.7	324002.8	323029.8	291894.4	1021630.4	400.50	81081.8
2026-07-09 02:20:00	974290.0	925575.5	1023004.5	326387.2	324438.6	323464.3	292287.0	1023004.5	400.50	81190.8
2026-07-09 02:25:00	973572.5	924893.9	1022251.1	326146.8	324199.6	323226.1	292071.7	1022251.1	400.50	81131.0
2026-07-09 02:30:00	971929.0	923332.6	1020525.5	325596.2	323652.4	322680.4	291578.7	1020525.5	400.50	80994.1
2026-07-09 02:35:00	988043.3	938641.2	1037445.5	330994.5	329018.4	328030.4	296413.0	1037445.5	400.50	82336.9
2026-07-09 02:40:00	988951.1	939503.5	1038398.7	331298.6	329320.7	328331.8	296685.3	1038398.7	400.50	82412.6
2026-07-09 02:45:00	1002317.4	952201.6	1052433.3	335776.3	333771.7	332769.4	300695.2	1052433.3	400.50	83526.5
2026-07-09 02:50:00	992163.6	942555.4	1041771.7	332374.8	330390.5	329398.3	297649.1	1041771.7	400.50	82680.3
2026-07-09 02:55:00	1010236.4	959724.6	1060748.2	338429.2	336408.7	335398.5	303070.9	1060748.2	400.50	84186.4
2026-07-09 03:00:00	1015257.8	964494.9	1066020.7	340111.4	338080.8	337065.6	304577.3	1066020.7	400.50	84604.8
2026-07-09 03:05:00	1009496.9	959022.1	1059971.8	338181.5	336162.5	335153.0	302849.1	1059971.8	400.50	84124.7
2026-07-09 03:10:00	1012495.4	961870.7	1063120.2	339186.0	337161.0	336148.5	303748.6	1063120.2	400.50	84374.6
2026-07-09 03:15:00	1021813.0	970722.4	1072903.7	342307.4	340263.7	339241.9	306543.9	1072903.7	400.50	85151.1
2026-07-09 03:20:00	1039298.4	987333.5	1091263.3	348165.0	346086.4	345047.1	311789.5	1091263.3	400.50	86608.2
2026-07-09 03:25:00	1026846.7	975504.4	1078189.0	343993.6	341939.9	340913.1	308054.0	1078189.0	400.50	85570.6
2026-07-09 03:30:00	1046976.7	994627.9	1099325.6	350737.2	348643.2	347596.3	314093.0	1099325.6	400.50	87248.1
2026-07-09 03:35:00	1043459.5	991286.5	1095632.4	349558.9	347472.0	346428.5	313037.8	1095632.4	400.50	86955.0
2026-07-09 03:40:00	1054548.3	1001820.9	1107275.7	353273.7	351164.6	350110.0	316364.5	1107275.7	400.50	87879.0
2026-07-09 03:45:00	1063732.4	1010545.7	1116919.0	356350.3	354222.9	353159.1	319119.7	1116919.0	400.50	88644.4
2026-07-09 03:50:00	1058626.1	1005694.8	1111557.4	354639.7	352522.5	351463.9	317587.8	1111557.4	400.50	88218.8
2026-07-09 03:55:00	1068746.2	1015308.9	1122183.5	358030.0	355892.5	354823.7	320623.9	1122183.5	400.50	89062.2
2026-07-09 04:00:00	1069257.0	1015794.2	1122719.9	358201.1	356062.6	354993.3	320777.1	1122719.9	400.50	89104.8
2026-07-09 04:05:00	1078717.6	1024781.7	1132653.5	361370.4	359213.0	358134.2	323615.3	1132653.5	400.50	89893.1
2026-07-09 04:10:00	1071403.5	1017833.4	1124973.7	358920.2	356777.4	355706.0	321421.1	1124973.7	400.50	89283.6
2026-07-09 04:15:00	1082954.6	1028806.8	1137102.3	362789.8	360623.9	359540.9	324886.4	1137102.3	400.50	90246.2
2026-07-09 04:20:00	1083905.7	1029710.4	1138101.0	363108.4	360940.6	359856.7	325171.7	1138101.0	400.50	90325.5
2026-07-09 04:25:00	1085639.9	1031357.9	1139921.9	363689.4	361518.1	360432.5	325692.0	1139921.9	400.50	90470.0
2026-07-09 04:30:00	1098082.5	1043178.4	1152986.7	367857.6	365661.5	364563.4	329424.8	1152986.7	400.50	91506.9
2026-07-09 04:35:00	1094170.0	1039461.5	1148878.5	366546.9	364358.6	363264.4	328251.0	1148878.5	400.50	91180.8
2026-07-09 04:40:00	1101527.5	1046451.1	1156603.9	369011.7	366808.7	365707.1	330458.3	1156603.9	400.50	91794.0
2026-07-09 04:45:00	1110523.4	1054997.2	1166049.5	372025.3	369804.3	368693.8	333157.0	1166049.5	400.50	92543.6
2026-07-09 04:50:00	1124794.2	1068554.5	1181033.9	376806.1	374556.5	373431.7	337438.3	1181033.9	400.50	93732.9
2026-07-09 04:55:00	1114093.6	1058389.0	1169798.3	373221.4	370993.2	369879.1	334228.1	1169798.3	400.50	92841.1
2026-07-09 05:00:00	1121444.5	1065372.3	1177516.8	375683.9	373441.0	372319.6	336433.4	1177516.8	400.50	93453.7
2026-07-09 05:05:00	1127184.2	1070825.0	1183543.4	377606.7	375352.3	374225.2	338155.3	1183543.4	400.50	93932.0
2026-07-09 05:10:00	1144915.9	1087670.1	1202161.7	383546.8	381257.0	380112.1	343474.8	1202161.7	400.50	95409.7
2026-07-09 05:15:00	1148150.6	1090743.0	1205558.1	384630.4	382334.1	381186.0	344445.2	1205558.1	400.50	95679.2
2026-07-09 05:20:00	1146955.2	1089607.5	1204303.0	384230.0	381936.1	380789.1	344086.6	1204303.0	400.50	95579.6
2026-07-09 05:25:00	1144689.9	1087455.4	1201924.4	383471.1	381181.8	380037.1	343407.0	1201924.4	400.50	95390.8
2026-07-09 05:30:00	1162480.3	1104356.3	1220604.3	389430.9	387105.9	385943.5	348744.1	1220604.3	400.50	96873.4
2026-07-09 05:35:00	1159068.2	1101114.8	1217021.6	388287.8	385969.7	384810.6	347720.5	1217021.6	400.50	96589.0
2026-07-09 05:40:00	1164802.1	1106562.0	1223042.2	390208.7	387879.1	386714.3	349440.6	1223042.2	400.50	97066.8
2026-07-09 05:45:00	1175242.3	1116480.2	1234004.4	393706.2	391355.7	390180.4	352572.7	1234004.4	400.50	97936.9
2026-07-09 05:50:00	1173251.8	1114589.2	1231914.4	393039.4	390692.9	389519.6	351975.5	1231914.4	400.50	97771.0
2026-07-09 05:55:00	1180502.3	1121477.2	1239527.4	395468.3	393107.3	391926.8	354150.7	1239527.4	400.50	98375.2
2026-07-09 06:00:00	1188830.2	1129388.7	1248271.7	398258.1	395880.5	394691.6	356649.1	1248271.7	400.50	99069.2
2026-07-09 06:05:00	1178650.7	1119718.2	1237583.3	394848.0	392490.7	391312.0	353595.2	1237583.3	400.50	98220.9
2026-07-09 06:10:00	1186297.6	1126982.7	1245612.4	397409.7	395037.1	393850.8	355889.3	1245612.4	400.50	98858.1
2026-07-09 06:15:00	1183632.0	1124450.4	1242813.6	396516.7	394149.5	392965.8	355089.6	1242813.6	400.50	98636.0
2026-07-09 06:20:00	1200491.7	1140467.1	1260516.3	402164.7	399763.7	398563.3	360147.5	1260516.3	400.50	100041.0
2026-07-09 06:25:00	1202164.9	1142056.6	1262273.1	402725.2	400320.9	399118.7	360649.5	1262273.1	400.50	100180.4
2026-07-09 06:30:00	1194450.1	1134727.6	1254172.6	400140.8	397751.9	396557.4	358335.0	1254172.6	400.50	99537.5
2026-07-09 06:35:00	1216932.8	1156086.1	1277779.4	407672.5	405238.6	404021.7	365079.8	1277779.4	400.50	101411.1
2026-07-09 06:40:00	1209571.0	1149092.5	1270049.6	405206.3	402787.1	401577.6	362871.3	1270049.6	400.50	100797.6
2026-07-09 06:45:00	1217687.8	1156803.4	1278572.2	407925.4	405490.0	404272.4	365306.4	1278572.2	400.50	101474.0
2026-07-09 06:50:00	1208758.4	1148320.5	1269196.4	404934.1	402516.6	401307.8	362627.5	1269196.4	400.50	100729.9
2026-07-09 06:55:00	1223934.7	1162738.0	1285131.4	410018.1	407570.3	406346.3	367180.4	1285131.4	400.50	101994.6
2026-07-09 07:00:00	1221999.7	1160899.7	1283099.7	409369.9	406925.9	405703.9	366599.9	1283099.7	400.50	101833.3
2026-07-09 07:05:00	1238339.8	1176422.8	1300256.8	414843.8	412367.2	411128.8	371501.9	1300256.8	400.50	103195.0
2026-07-09 07:10:00	1235283.2	1173519.1	1297047.4	413819.9	411349.3	410114.0	370585.0	1297047.4	400.50	102940.3
2026-07-09 07:15:00	1235043.0	1173290.8	1296795.1	413739.4	411269.3	410034.3	370512.9	1296795.1	400.50	102920.2
2026-07-09 07:20:00	1233092.2	1171437.6	1294746.8	413085.9	410619.7	409386.6	369927.7	1294746.8	400.50	102757.7
2026-07-09 07:25:00	1251668.3	1189084.8	1314251.7	419308.9	416805.5	415553.9	375500.5	1314251.7	400.50	104305.7
2026-07-09 07:30:00	1248341.3	1185924.2	1310758.4	418194.3	415697.7	414449.3	374502.4	1310758.4	400.50	104028.4
2026-07-09 07:35:00	1242434.3	1180312.6	1304556.0	416215.5	413730.6	412488.2	372730.3	1304556.0	400.50	103536.2
2026-07-09 07:40:00	1247465.3	1185092.0	1309838.6	417900.9	415405.9	414158.5	374239.6	1309838.6	400.50	103955.4
2026-07-09 07:45:00	1253214.4	1190553.7	1315875.2	419826.8	417320.4	416067.2	375964.3	1315875.2	400.50	104434.5
2026-07-09 07:50:00	1261989.6	1198890.1	1325089.1	422766.5	420242.5	418980.5	378596.9	1325089.1	400.50	105165.8
2026-07-09 07:55:00	1267100.0	1203745.0	1330455.0	424478.5	421944.3	420677.2	380130.0	1330455.0	400.50	105591.7
2026-07-09 08:00:00	1269992.1	1206492.5	1333491.8	425447.4	422907.4	421637.4	380997.6	1333491.8	400.50	105832.7
2026-07-09 08:05:00	1265775.7	1202487.0	1329064.5	424034.9	421503.3	420237.5	379732.7	1329064.5	400.50	105481.3
2026-07-09 08:10:00	1272560.1	1208932.1	1336188.1	426307.6	423762.5	422490.0	381768.0	1336188.1	400.50	106046.7
2026-07-09 08:15:00	1273393.3	1209723.6	1337062.9	426586.7	424040.0	422766.6	382018.0	1337062.9	400.50	106116.1
2026-07-09 08:20:00	1264108.8	1200903.4	1327314.3	423476.5	420948.2	419684.1	379232.6	1327314.3	400.50	105342.4
2026-07-09 08:25:00	1277556.1	1213678.3	1341433.9	427981.3	425426.2	424148.6	383266.8	1341433.9	400.50	106463.0
2026-07-09 08:30:00	1284211.9	1220001.3	1348422.5	430211.0	427642.6	426358.3	385263.6	1348422.5	400.50	107017.7
2026-07-09 08:35:00	1283969.8	1219771.3	1348168.3	430129.9	427561.9	426278.0	385190.9	1348168.3	400.50	106997.5
2026-07-09 08:40:00	1288414.6	1223993.8	1352835.3	431618.9	429042.1	427753.6	386524.4	1352835.3	400.50	107367.9
2026-07-09 08:45:00	1289425.6	1224954.3	1353896.8	431957.6	429378.7	428089.3	386827.7	1353896.8	400.50	107452.1
2026-07-09 08:50:00	1282456.4	1218333.6	1346579.2	429622.9	427058.0	425775.5	384736.9	1346579.2	400.50	106871.4
2026-07-09 08:55:00	1282490.7	1218366.1	1346615.2	429634.4	427069.4	425786.9	384747.2	1346615.2	400.50	106874.2
2026-07-09 09:00:00	1285882.5	1221588.4	1350176.7	430770.7	428198.9	426913.0	385764.8	1350176.7	400.50	107156.9
2026-07-09 09:05:00	1282195.8	1218086.0	1346305.6	429535.6	426971.2	425689.0	384658.7	1346305.6	400.50	106849.7
2026-07-09 09:10:00	1283337.5	1219170.6	1347504.3	429918.1	427351.4	426068.0	385001.2	1347504.3	400.50	106944.8
2026-07-09 09:15:00	1297974.7	1233076.0	1362873.4	434821.5	432225.6	430927.6	389392.4	1362873.4	400.50	108164.6
2026-07-09 09:20:00	1295539.8	1230762.8	1360316.8	434005.8	431414.8	430119.2	388661.9	1360316.8	400.50	107961.7
2026-07-09 09:25:00	1291027.9	1226476.5	1355579.3	432494.4	429912.3	428621.3	387308.4	1355579.3	400.50	107585.7
2026-07-09 09:30:00	1301432.4	1236360.8	1366504.0	435979.9	433377.0	432075.6	390429.7	1366504.0	400.50	108452.7
2026-07-09 09:35:00	1290752.5	1226214.9	1355290.1	432402.1	429820.6	428529.8	387225.7	1355290.1	400.50	107562.7
2026-07-09 09:40:00	1303642.2	1238460.1	1368824.3	436720.1	434112.9	432809.2	391092.7	1368824.3	400.50	108636.9
2026-07-09 09:45:00	1301984.1	1236884.9	1367083.3	436164.7	433560.7	432258.7	390595.2	1367083.3	400.50	108498.7
2026-07-09 09:50:00	1305659.0	1240376.0	1370941.9	437395.8	434784.4	433478.8	391697.7	1370941.9	400.50	108804.9
2026-07-09 09:55:00	1314560.7	1248832.6	1380288.7	440377.8	437748.7	436434.1	394368.2	1380288.7	400.50	109546.7
2026-07-09 10:00:00	1300844.3	1235802.1	1365886.6	435782.9	433181.2	431880.3	390253.3	1365886.6	400.50	108403.7
2026-07-09 10:05:00	1302355.2	1237237.4	1367473.0	436289.0	433684.3	432381.9	390706.6	1367473.0	400.50	108529.6
2026-07-09 10:10:00	1304925.3	1239679.1	1370171.6	437150.0	434540.1	433235.2	391477.6	1370171.6	400.50	108743.8
2026-07-09 10:15:00	1300248.8	1235236.4	1365261.2	435583.3	432982.8	431682.6	390074.6	1365261.2	400.50	108354.1
2026-07-09 10:20:00	1317482.6	1251608.5	1383356.8	441356.7	438721.7	437404.2	395244.8	1383356.8	400.50	109790.2
2026-07-09 10:25:00	1309506.5	1244031.2	1374981.8	438684.7	436065.7	434756.2	392851.9	1374981.8	400.50	109125.5
2026-07-09 10:30:00	1305026.2	1239774.9	1370277.5	437183.8	434573.7	433268.7	391507.9	1370277.5	400.50	108752.2
2026-07-09 10:35:00	1309781.7	1244292.6	1375270.7	438776.9	436157.3	434847.5	392934.5	1375270.7	400.50	109148.5
2026-07-09 10:40:00	1319091.9	1253137.3	1385046.5	441895.8	439257.6	437938.5	395727.6	1385046.5	400.50	109924.3
2026-07-09 10:45:00	1317882.4	1251988.3	1383776.5	441490.6	438854.8	437537.0	395364.7	1383776.5	400.50	109823.5
2026-07-09 10:50:00	1303574.4	1238395.7	1368753.1	436697.4	434090.3	432786.7	391072.3	1368753.1	400.50	108631.2
2026-07-09 10:55:00	1318493.7	1252569.0	1384418.4	441695.4	439058.4	437739.9	395548.1	1384418.4	400.50	109874.5
2026-07-09 11:00:00	1307945.9	1242548.6	1373343.2	438161.9	435546.0	434238.1	392383.8	1373343.2	400.50	108995.5
2026-07-09 11:05:00	1317355.0	1251487.2	1383222.7	441313.9	438679.2	437361.9	395206.5	1383222.7	400.50	109779.6
2026-07-09 11:10:00	1302131.7	1237025.1	1367238.3	436214.1	433609.8	432307.7	390639.5	1367238.3	400.50	108511.0
2026-07-09 11:15:00	1317656.8	1251774.0	1383539.7	441415.0	438779.7	437462.1	395297.1	1383539.7	400.50	109804.7
2026-07-09 11:20:00	1312168.6	1246560.1	1377777.0	439576.5	436952.1	435640.0	393650.6	1377777.0	400.50	109347.4
2026-07-09 11:25:00	1303721.4	1238535.3	1368907.5	436746.7	434139.2	432835.5	391116.4	1368907.5	400.50	108643.5
2026-07-09 11:30:00	1299006.1	1234055.8	1363956.4	435167.0	432569.0	431270.0	389701.8	1363956.4	400.50	108250.5
2026-07-09 11:35:00	1307150.5	1241793.0	1372508.0	437895.4	435281.1	433974.0	392145.2	1372508.0	400.50	108929.2
2026-07-09 11:40:00	1301146.3	1236089.0	1366203.6	435884.0	433281.7	431980.6	390343.9	1366203.6	400.50	108428.9
2026-07-09 11:45:00	1297064.4	1232211.2	1361917.7	434516.6	431922.5	430625.4	389119.3	1361917.7	400.50	108088.7
2026-07-09 11:50:00	1314108.2	1248402.8	1379813.6	440226.2	437598.0	436283.9	394232.5	1379813.6	400.50	109509.0
2026-07-09 11:55:00	1309384.4	1243915.1	1374853.6	438643.8	436025.0	434715.6	392815.3	1374853.6	400.50	109115.4
2026-07-09 12:00:00	1311023.1	1245472.0	1376574.3	439192.8	436570.7	435259.7	393306.9	1376574.3	400.50	109251.9
2026-07-09 12:05:00	1305522.3	1240246.2	1370798.4	437350.0	434738.9	433433.4	391656.7	1370798.4	400.50	108793.5
2026-07-09 12:10:00	1305464.4	1240191.1	1370737.6	437330.6	434719.6	433414.2	391639.3	1370737.6	400.50	108788.7
2026-07-09 12:15:00	1299492.2	1234517.6	1364466.8	435329.9	432730.9	431431.4	389847.7	1364466.8	400.50	108291.0
2026-07-09 12:20:00	1302442.6	1237320.5	1367564.8	436318.3	433713.4	432411.0	390732.8	1367564.8	400.50	108536.9
2026-07-09 12:25:00	1304044.0	1238841.8	1369246.2	436854.7	434246.7	432942.6	391213.2	1369246.2	400.50	108670.3
2026-07-09 12:30:00	1285338.1	1221071.2	1349605.0	430588.3	428017.6	426732.3	385601.4	1349605.0	400.50	107111.5
2026-07-09 12:35:00	1295488.1	1230713.7	1360262.5	433988.5	431397.5	430102.0	388646.4	1360262.5	400.50	107957.3
2026-07-09 12:40:00	1293094.3	1228439.6	1357749.1	433186.6	430600.4	429307.3	387928.3	1357749.1	400.50	107757.9
2026-07-09 12:45:00	1296436.6	1231614.8	1361258.4	434306.3	431713.4	430416.9	388931.0	1361258.4	400.50	108036.4
2026-07-09 12:50:00	1278432.8	1214511.2	1342354.5	428275.0	425718.1	424439.7	383529.9	1342354.5	400.50	106536.1
2026-07-09 12:55:00	1294526.8	1229800.4	1359253.1	433666.5	431077.4	429782.9	388358.0	1359253.1	400.50	107877.2
2026-07-09 13:00:00	1287245.3	1222883.1	1351607.6	431227.2	428652.7	427365.5	386173.6	1351607.6	400.50	107270.4
2026-07-09 13:05:00	1287664.3	1223281.1	1352047.5	431367.5	428792.2	427504.5	386299.3	1352047.5	400.50	107305.4
2026-07-09 13:10:00	1281135.5	1217078.8	1345192.3	429180.4	426618.1	425337.0	384340.7	1345192.3	400.50	106761.3
2026-07-09 13:15:00	1285719.8	1221433.9	1350005.8	430716.1	428144.7	426859.0	385716.0	1350005.8	400.50	107143.3
2026-07-09 13:20:00	1268181.0	1204772.0	1331590.1	424840.6	422304.3	421036.1	380454.3	1331590.1	400.50	105681.8
2026-07-09 13:25:00	1264238.6	1201026.6	1327450.5	423519.9	420991.4	419727.2	379271.6	1327450.5	400.50	105353.2
2026-07-09 13:30:00	1260067.3	1197063.9	1323070.7	422122.5	419602.4	418342.3	378020.2	1323070.7	400.50	105005.6
2026-07-09 13:35:00	1274749.7	1211012.2	1338487.1	427041.1	424491.6	423216.9	382424.9	1338487.1	400.50	106229.1
2026-07-09 13:40:00	1269850.5	1206358.0	1333343.0	425399.9	422860.2	421590.4	380955.1	1333343.0	400.50	105820.9
2026-07-09 13:45:00	1270170.6	1206662.0	1333679.1	425507.1	422966.8	421696.6	381051.2	1333679.1	400.50	105847.5
2026-07-09 13:50:00	1267981.5	1204582.4	1331380.6	424773.8	422237.8	420969.9	380394.5	1331380.6	400.50	105665.1
2026-07-09 13:55:00	1257999.0	1195099.1	1320899.0	421429.7	418913.7	417655.7	377399.7	1320899.0	400.50	104833.3
2026-07-09 14:00:00	1248797.4	1186357.5	1311237.2	418347.1	415849.5	414600.7	374639.2	1311237.2	400.50	104066.4
2026-07-09 14:05:00	1244689.3	1182454.9	1306923.8	416970.9	414481.5	413236.9	373406.8	1306923.8	400.50	103724.1
2026-07-09 14:10:00	1238214.6	1176303.8	1300125.3	414801.9	412325.4	411087.2	371464.4	1300125.3	400.50	103184.5
2026-07-09 14:15:00	1242305.6	1180190.3	1304420.9	416172.4	413687.8	412445.5	372691.7	1304420.9	400.50	103525.5
2026-07-09 14:20:00	1232559.9	1170931.9	1294187.9	412907.6	410442.4	409209.9	369768.0	1294187.9	400.50	102713.3
2026-07-09 14:25:00	1242583.0	1180453.9	1304712.2	416265.3	413780.1	412537.6	372774.9	1304712.2	400.50	103548.6
2026-07-09 14:30:00	1241565.0	1179486.8	1303643.3	415924.3	413441.2	412199.6	372469.5	1303643.3	400.50	103463.8
2026-07-09 14:35:00	1225718.2	1164432.3	1287004.1	410615.6	408164.1	406938.4	367715.4	1287004.1	400.50	102143.2
2026-07-09 14:40:00	1223603.4	1162423.2	1284783.6	409907.1	407459.9	406236.3	367081.0	1284783.6	400.50	101967.0
2026-07-09 14:45:00	1224551.1	1163323.5	1285778.6	410224.6	407775.5	406551.0	367365.3	1285778.6	400.50	102045.9
2026-07-09 14:50:00	1214710.6	1153975.1	1275446.1	406928.1	404498.6	403283.9	364413.2	1275446.1	400.50	101225.9
2026-07-09 14:55:00	1207069.3	1146715.8	1267422.7	404368.2	401954.1	400747.0	362120.8	1267422.7	400.50	100589.1
2026-07-09 15:00:00	1210959.1	1150411.2	1271507.1	405671.3	403249.4	402038.4	363287.7	1271507.1	400.50	100913.3
2026-07-09 15:05:00	1202718.8	1142582.8	1262854.7	402910.8	400505.3	399302.6	360815.6	1262854.7	400.50	100226.6
2026-07-09 15:10:00	1212757.8	1152119.9	1273395.7	406273.9	403848.4	402635.6	363827.4	1273395.7	400.50	101063.2
2026-07-09 15:15:00	1203611.5	1143430.9	1263792.0	403209.8	400802.6	399599.0	361083.4	1263792.0	400.50	100301.0
2026-07-09 15:20:00	1191113.0	1131557.3	1250668.6	399022.8	396640.6	395449.5	357333.9	1250668.6	400.50	99259.4
2026-07-09 15:25:00	1189441.2	1129969.2	1248913.3	398462.8	396083.9	394894.5	356832.4	1248913.3	400.50	99120.1
2026-07-09 15:30:00	1179606.3	1120626.0	1238586.6	395168.1	392808.9	391629.3	353881.9	1238586.6	400.50	98300.5
2026-07-09 15:35:00	1180905.8	1121860.5	1239951.1	395603.5	393241.6	392060.7	354271.7	1239951.1	400.50	98408.8
2026-07-09 15:40:00	1181918.3	1122822.4	1241014.3	395942.6	393578.8	392396.9	354575.5	1241014.3	400.50	98493.2
2026-07-09 15:45:00	1177079.2	1118225.2	1235933.2	394321.5	391967.4	390790.3	353123.8	1235933.2	400.50	98089.9
2026-07-09 15:50:00	1170034.6	1111532.8	1228536.3	391961.6	389621.5	388451.5	351010.4	1228536.3	400.50	97502.9
2026-07-09 15:55:00	1172765.5	1114127.2	1231403.8	392876.4	390530.9	389358.1	351829.6	1231403.8	400.50	97730.5
2026-07-09 16:00:00	1159967.0	1101968.7	1217965.4	388589.0	386269.0	385109.1	347990.1	1217965.4	400.50	96663.9
2026-07-09 16:05:00	1169964.8	1111466.5	1228463.0	391938.2	389598.3	388428.3	350989.4	1228463.0	400.50	97497.1
2026-07-09 16:10:00	1146469.1	1089145.6	1203792.5	384067.1	381774.2	380627.7	343940.7	1203792.5	400.50	95539.1
2026-07-09 16:15:00	1145608.7	1088328.3	1202889.2	383778.9	381487.7	380342.1	343682.6	1202889.2	400.50	95467.4
2026-07-09 16:20:00	1144388.3	1087168.9	1201607.7	383370.1	381081.3	379936.9	343316.5	1201607.7	400.50	95365.7
2026-07-09 16:25:00	1146227.7	1088916.3	1203539.1	383986.3	381693.8	380547.6	343868.3	1203539.1	400.50	95519.0
2026-07-09 16:30:00	1147403.9	1090033.7	1204774.1	384380.3	382085.5	380938.1	344221.2	1204774.1	400.50	95617.0
2026-07-09 16:35:00	1129992.9	1073493.2	1186492.5	378547.6	376287.6	375157.6	338997.9	1186492.5	400.50	94166.1
2026-07-09 16:40:00	1125764.6	1069476.4	1182052.8	377131.1	374879.6	373753.8	337729.4	1182052.8	400.50	93813.7
2026-07-09 16:45:00	1126833.5	1070491.9	1183175.2	377489.2	375235.6	374108.7	338050.1	1183175.2	400.50	93902.8
2026-07-09 16:50:00	1115854.3	1060061.6	1171647.1	373811.2	371579.5	370463.6	334756.3	1171647.1	400.50	92987.9
2026-07-09 16:55:00	1114707.0	1058971.6	1170442.3	373426.8	371197.4	370082.7	334412.1	1170442.3	400.50	92892.2
2026-07-09 17:00:00	1106110.6	1050805.1	1161416.1	370547.1	368334.8	367228.7	331833.2	1161416.1	400.50	92175.9
2026-07-09 17:05:00	1097659.4	1042776.4	1152542.3	367715.9	365520.6	364422.9	329297.8	1152542.3	400.50	91471.6
2026-07-09 17:10:00	1096843.3	1042001.2	1151685.5	367442.5	365248.8	364152.0	329053.0	1151685.5	400.50	91403.6
2026-07-09 17:15:00	1103970.3	1048771.8	1159168.8	369830.0	367622.1	366518.1	331191.1	1159168.8	400.50	91997.5
2026-07-09 17:20:00	1086384.7	1032065.5	1140703.9	363938.9	361766.1	360679.7	325915.4	1140703.9	400.50	90532.1
2026-07-09 17:25:00	1079138.3	1025181.4	1133095.2	361511.3	359353.1	358273.9	323741.5	1133095.2	400.50	89928.2
2026-07-09 17:30:00	1088992.9	1034543.3	1143442.6	364812.6	362634.6	361545.6	326697.9	1143442.6	400.50	90749.4
2026-07-09 17:35:00	1083743.4	1029556.2	1137930.5	363054.0	360886.5	359802.8	325123.0	1137930.5	400.50	90311.9
2026-07-09 17:40:00	1074938.7	1021191.8	1128685.7	360104.5	357954.6	356879.7	322481.6	1128685.7	400.50	89578.2
2026-07-09 17:45:00	1065702.3	1012417.2	1118987.5	357010.3	354878.9	353813.2	319710.7	1118987.5	400.50	88808.5
2026-07-09 17:50:00	1060011.1	1007010.6	1113011.7	355103.7	352983.7	351923.7	318003.3	1113011.7	400.50	88334.3
2026-07-09 17:55:00	1061638.5	1008556.6	1114720.5	355648.9	353525.6	352464.0	318491.6	1114720.5	400.50	88469.9
2026-07-09 18:00:00	1060203.8	1007193.6	1113214.0	355168.3	353047.9	351987.7	318061.1	1113214.0	400.50	88350.3
2026-07-09 18:05:00	1056164.3	1003356.1	1108972.6	353815.1	351702.7	350646.6	316849.3	1108972.6	400.50	88013.7
2026-07-09 18:10:00	1045155.7	992897.9	1097413.5	350127.2	348036.9	346991.7	313546.7	1097413.5	400.50	87096.3
2026-07-09 18:15:00	1039843.9	987851.7	1091836.1	348347.7	346268.0	345228.2	311953.2	1091836.1	400.50	86653.7
2026-07-09 18:20:00	1032450.6	980828.1	1084073.1	345870.9	343806.0	342773.6	309735.2	1084073.1	400.50	86037.5
2026-07-09 18:25:00	1030781.6	979242.5	1082320.7	345311.8	343250.3	342219.5	309234.5	1082320.7	400.50	85898.5
2026-07-09 18:30:00	1025238.8	973976.9	1076500.8	343455.0	341404.5	340379.3	307571.6	1076500.8	400.50	85436.6
2026-07-09 18:35:00	1009131.2	958674.6	1059587.7	338058.9	336040.7	335031.6	302739.4	1059587.7	400.50	84094.3
2026-07-09 18:40:00	1005136.0	954879.2	1055392.8	336720.5	334710.3	333705.1	301540.8	1055392.8	400.50	83761.3
2026-07-09 18:45:00	999259.5	949296.5	1049222.5	334751.9	332753.4	331754.2	299777.9	1049222.5	400.50	83271.6
2026-07-09 18:50:00	996011.1	946210.6	1045811.7	333663.7	331671.7	330675.7	298803.3	1045811.7	400.50	83000.9
2026-07-09 18:55:00	1000462.2	950439.1	1050485.3	335154.8	333153.9	332153.5	300138.7	1050485.3	400.50	83371.8
2026-07-09 19:00:00	1001407.4	951337.0	1051477.8	335471.5	333468.7	332467.3	300422.2	1051477.8	400.50	83450.6
2026-07-09 19:05:00	978722.2	929786.1	1027658.3	327871.9	325914.5	324935.8	293616.7	1027658.3	400.50	81560.2
2026-07-09 19:10:00	981337.5	932270.7	1030404.4	328748.1	326785.4	325804.1	294401.3	1030404.4	400.50	81778.1
2026-07-09 19:15:00	971883.3	923289.1	1020477.5	325580.9	323637.1	322665.3	291565.0	1020477.5	400.50	80990.3
2026-07-09 19:20:00	982076.4	932972.5	1031180.2	328995.6	327031.4	326049.4	294622.9	1031180.2	400.50	81839.7
2026-07-09 19:25:00	975276.6	926512.7	1024040.4	326717.6	324767.1	323791.8	292583.0	1024040.4	400.50	81273.0
2026-07-09 19:30:00	967907.0	919511.6	1016302.3	324248.8	322313.0	321345.1	290372.1	1016302.3	400.50	80658.9
2026-07-09 19:35:00	957581.5	909702.4	1005460.6	320789.8	318874.6	317917.1	287274.5	1005460.6	400.50	79798.5
2026-07-09 19:40:00	943342.5	896175.4	990509.6	316019.7	314133.1	313189.7	283002.8	990509.6	400.50	78611.9
2026-07-09 19:45:00	940239.3	893227.3	987251.2	314980.2	313099.7	312159.4	282071.8	987251.2	400.50	78353.3
2026-07-09 19:50:00	937714.5	890828.7	984600.2	314134.3	312258.9	311321.2	281314.3	984600.2	400.50	78142.9
2026-07-09 19:55:00	930822.0	884280.9	977363.1	311825.4	309963.7	309032.9	279246.6	977363.1	400.50	77568.5
2026-07-09 20:00:00	931548.1	884970.7	978125.5	312068.6	310205.5	309274.0	279464.4	978125.5	400.50	77629.0
2026-07-09 20:05:00	936500.5	889675.5	983325.5	313727.7	311854.7	310918.2	280950.1	983325.5	400.50	78041.7
2026-07-09 20:10:00	915905.6	870110.3	961700.8	306828.4	304996.6	304080.6	274771.7	961700.8	400.50	76325.5
2026-07-09 20:15:00	917179.5	871320.5	963038.5	307255.1	305420.8	304503.6	275153.9	963038.5	400.50	76431.6
2026-07-09 20:20:00	908979.7	863530.7	954428.7	304508.2	302690.2	301781.3	272693.9	954428.7	400.50	75748.3
2026-07-09 20:25:00	915262.7	869499.6	961025.8	306613.0	304782.5	303867.2	274578.8	961025.8	400.50	76271.9
2026-07-09 20:30:00	908444.5	863022.3	953866.7	304328.9	302512.0	301603.6	272533.3	953866.7	400.50	75703.7
2026-07-09 20:35:00	901973.0	856874.4	947071.7	302161.0	300357.0	299455.0	270591.9	947071.7	400.50	75164.4
2026-07-09 20:40:00	892750.4	848112.9	937387.9	299071.4	297285.9	296393.1	267825.1	937387.9	400.50	74395.9
2026-07-09 20:45:00	898399.2	853479.2	943319.2	300963.7	299166.9	298268.5	269519.8	943319.2	400.50	74866.6
2026-07-09 20:50:00	879746.7	835759.3	923734.0	294715.1	292955.6	292075.9	263924.0	923734.0	400.50	73312.2
2026-07-09 20:55:00	885818.3	841527.4	930109.3	296749.1	294977.5	294091.7	265745.5	930109.3	400.50	73818.2
2026-07-09 21:00:00	874960.5	831212.4	918708.5	293111.8	291361.8	290486.9	262488.1	918708.5	400.50	72913.4
2026-07-09 21:05:00	868224.9	824813.7	911636.2	290855.3	289118.9	288250.7	260467.5	911636.2	400.50	72352.1
2026-07-09 21:10:00	869057.6	825604.7	912510.5	291134.3	289396.2	288527.1	260717.3	912510.5	400.50	72421.5
2026-07-09 21:15:00	855393.5	812623.8	898163.1	286556.8	284846.0	283990.6	256618.0	898163.1	400.50	71282.8
2026-07-09 21:20:00	854938.8	812191.9	897685.8	286404.5	284694.6	283839.7	256481.6	897685.8	400.50	71244.9
2026-07-09 21:25:00	846423.7	804102.6	888744.9	283552.0	281859.1	281012.7	253927.1	888744.9	400.50	70535.3
2026-07-09 21:30:00	857822.9	814931.7	900714.0	287370.7	285655.0	284797.2	257346.9	900714.0	400.50	71485.2
2026-07-09 21:35:00	842324.9	800208.7	884441.2	282178.8	280494.2	279651.9	252697.5	884441.2	400.50	70193.7
2026-07-09 21:40:00	851212.7	808652.1	893773.4	285156.3	283453.8	282602.6	255363.8	893773.4	400.50	70934.4
2026-07-09 21:45:00	844190.3	801980.8	886399.8	282803.7	281115.4	280271.2	253257.1	886399.8	400.50	70349.2
2026-07-09 21:50:00	824944.5	783697.3	866191.7	276356.4	274706.5	273881.6	247483.4	866191.7	400.50	68745.4
2026-07-09 21:55:00	823256.2	782093.4	864419.0	275790.8	274144.3	273321.1	246976.9	864419.0	400.50	68604.7
2026-07-09 22:00:00	833200.2	791540.2	874860.2	279122.1	277455.7	276622.5	249960.1	874860.2	400.50	69433.3
2026-07-09 22:05:00	817381.3	776512.2	858250.4	273822.7	272188.0	271370.6	245214.4	858250.4	400.50	68115.1
2026-07-09 22:10:00	810331.1	769814.5	850847.7	271460.9	269840.3	269029.9	243099.3	850847.7	400.50	67527.6
2026-07-09 22:15:00	806042.8	765740.7	846344.9	270024.3	268412.3	267606.2	241812.8	846344.9	400.50	67170.2
2026-07-09 22:20:00	811900.4	771305.3	852495.4	271986.6	270362.8	269550.9	243570.1	852495.4	400.50	67658.4
2026-07-09 22:25:00	801439.0	761367.0	841510.9	268482.1	266879.2	266077.7	240431.7	841510.9	400.50	66786.6
2026-07-09 22:30:00	793892.7	754198.1	833587.4	265954.1	264366.3	263572.4	238167.8	833587.4	400.50	66157.7
2026-07-09 22:35:00	801850.9	761758.4	841943.5	268620.1	267016.4	266214.5	240555.3	841943.5	400.50	66820.9
2026-07-09 22:40:00	786559.1	747231.1	825887.0	263497.3	261924.2	261137.6	235967.7	825887.0	400.50	65546.6
2026-07-09 22:45:00	800919.3	760873.3	840965.3	268308.0	266706.1	265905.2	240275.8	840965.3	400.50	66743.3
2026-07-09 22:50:00	784811.2	745570.7	824051.8	262911.8	261342.1	260557.3	235443.4	824051.8	400.50	65400.9
2026-07-09 22:55:00	783044.8	743892.5	822197.0	262320.0	260753.9	259970.9	234913.4	822197.0	400.50	65253.7
2026-07-09 23:00:00	774293.5	735578.8	813008.2	259388.3	257839.7	257065.4	232288.0	813008.2	400.50	64524.5
2026-07-09 23:05:00	784052.6	744850.0	823255.2	262657.6	261089.5	260305.5	235215.8	823255.2	400.50	65337.7
2026-07-09 23:10:00	766389.4	728069.9	804708.8	256740.4	255207.7	254441.3	229916.8	804708.8	400.50	63865.8
2026-07-09 23:15:00	779291.3	740326.7	818255.8	261062.6	259504.0	258724.7	233787.4	818255.8	400.50	64940.9
2026-07-09 23:20:00	764074.8	725871.1	802278.6	255965.1	254436.9	253672.8	229222.5	802278.6	400.50	63672.9
2026-07-09 23:25:00	764392.2	726172.6	802611.8	256071.4	254542.6	253778.2	229317.7	802611.8	400.50	63699.3
2026-07-09 23:30:00	755241.6	717479.5	793003.7	253005.9	251495.5	250740.2	226572.5	793003.7	400.50	62936.8
2026-07-09 23:35:00	753090.7	715436.1	790745.2	252285.4	250779.2	250026.1	225927.2	790745.2	400.50	62757.6
2026-07-09 23:40:00	766271.8	727958.2	804585.4	256701.1	255168.5	254402.2	229881.5	804585.4	400.50	63856.0
2026-07-09 23:45:00	756815.9	718975.1	794656.7	253533.3	252019.7	251262.9	227044.8	794656.7	400.50	63068.0
2026-07-09 23:50:00	762216.7	724105.8	800327.5	255342.6	253818.1	253055.9	228665.0	800327.5	400.50	63518.1
2026-07-09 23:55:00	751437.3	713865.5	789009.2	251731.5	250228.6	249477.2	225431.2	789009.2	400.50	62619.8
2026-07-10 00:00:00	751068.7	713515.2	788622.1	251608.0	250105.9	249354.8	225320.6	788622.1	400.50	62589.1
2026-07-10 00:05:00	743553.9	706376.2	780731.6	249090.6	247603.5	246859.9	223066.2	780731.6	400.50	61962.8
2026-07-10 00:10:00	749429.9	711958.4	786901.4	251059.0	249560.2	248810.7	224829.0	786901.4	400.50	62452.5
2026-07-10 00:15:00	731373.3	694804.7	767942.0	245010.1	243547.3	242815.9	219412.0	767942.0	400.50	60947.8
2026-07-10 00:20:00	740491.0	703466.5	777515.6	248064.5	246583.5	245843.0	222147.3	777515.6	400.50	61707.6
2026-07-10 00:25:00	743567.2	706388.8	780745.5	249095.0	247607.9	246864.3	223070.1	780745.5	400.50	61963.9
2026-07-10 00:30:00	731926.6	695330.3	768522.9	245195.4	243731.6	242999.6	219578.0	768522.9	400.50	60993.9
2026-07-10 00:35:00	736547.6	699720.3	773375.0	246743.5	245270.4	244533.8	220964.3	773375.0	400.50	61379.0
2026-07-10 00:40:00	726148.6	689841.1	762456.0	243259.8	241807.5	241081.3	217844.6	762456.0	400.50	60512.4
2026-07-10 00:45:00	736105.3	699300.1	772910.6	246595.3	245123.1	244387.0	220831.6	772910.6	400.50	61342.1
2026-07-10 00:50:00	736339.6	699522.6	773156.6	246673.8	245201.1	244464.7	220901.9	773156.6	400.50	61361.6
2026-07-10 00:55:00	733291.0	696626.5	769955.6	245652.5	244185.9	243452.6	219987.3	769955.6	400.50	61107.6
2026-07-10 01:00:00	724531.8	688305.2	760758.4	242718.1	241269.1	240544.5	217359.5	760758.4	400.50	60377.6
2026-07-10 01:05:00	730673.1	694139.5	767206.8	244775.5	243314.1	242583.5	219201.9	767206.8	400.50	60889.4
2026-07-10 01:10:00	727334.2	690967.5	763700.9	243656.9	242202.3	241474.9	218200.2	763700.9	400.50	60611.2
2026-07-10 01:15:00	728090.1	691685.6	764494.7	243910.2	242454.0	241725.9	218427.0	764494.7	400.50	60674.2
2026-07-10 01:20:00	726884.1	690539.9	763228.3	243506.2	242052.4	241325.5	218065.2	763228.3	400.50	60573.7
2026-07-10 01:25:00	718204.1	682293.9	754114.3	240598.4	239162.0	238443.8	215461.2	754114.3	400.50	59850.3
2026-07-10 01:30:00	710033.9	674532.2	745535.6	237861.4	236441.3	235731.3	213010.2	745535.6	400.50	59169.5
2026-07-10 01:35:00	719291.9	683327.3	755256.5	240962.8	239524.2	238804.9	215787.6	755256.5	400.50	59941.0
2026-07-10 01:40:00	705020.9	669769.9	740272.0	236182.0	234772.0	234066.9	211506.3	740272.0	400.50	58751.7
2026-07-10 01:45:00	709038.5	673586.6	744490.4	237527.9	236109.8	235400.8	212711.6	744490.4	400.50	59086.5
2026-07-10 01:50:00	704233.0	669021.3	739444.6	235918.0	234509.6	233805.3	211269.9	739444.6	400.50	58686.1
2026-07-10 01:55:00	706267.1	670953.8	741580.5	236599.5	235186.9	234480.7	211880.1	741580.5	400.50	58855.6
2026-07-10 02:00:00	706714.9	671379.1	742050.6	236749.5	235336.0	234629.3	212014.5	742050.6	400.50	58892.9
2026-07-10 02:05:00	713798.3	678108.4	749488.2	239122.4	237694.8	236981.0	214139.5	749488.2	400.50	59483.2
2026-07-10 02:10:00	719034.0	683082.3	754985.7	240876.4	239438.3	238719.3	215710.2	754985.7	400.50	59919.5
2026-07-10 02:15:00	705807.0	670516.6	741097.3	236445.3	235033.7	234327.9	211742.1	741097.3	400.50	58817.2
2026-07-10 02:20:00	712428.6	676807.2	748050.0	238663.6	237238.7	236526.3	213728.6	748050.0	400.50	59369.0
2026-07-10 02:25:00	706974.7	671625.9	742323.4	236836.5	235422.6	234715.6	212092.4	742323.4	400.50	58914.6
2026-07-10 02:30:00	714499.5	678774.6	750224.5	239357.3	237928.3	237213.8	214349.9	750224.5	400.50	59541.6
2026-07-10 02:35:00	706907.1	671561.8	742252.5	236813.9	235400.1	234693.2	212072.1	742252.5	400.50	58908.9
2026-07-10 02:40:00	717425.5	681554.2	753296.7	240337.5	238902.7	238185.3	215227.6	753296.7	400.50	59785.5
2026-07-10 02:45:00	703066.2	667912.9	738219.5	235527.2	234121.0	233418.0	210919.8	738219.5	400.50	58588.8
2026-07-10 02:50:00	717230.4	681368.9	753092.0	240272.2	238837.7	238120.5	215169.1	753092.0	400.50	59769.2
2026-07-10 02:55:00	701132.7	666076.1	736189.3	234879.5	233477.2	232776.1	210339.8	736189.3	400.50	58427.7
2026-07-10 03:00:00	701854.0	666761.3	736946.7	235121.1	233717.4	233015.5	210556.2	736946.7	400.50	58487.8
2026-07-10 03:05:00	704629.2	669397.7	739860.7	236050.8	234641.5	233936.9	211388.8	739860.7	400.50	58719.1
2026-07-10 03:10:00	718231.6	682320.0	754143.2	240607.6	239171.1	238452.9	215469.5	754143.2	400.50	59852.6
2026-07-10 03:15:00	715935.5	680138.7	751732.3	239838.4	238406.5	237690.6	214780.7	751732.3	400.50	59661.3
2026-07-10 03:20:00	721472.2	685398.6	757545.8	241693.2	240250.2	239528.8	216441.7	757545.8	400.50	60122.7
2026-07-10 03:25:00	711640.2	676058.2	747222.2	238399.5	236976.2	236264.5	213492.0	747222.2	400.50	59303.3
2026-07-10 03:30:00	709148.4	673691.0	744605.8	237564.7	236146.4	235437.3	212744.5	744605.8	400.50	59095.7
2026-07-10 03:35:00	716276.6	680462.8	752090.4	239952.7	238520.1	237803.8	214883.0	752090.4	400.50	59689.7
2026-07-10 03:40:00	714727.4	678991.0	750463.8	239433.7	238004.2	237289.5	214418.2	750463.8	400.50	59560.6
2026-07-10 03:45:00	720599.0	684569.1	756629.0	241400.7	239959.5	239238.9	216179.7	756629.0	400.50	60049.9
2026-07-10 03:50:00	714939.6	679192.6	750686.6	239504.8	238074.9	237359.9	214481.9	750686.6	400.50	59578.3
2026-07-10 03:55:00	720315.6	684299.8	756331.4	241305.7	239865.1	239144.8	216094.7	756331.4	400.50	60026.3
2026-07-10 04:00:00	715238.3	679476.4	751000.3	239604.8	238174.4	237459.1	214571.5	751000.3	400.50	59603.2
2026-07-10 04:05:00	725846.5	689554.2	762138.8	243158.6	241706.9	240981.0	217754.0	762138.8	400.50	60487.2
2026-07-10 04:10:00	717622.4	681741.2	753503.5	240403.5	238968.2	238250.6	215286.7	753503.5	400.50	59801.9
2026-07-10 04:15:00	722388.9	686269.4	758508.3	242000.3	240555.5	239833.1	216716.7	758508.3	400.50	60199.1
2026-07-10 04:20:00	724650.2	688417.7	760882.7	242757.8	241308.5	240583.9	217395.1	760882.7	400.50	60387.5
2026-07-10 04:25:00	734760.8	698022.7	771498.8	246144.9	244675.3	243940.6	220428.2	771498.8	400.50	61230.1
2026-07-10 04:30:00	731158.7	694600.8	767716.6	244938.2	243475.9	242744.7	219347.6	767716.6	400.50	60929.9
2026-07-10 04:35:00	725639.2	689357.3	761921.2	243089.1	241637.9	240912.2	217691.8	761921.2	400.50	60469.9
2026-07-10 04:40:00	739475.2	702501.4	776448.9	247724.2	246245.2	245505.8	221842.5	776448.9	400.50	61622.9
2026-07-10 04:45:00	739547.0	702569.7	776524.4	247748.3	246269.2	245529.6	221864.1	776524.4	400.50	61628.9
2026-07-10 04:50:00	741652.0	704569.4	778734.6	248453.4	246970.1	246228.5	222495.6	778734.6	400.50	61804.3
2026-07-10 04:55:00	751658.9	714075.9	789241.8	251805.7	250302.4	249550.7	225497.7	789241.8	400.50	62638.2
2026-07-10 05:00:00	746677.7	709343.8	784011.6	250137.0	248643.7	247897.0	224003.3	784011.6	400.50	62223.1
2026-07-10 05:05:00	747005.1	709654.8	784355.3	250246.7	248752.7	248005.7	224101.5	784355.3	400.50	62250.4
2026-07-10 05:10:00	757120.9	719264.9	794977.0	253635.5	252121.3	251364.2	227136.3	794977.0	400.50	63093.4
2026-07-10 05:15:00	748858.0	711415.1	786300.9	250867.4	249369.7	248620.8	224657.4	786300.9	400.50	62404.8
2026-07-10 05:20:00	746667.7	709334.3	784001.1	250133.7	248640.4	247893.7	224000.3	784001.1	400.50	62222.3
2026-07-10 05:25:00	752771.2	715132.7	790409.8	252178.4	250672.8	249920.1	225831.4	790409.8	400.50	62730.9
2026-07-10 05:30:00	754905.3	717160.0	792650.6	252893.3	251383.5	250628.6	226471.6	792650.6	400.50	62908.8
2026-07-10 05:35:00	763472.3	725298.6	801645.9	255763.2	254236.3	253472.8	229041.7	801645.9	400.50	63622.7
2026-07-10 05:40:00	766515.3	728189.5	804841.0	256782.6	255249.6	254483.1	229954.6	804841.0	400.50	63876.3
2026-07-10 05:45:00	774457.2	735734.4	813180.1	259443.2	257894.3	257119.8	232337.2	813180.1	400.50	64538.1
2026-07-10 05:50:00	779574.1	740595.4	818552.8	261157.3	259598.2	258818.6	233872.2	818552.8	400.50	64964.5
2026-07-10 05:55:00	766942.2	728595.1	805289.3	256925.6	255391.8	254624.8	230082.7	805289.3	400.50	63911.8
2026-07-10 06:00:00	782794.0	743654.3	821933.7	262236.0	260670.4	259887.6	234838.2	821933.7	400.50	65232.8
2026-07-10 06:05:00	781765.2	742677.0	820853.5	261891.4	260327.8	259546.1	234529.6	820853.5	400.50	65147.1
2026-07-10 06:10:00	783991.5	744791.9	823191.1	262637.2	261069.2	260285.2	235197.4	823191.1	400.50	65332.6
2026-07-10 06:15:00	796039.3	756237.3	835841.3	266673.2	265081.1	264285.0	238811.8	835841.3	400.50	66336.6
2026-07-10 06:20:00	787205.5	747845.2	826565.7	263713.8	262139.4	261352.2	236161.6	826565.7	400.50	65600.5
2026-07-10 06:25:00	801896.2	761801.4	841991.0	268635.2	267031.4	266229.5	240568.9	841991.0	400.50	66824.7
2026-07-10 06:30:00	794684.1	754949.9	834418.3	266219.2	264629.8	263835.1	238405.2	834418.3	400.50	66223.7
2026-07-10 06:35:00	807697.8	767312.9	848082.6	270578.7	268963.4	268155.7	242309.3	848082.6	400.50	67308.1
2026-07-10 06:40:00	812452.3	771829.7	853074.9	272171.5	270546.6	269734.2	243735.7	853074.9	400.50	67704.4
2026-07-10 06:45:00	809476.8	769002.9	849950.6	271174.7	269555.8	268746.3	242843.0	849950.6	400.50	67456.4
2026-07-10 06:50:00	804386.1	764166.8	844605.4	269469.3	267860.6	267056.2	241315.8	844605.4	400.50	67032.2
2026-07-10 06:55:00	824941.4	783694.3	866188.5	276355.4	274705.5	273880.6	247482.4	866188.5	400.50	68745.1
2026-07-10 07:00:00	814640.3	773908.3	855372.3	272904.5	271275.2	270460.6	244392.1	855372.3	400.50	67886.7
2026-07-10 07:05:00	827240.7	785878.7	868602.8	277125.6	275471.2	274643.9	248172.2	868602.8	400.50	68936.7
2026-07-10 07:10:00	836947.9	795100.5	878795.3	280377.5	278703.6	277866.7	251084.4	878795.3	400.50	69745.7
2026-07-10 07:15:00	826190.2	784880.7	867499.8	276773.7	275121.3	274295.2	247857.1	867499.8	400.50	68849.2
2026-07-10 07:20:00	830256.5	788743.7	871769.3	278135.9	276475.4	275645.2	249077.0	871769.3	400.50	69188.0
2026-07-10 07:25:00	832808.0	791167.6	874448.4	278990.7	277325.1	276492.2	249842.4	874448.4	400.50	69400.7
2026-07-10 07:30:00	850641.5	808109.4	893173.6	284964.9	283263.6	282413.0	255192.5	893173.6	400.50	70886.8
2026-07-10 07:35:00	842579.6	800450.6	884708.6	282264.2	280579.0	279736.4	252773.9	884708.6	400.50	70215.0
2026-07-10 07:40:00	856306.4	813491.1	899121.7	286862.6	285150.0	284293.7	256891.9	899121.7	400.50	71358.9
2026-07-10 07:45:00	855152.7	812395.1	897910.3	286476.2	284765.8	283910.7	256545.8	897910.3	400.50	71262.7
2026-07-10 07:50:00	856987.9	814138.5	899837.3	287090.9	285377.0	284520.0	257096.4	899837.3	400.50	71415.7
2026-07-10 07:55:00	862645.4	819513.2	905777.7	288986.2	287260.9	286398.3	258793.6	905777.7	400.50	71887.1
2026-07-10 08:00:00	874237.9	830526.0	917949.8	292869.7	291121.2	290247.0	262271.4	917949.8	400.50	72853.2
2026-07-10 08:05:00	873871.7	830178.1	917565.3	292747.0	290999.3	290125.4	262161.5	917565.3	400.50	72822.6
2026-07-10 08:10:00	874876.8	831132.9	918620.6	293083.7	291334.0	290459.1	262463.0	918620.6	400.50	72906.4
2026-07-10 08:15:00	887127.6	842771.2	931484.0	297187.7	295413.5	294526.4	266138.3	931484.0	400.50	73927.3
2026-07-10 08:20:00	891177.6	846618.8	935736.5	298544.5	296762.2	295871.0	267353.3	935736.5	400.50	74264.8
2026-07-10 08:25:00	895444.8	850672.6	940217.1	299974.0	298183.1	297287.7	268633.5	940217.1	400.50	74620.4
2026-07-10 08:30:00	895762.0	850973.9	940550.1	300080.3	298288.7	297393.0	268728.6	940550.1	400.50	74646.8
2026-07-10 08:35:00	911596.2	866016.4	957176.1	305384.7	303561.5	302650.0	273478.9	957176.1	400.50	75966.4
2026-07-10 08:40:00	907488.2	862113.8	952862.6	304008.5	302193.6	301286.1	272246.4	952862.6	400.50	75624.0
2026-07-10 08:45:00	917104.1	871248.9	962959.3	307229.9	305395.7	304478.6	275131.2	962959.3	400.50	76425.3
2026-07-10 08:50:00	923220.0	877059.0	969381.0	309278.7	307432.2	306509.0	276966.0	969381.0	400.50	76935.0
2026-07-10 08:55:00	925977.5	879678.7	972276.4	310202.5	308350.5	307424.5	277793.3	972276.4	400.50	77164.8
2026-07-10 09:00:00	916795.2	870955.4	962634.9	307126.4	305292.8	304376.0	275038.5	962634.9	400.50	76399.6
2026-07-10 09:05:00	930931.3	884384.8	977477.9	311862.0	310000.1	309069.2	279279.4	977477.9	400.50	77577.6
2026-07-10 09:10:00	928674.8	882241.1	975108.5	311106.1	309248.7	308320.0	278602.4	975108.5	400.50	77389.6
2026-07-10 09:15:00	940997.5	893947.6	988047.4	315234.2	313352.2	312411.2	282299.3	988047.4	400.50	78416.5
2026-07-10 09:20:00	948812.2	901371.6	996252.8	317852.1	315954.5	315005.7	284643.7	996252.8	400.50	79067.7
2026-07-10 09:25:00	948056.4	900653.6	995459.3	317598.9	315702.8	314754.7	284416.9	995459.3	400.50	79004.7
2026-07-10 09:30:00	947639.3	900257.3	995021.2	317459.1	315563.9	314616.2	284291.8	995021.2	400.50	78969.9
2026-07-10 09:35:00	966944.6	918597.4	1015291.8	323926.4	321992.6	321025.6	290083.4	1015291.8	400.50	80578.7
2026-07-10 09:40:00	970260.8	921747.7	1018773.8	325037.4	323096.8	322126.6	291078.2	1018773.8	400.50	80855.1
2026-07-10 09:45:00	962042.5	913940.3	1010144.6	322284.2	320360.1	319398.1	288612.7	1010144.6	400.50	80170.2
2026-07-10 09:50:00	965931.0	917634.5	1014227.6	323586.9	321655.0	320689.1	289779.3	1014227.6	400.50	80494.3
2026-07-10 09:55:00	976573.1	927744.4	1025401.7	327152.0	325198.8	324222.3	292971.9	1025401.7	400.50	81381.1
2026-07-10 10:00:00	986240.8	936928.8	1035552.8	330390.7	328418.2	327431.9	295872.2	1035552.8	400.50	82186.7
2026-07-10 10:05:00	985887.9	936593.5	1035182.3	330272.5	328300.7	327314.8	295766.4	1035182.3	400.50	82157.3
2026-07-10 10:10:00	993988.8	944289.4	1043688.2	332986.3	330998.3	330004.3	298196.6	1043688.2	400.50	82832.4
2026-07-10 10:15:00	1000670.5	950637.0	1050704.0	335224.6	333223.3	332222.6	300201.2	1050704.0	400.50	83389.2
2026-07-10 10:20:00	1009863.6	959370.4	1060356.8	338304.3	336284.6	335274.7	302959.1	1060356.8	400.50	84155.3
2026-07-10 10:25:00	1001456.2	951383.3	1051529.0	335487.8	333484.9	332483.4	300436.8	1051529.0	400.50	83454.7
2026-07-10 10:30:00	1016048.8	965246.4	1066851.3	340376.4	338344.3	337328.2	304814.6	1066851.3	400.50	84670.7
2026-07-10 10:35:00	1019590.2	968610.7	1070569.7	341562.7	339523.5	338504.0	305877.1	1070569.7	400.50	84965.9
2026-07-10 10:40:00	1026937.5	975590.6	1078284.3	344024.1	341970.2	340943.2	308081.2	1078284.3	400.50	85578.1
2026-07-10 10:45:00	1022804.5	971664.3	1073944.8	342639.5	340593.9	339571.1	306841.4	1073944.8	400.50	85233.7
2026-07-10 10:50:00	1032019.1	980418.1	1083620.0	345726.4	343662.3	342630.3	309605.7	1083620.0	400.50	86001.6
2026-07-10 10:55:00	1046944.6	994597.4	1099291.8	350726.4	348632.6	347585.6	314083.4	1099291.8	400.50	87245.4
2026-07-10 11:00:00	1036154.7	984346.9	1087962.4	347111.8	345039.5	344003.4	310846.4	1087962.4	400.50	86346.2
2026-07-10 11:05:00	1052699.8	1000064.8	1105334.8	352654.4	350549.0	349496.3	315809.9	1105334.8	400.50	87725.0
2026-07-10 11:10:00	1045298.3	993033.4	1097563.3	350174.9	348084.3	347039.0	313589.5	1097563.3	400.50	87108.2
2026-07-10 11:15:00	1061378.1	1008309.2	1114447.0	355561.7	353438.9	352377.5	318413.4	1114447.0	400.50	88448.2
2026-07-10 11:20:00	1067687.5	1014303.2	1121071.9	357675.3	355540.0	354472.3	320306.3	1121071.9	400.50	88974.0
2026-07-10 11:25:00	1076588.8	1022759.3	1130418.2	360657.2	358504.1	357427.5	322976.6	1130418.2	400.50	89715.7
2026-07-10 11:30:00	1065441.1	1012169.1	1118713.2	356922.8	354791.9	353726.5	319632.3	1118713.2	400.50	88786.8
2026-07-10 11:35:00	1071011.1	1017460.5	1124561.6	358788.7	356646.7	355575.7	321303.3	1124561.6	400.50	89250.9
2026-07-10 11:40:00	1088627.2	1034195.8	1143058.6	364690.1	362512.9	361424.2	326588.2	1143058.6	400.50	90718.9
2026-07-10 11:45:00	1088145.7	1033738.4	1142552.9	364528.8	362352.5	361264.4	326443.7	1142552.9	400.50	90678.8
2026-07-10 11:50:00	1102604.5	1047474.3	1157734.7	369372.5	367167.3	366064.7	330781.3	1157734.7	400.50	91883.7
2026-07-10 11:55:00	1096710.7	1041875.1	1151546.2	367398.1	365204.6	364107.9	329013.2	1151546.2	400.50	91392.6
2026-07-10 12:00:00	1108403.1	1052982.9	1163823.2	371315.0	369098.2	367989.8	332520.9	1163823.2	400.50	92366.9
2026-07-10 12:05:00	1105220.8	1049959.8	1160481.9	370249.0	368038.5	366933.3	331566.2	1160481.9	400.50	92101.7
2026-07-10 12:10:00	1105353.1	1050085.5	1160620.8	370293.3	368082.6	366977.2	331605.9	1160620.8	400.50	92112.8
2026-07-10 12:15:00	1112977.0	1057328.2	1168625.9	372847.3	370621.4	369508.4	333893.1	1168625.9	400.50	92748.1
2026-07-10 12:20:00	1123276.1	1067112.3	1179439.9	376297.5	374050.9	372927.7	336982.8	1179439.9	400.50	93606.3
2026-07-10 12:25:00	1129303.6	1072838.5	1185768.8	378316.7	376058.1	374928.8	338791.1	1185768.8	400.50	94108.6
2026-07-10 12:30:00	1125085.9	1068831.6	1181340.2	376903.8	374653.6	373528.5	337525.8	1181340.2	400.50	93757.2
2026-07-10 12:35:00	1141889.0	1084794.6	1198983.5	382532.8	380249.0	379107.2	342566.7	1198983.5	400.50	95157.4
2026-07-10 12:40:00	1146138.2	1088831.3	1203445.1	383956.3	381664.0	380517.9	343841.5	1203445.1	400.50	95511.5
2026-07-10 12:45:00	1139901.5	1082906.4	1196896.5	381867.0	379587.2	378447.3	341970.4	1196896.5	400.50	94991.8
2026-07-10 12:50:00	1142854.5	1085711.8	1199997.3	382856.3	380570.6	379427.7	342856.4	1199997.3	400.50	95237.9
2026-07-10 12:55:00	1149958.5	1092460.6	1207456.4	385236.1	382936.2	381786.2	344987.5	1207456.4	400.50	95829.9
2026-07-10 13:00:00	1159221.0	1101260.0	1217182.1	388339.0	386020.6	384861.4	347766.3	1217182.1	400.50	96601.8
2026-07-10 13:05:00	1166230.4	1107918.9	1224541.9	390687.2	388354.7	387188.5	349869.1	1224541.9	400.50	97185.9
2026-07-10 13:10:00	1176480.6	1117656.6	1235304.7	394121.0	391768.0	390591.6	352944.2	1235304.7	400.50	98040.1
2026-07-10 13:15:00	1179760.5	1120772.5	1238748.5	395219.8	392860.3	391680.5	353928.2	1238748.5	400.50	98313.4
2026-07-10 13:20:00	1174079.0	1115375.1	1232783.0	393316.5	390968.3	389794.2	352223.7	1232783.0	400.50	97839.9
2026-07-10 13:25:00	1171080.1	1112526.1	1229634.1	392311.8	389969.7	388798.6	351324.0	1229634.1	400.50	97590.0
2026-07-10 13:30:00	1179069.6	1120116.1	1238023.1	394988.3	392630.2	391451.1	353720.9	1238023.1	400.50	98255.8
2026-07-10 13:35:00	1189092.9	1129638.3	1248547.6	398346.1	395967.9	394778.9	356727.9	1248547.6	400.50	99091.1
2026-07-10 13:40:00	1181987.0	1122887.6	1241086.3	395965.6	393601.7	392419.7	354596.1	1241086.3	400.50	98498.9
2026-07-10 13:45:00	1189854.8	1130362.1	1249347.6	398601.4	396221.7	395031.8	356956.4	1249347.6	400.50	99154.6
2026-07-10 13:50:00	1200043.5	1140041.3	1260045.7	402014.6	399614.5	398414.4	360013.1	1260045.7	400.50	100003.6
2026-07-10 13:55:00	1210828.8	1150287.4	1271370.3	405627.7	403206.0	401995.2	363248.6	1271370.3	400.50	100902.4
2026-07-10 14:00:00	1201935.3	1141838.5	1262032.0	402648.3	400244.4	399042.5	360580.6	1262032.0	400.50	100161.3
2026-07-10 14:05:00	1217164.7	1156306.5	1278023.0	407750.2	405315.9	404098.7	365149.4	1278023.0	400.50	101430.4
2026-07-10 14:10:00	1209010.9	1148560.4	1269461.5	405018.7	402600.6	401391.6	362703.3	1269461.5	400.50	100750.9
2026-07-10 14:15:00	1209816.4	1149325.6	1270307.2	405288.5	402868.9	401659.0	362944.9	1270307.2	400.50	100818.0
2026-07-10 14:20:00	1217169.5	1156311.0	1278028.0	407751.8	405317.4	404100.3	365150.8	1278028.0	400.50	101430.8
2026-07-10 14:25:00	1219618.4	1158637.5	1280599.3	408572.2	406132.9	404913.3	365885.5	1280599.3	400.50	101634.9
2026-07-10 14:30:00	1225110.7	1163855.2	1286366.2	410412.1	407961.9	406736.8	367533.2	1286366.2	400.50	102092.6
2026-07-10 14:35:00	1237879.8	1175985.8	1299773.8	414689.7	412214.0	410976.1	371364.0	1299773.8	400.50	103156.7
2026-07-10 14:40:00	1230296.2	1168781.4	1291811.0	412149.2	409688.6	408458.3	369088.9	1291811.0	400.50	102524.7
2026-07-10 14:45:00	1244541.4	1182314.3	1306768.4	416921.4	414432.3	413187.7	373362.4	1306768.4	400.50	103711.8
2026-07-10 14:50:00	1233135.2	1171478.5	1294792.0	413100.3	410634.0	409400.9	369940.6	1294792.0	400.50	102761.3
2026-07-10 14:55:00	1245353.5	1183085.8	1307621.1	417193.4	414702.7	413457.3	373606.0	1307621.1	400.50	103779.5
2026-07-10 15:00:00	1242862.3	1180719.2	1305005.4	416358.9	413873.1	412630.3	372858.7	1305005.4	400.50	103571.9
2026-07-10 15:05:00	1242834.5	1180692.8	1304976.3	416349.6	413863.9	412621.1	372850.4	1304976.3	400.50	103569.5
2026-07-10 15:10:00	1257375.2	1194506.5	1320244.0	421220.7	418706.0	417448.6	377212.6	1320244.0	400.50	104781.3
2026-07-10 15:15:00	1254759.9	1192021.9	1317497.9	420344.6	417835.1	416580.3	376428.0	1317497.9	400.50	104563.3
2026-07-10 15:20:00	1268598.2	1205168.3	1332028.2	424980.4	422443.2	421174.6	380579.5	1332028.2	400.50	105716.5
2026-07-10 15:25:00	1271836.9	1208245.0	1335428.7	426065.4	423521.7	422249.8	381551.1	1335428.7	400.50	105986.4
2026-07-10 15:30:00	1270112.3	1206606.7	1333617.9	425487.6	422947.4	421677.3	381033.7	1333617.9	400.50	105842.7
2026-07-10 15:35:00	1260762.4	1197724.3	1323800.5	422355.4	419833.9	418573.1	378228.7	1323800.5	400.50	105063.5
2026-07-10 15:40:00	1267044.0	1203691.8	1330396.2	424459.8	421925.7	420658.6	380113.2	1330396.2	400.50	105587.0
2026-07-10 15:45:00	1274141.4	1210434.4	1337848.5	426837.4	424289.1	423015.0	382242.4	1337848.5	400.50	106178.5
2026-07-10 15:50:00	1284448.4	1220226.0	1348670.8	430290.2	427721.3	426436.9	385334.5	1348670.8	400.50	107037.4
2026-07-10 15:55:00	1284205.2	1219994.9	1348415.4	430208.7	427640.3	426356.1	385261.6	1348415.4	400.50	107017.1
2026-07-10 16:00:00	1272053.5	1208450.9	1335656.2	426137.9	423593.8	422321.8	381616.1	1335656.2	400.50	106004.5
2026-07-10 16:05:00	1288997.8	1224547.9	1353447.7	431814.3	429236.3	427947.3	386699.3	1353447.7	400.50	107416.5
2026-07-10 16:10:00	1278289.8	1214375.3	1342204.3	428227.1	425670.5	424392.2	383486.9	1342204.3	400.50	106524.1
2026-07-10 16:15:00	1283627.2	1219445.9	1347808.6	430015.1	427447.9	426164.2	385088.2	1347808.6	400.50	106968.9
2026-07-10 16:20:00	1291931.1	1227334.6	1356527.7	432796.9	430213.1	428921.1	387579.3	1356527.7	400.50	107660.9
2026-07-10 16:25:00	1288096.1	1223691.3	1352500.9	431512.2	428936.0	427647.9	386428.8	1352500.9	400.50	107341.3
2026-07-10 16:30:00	1289773.7	1225285.1	1354262.4	432074.2	429494.7	428204.9	386932.1	1354262.4	400.50	107481.1
2026-07-10 16:35:00	1291338.2	1226771.3	1355905.1	432598.3	430015.6	428724.3	387401.5	1355905.1	400.50	107611.5
2026-07-10 16:40:00	1297859.6	1232966.6	1362752.6	434783.0	432187.2	430889.4	389357.9	1362752.6	400.50	108155.0
2026-07-10 16:45:00	1295971.6	1231173.1	1360770.2	434150.5	431558.6	430262.6	388791.5	1360770.2	400.50	107997.6
2026-07-10 16:50:00	1299358.6	1234390.7	1364326.5	435285.1	432686.4	431387.1	389807.6	1364326.5	400.50	108279.9
2026-07-10 16:55:00	1306448.6	1241126.2	1371771.0	437660.3	435047.4	433740.9	391934.6	1371771.0	400.50	108870.7
2026-07-10 17:00:00	1298009.6	1233109.2	1362910.1	434833.2	432237.2	430939.2	389402.9	1362910.1	400.50	108167.5
2026-07-10 17:05:00	1310571.5	1245042.9	1376100.0	439041.4	436420.3	435109.7	393171.4	1376100.0	400.50	109214.3
2026-07-10 17:10:00	1310106.5	1244601.1	1375611.8	438885.7	436265.5	434955.3	393031.9	1375611.8	400.50	109175.5
2026-07-10 17:15:00	1310786.2	1245246.9	1376325.5	439113.4	436491.8	435181.0	393235.9	1376325.5	400.50	109232.2
2026-07-10 17:20:00	1299159.3	1234201.4	1364117.3	435218.4	432620.1	431320.9	389747.8	1364117.3	400.50	108263.3
2026-07-10 17:25:00	1313282.9	1247618.7	1378947.0	439949.8	437323.2	436009.9	393984.9	1378947.0	400.50	109440.2
2026-07-10 17:30:00	1305903.5	1240608.4	1371198.7	437477.7	434865.9	433560.0	391771.1	1371198.7	400.50	108825.3
2026-07-10 17:35:00	1315009.1	1249258.6	1380759.5	440528.0	437898.0	436583.0	394502.7	1380759.5	400.50	109584.1
2026-07-10 17:40:00	1310517.2	1244991.3	1376043.1	439023.3	436402.2	435091.7	393155.2	1376043.1	400.50	109209.8
2026-07-10 17:45:00	1317863.3	1251970.1	1383756.4	441484.2	438848.5	437530.6	395359.0	1383756.4	400.50	109821.9
2026-07-10 17:50:00	1312675.5	1247041.7	1378309.3	439746.3	437120.9	435808.3	393802.6	1378309.3	400.50	109389.6
2026-07-10 17:55:00	1308747.5	1243310.1	1374184.8	438430.4	435812.9	434504.2	392624.2	1374184.8	400.50	109062.3
2026-07-10 18:00:00	1301146.4	1236089.1	1366203.7	435884.1	433281.8	431980.6	390343.9	1366203.7	400.50	108428.9
2026-07-10 18:05:00	1309865.9	1244372.6	1375359.2	438805.1	436185.4	434875.5	392959.8	1375359.2	400.50	109155.5
2026-07-10 18:10:00	1312189.0	1246579.5	1377798.4	439583.3	436958.9	435646.7	393656.7	1377798.4	400.50	109349.1
2026-07-10 18:15:00	1314259.6	1248546.7	1379972.6	440277.0	437648.5	436334.2	394277.9	1379972.6	400.50	109521.6
2026-07-10 18:20:00	1302715.8	1237580.0	1367851.6	436409.8	433804.4	432501.7	390814.7	1367851.6	400.50	108559.7
2026-07-10 18:25:00	1312801.0	1247160.9	1378441.0	439788.3	437162.7	435849.9	393840.3	1378441.0	400.50	109400.1
2026-07-10 18:30:00	1313828.5	1248137.1	1379520.0	440132.6	437504.9	436191.1	394148.6	1379520.0	400.50	109485.7
2026-07-10 18:35:00	1300889.7	1235845.2	1365934.1	435798.0	433196.3	431895.4	390266.9	1365934.1	400.50	108407.5
2026-07-10 18:40:00	1311547.9	1245970.5	1377125.3	439368.6	436745.5	435433.9	393464.4	1377125.3	400.50	109295.7
2026-07-10 18:45:00	1300823.9	1235782.7	1365865.1	435776.0	433174.4	431873.5	390247.2	1365865.1	400.50	108402.0
2026-07-10 18:50:00	1314788.7	1249049.3	1380528.1	440454.2	437824.6	436509.9	394436.6	1380528.1	400.50	109565.7
2026-07-10 18:55:00	1301911.0	1236815.4	1367006.5	436140.2	433536.4	432234.4	390573.3	1367006.5	400.50	108492.6
2026-07-10 19:00:00	1315779.1	1249990.1	1381568.0	440786.0	438154.4	436838.7	394733.7	1381568.0	400.50	109648.3
2026-07-10 19:05:00	1296004.8	1231204.5	1360805.0	434161.6	431569.6	430273.6	388801.4	1360805.0	400.50	108000.4
2026-07-10 19:10:00	1304508.3	1239282.9	1369733.7	437010.3	434401.3	433096.7	391352.5	1369733.7	400.50	108709.0
2026-07-10 19:15:00	1299993.2	1234993.5	1364992.9	435497.7	432897.7	431597.7	389998.0	1364992.9	400.50	108332.8
2026-07-10 19:20:00	1300347.1	1235329.7	1365364.5	435616.3	433015.6	431715.2	390104.1	1365364.5	400.50	108362.3
2026-07-10 19:25:00	1311416.2	1245845.4	1376987.0	439324.4	436701.6	435390.2	393424.9	1376987.0	400.50	109284.7
2026-07-10 19:30:00	1294884.0	1230139.8	1359628.2	433786.2	431196.4	429901.5	388465.2	1359628.2	400.50	107907.0
2026-07-10 19:35:00	1291604.9	1227024.7	1356185.2	432687.7	430104.4	428812.8	387481.5	1356185.2	400.50	107633.7
2026-07-10 19:40:00	1300465.9	1235442.6	1365489.2	435656.1	433055.1	431754.7	390139.8	1365489.2	400.50	108372.2
2026-07-10 19:45:00	1299897.6	1234902.8	1364892.5	435465.7	432865.9	431566.0	389969.3	1364892.5	400.50	108324.8
2026-07-10 19:50:00	1296360.6	1231542.5	1361178.6	434280.8	431688.1	430391.7	388908.2	1361178.6	400.50	108030.0
2026-07-10 19:55:00	1298524.0	1233597.8	1363450.2	435005.5	432408.5	431110.0	389557.2	1363450.2	400.50	108210.3
2026-07-10 20:00:00	1282229.1	1218117.6	1346340.5	429546.7	426982.3	425700.1	384668.7	1346340.5	400.50	106852.4
2026-07-10 20:05:00	1283816.4	1219625.6	1348007.2	430078.5	427510.9	426227.0	385144.9	1348007.2	400.50	106984.7
2026-07-10 20:10:00	1279887.5	1215893.2	1343881.9	428762.3	426202.6	424922.7	383966.3	1343881.9	400.50	106657.3
2026-07-10 20:15:00	1286931.3	1222584.7	1351277.8	431122.0	428548.1	427261.2	386079.4	1351277.8	400.50	107244.3
2026-07-10 20:20:00	1279139.0	1215182.1	1343096.0	428511.6	425953.3	424674.2	383741.7	1343096.0	400.50	106594.9
2026-07-10 20:25:00	1288817.2	1224376.4	1353258.1	431753.8	429176.1	427887.3	386645.2	1353258.1	400.50	107401.4
2026-07-10 20:30:00	1279565.6	1215587.3	1343543.9	428654.5	426095.3	424815.8	383869.7	1343543.9	400.50	106630.5
2026-07-10 20:35:00	1283509.3	1219333.9	1347684.8	429975.6	427408.6	426125.1	385052.8	1347684.8	400.50	106959.1
2026-07-10 20:40:00	1266848.1	1203505.7	1330190.5	424394.1	421860.4	420593.6	380054.4	1330190.5	400.50	105570.7
2026-07-10 20:45:00	1268699.3	1205264.3	1332134.2	425014.3	422476.9	421208.2	380609.8	1332134.2	400.50	105724.9
2026-07-10 20:50:00	1264829.6	1201588.1	1328071.0	423717.9	421188.2	419923.4	379448.9	1328071.0	400.50	105402.5
2026-07-10 20:55:00	1273040.7	1209388.7	1336692.8	426468.6	423922.6	422649.5	381912.2	1336692.8	400.50	106086.7
2026-07-10 21:00:00	1265306.0	1202040.7	1328571.3	423877.5	421346.9	420081.6	379591.8	1328571.3	400.50	105442.2
2026-07-10 21:05:00	1259965.8	1196967.5	1322964.1	422088.5	419568.6	418308.6	377989.7	1322964.1	400.50	104997.2
2026-07-10 21:10:00	1259645.3	1196663.0	1322627.5	421981.2	419461.9	418202.2	377893.6	1322627.5	400.50	104970.4
2026-07-10 21:15:00	1256691.2	1193856.7	1319525.8	420991.6	418478.2	417221.5	377007.4	1319525.8	400.50	104724.3
2026-07-10 21:20:00	1249666.4	1187183.1	1312149.8	418638.3	416138.9	414889.3	374899.9	1312149.8	400.50	104138.9
2026-07-10 21:25:00	1260172.4	1197163.8	1323181.0	422157.8	419637.4	418377.2	378051.7	1323181.0	400.50	105014.4
2026-07-10 21:30:00	1246714.7	1184379.0	1309050.5	417649.4	415156.0	413909.3	374014.4	1309050.5	400.50	103892.9
2026-07-10 21:35:00	1253184.2	1190525.0	1315843.4	419816.7	417310.3	416057.2	375955.3	1315843.4	400.50	104432.0
2026-07-10 21:40:00	1248463.4	1186040.2	1310886.5	418235.2	415738.3	414489.8	374539.0	1310886.5	400.50	104038.6
2026-07-10 21:45:00	1230068.2	1168564.8	1291571.6	412072.9	409612.7	408382.7	369020.5	1291571.6	400.50	102505.7
2026-07-10 21:50:00	1244201.4	1181991.3	1306411.5	416807.5	414319.1	413074.9	373260.4	1306411.5	400.50	103683.4
2026-07-10 21:55:00	1225570.2	1164291.6	1286848.7	410566.0	408114.9	406889.3	367671.0	1286848.7	400.50	102130.8
2026-07-10 22:00:00	1221322.8	1160256.6	1282388.9	409143.1	406700.5	405479.2	366396.8	1282388.9	400.50	101776.9
2026-07-10 22:05:00	1219619.5	1158638.6	1280600.5	408572.5	406133.3	404913.7	365885.9	1280600.5	400.50	101635.0
2026-07-10 22:10:00	1223263.7	1162100.6	1284426.9	409793.4	407346.8	406123.6	366979.1	1284426.9	400.50	101938.6
2026-07-10 22:15:00	1213584.8	1152905.6	1274264.1	406550.9	404123.7	402910.2	364075.4	1274264.1	400.50	101132.1
2026-07-10 22:20:00	1223185.9	1162026.6	1284345.2	409767.3	407320.9	406097.7	366955.8	1284345.2	400.50	101932.2
2026-07-10 22:25:00	1214905.3	1154160.0	1275650.5	406993.3	404563.5	403348.5	364471.6	1275650.5	400.50	101242.1
2026-07-10 22:30:00	1214554.0	1153826.3	1275281.7	406875.6	404446.5	403231.9	364366.2	1275281.7	400.50	101212.8
2026-07-10 22:35:00	1213438.9	1152767.0	1274110.9	406502.0	404075.2	402861.7	364031.7	1274110.9	400.50	101119.9
2026-07-10 22:40:00	1193321.6	1133655.5	1252987.7	399762.7	397376.1	396182.8	357996.5	1252987.7	400.50	99443.5
2026-07-10 22:45:00	1190339.9	1130822.9	1249856.9	398763.9	396383.2	395192.8	357102.0	1249856.9	400.50	99195.0
2026-07-10 22:50:00	1187996.4	1128596.6	1247396.2	397978.8	395602.8	394414.8	356398.9	1247396.2	400.50	98999.7
2026-07-10 22:55:00	1188288.8	1128874.3	1247703.2	398076.7	395700.2	394511.9	356486.6	1247703.2	400.50	99024.1
2026-07-10 23:00:00	1179855.6	1120862.8	1238848.3	395251.6	392891.9	391712.0	353956.7	1238848.3	400.50	98321.3
2026-07-10 23:05:00	1173529.7	1114853.2	1232206.2	393132.4	390785.4	389611.9	352058.9	1232206.2	400.50	97794.1
2026-07-10 23:10:00	1170725.3	1112189.0	1229261.6	392193.0	389851.5	388680.8	351217.6	1229261.6	400.50	97560.4
2026-07-10 23:15:00	1181439.0	1122367.0	1240510.9	395782.1	393419.2	392237.7	354431.7	1240510.9	400.50	98453.2
2026-07-10 23:20:00	1175720.7	1116934.7	1234506.7	393866.4	391515.0	390339.3	352716.2	1234506.7	400.50	97976.7
2026-07-10 23:25:00	1165535.2	1107258.4	1223812.0	390454.3	388123.2	386957.7	349660.6	1223812.0	400.50	97127.9
2026-07-10 23:30:00	1168933.2	1110486.6	1227379.9	391592.6	389254.8	388085.8	350680.0	1227379.9	400.50	97411.1
2026-07-10 23:35:00	1163114.3	1104958.6	1221270.0	389643.3	387317.1	386153.9	348934.3	1221270.0	400.50	96926.2
2026-07-10 23:40:00	1159948.5	1101951.1	1217945.9	388582.7	386262.8	385102.9	347984.5	1217945.9	400.50	96662.4
2026-07-10 23:45:00	1147008.1	1089657.7	1204358.6	384247.7	381953.7	380806.7	344102.4	1204358.6	400.50	95584.0
2026-07-10 23:50:00	1146849.3	1089506.8	1204191.7	384194.5	381900.8	380754.0	344054.8	1204191.7	400.50	95570.8
2026-07-10 23:55:00	1133993.5	1077293.8	1190693.1	379887.8	377619.8	376485.8	340198.0	1190693.1	400.50	94499.5
2026-07-11 00:00:00	1137254.6	1080391.9	1194117.3	380980.3	378705.8	377568.5	341176.4	1194117.3	400.50	94771.2
2026-07-11 00:05:00	1135657.5	1078874.6	1192440.4	380445.3	378174.0	377038.3	340697.3	1192440.4	400.50	94638.1
2026-07-11 00:10:00	1125104.7	1068849.4	1181359.9	376910.1	374659.9	373534.8	337531.4	1181359.9	400.50	93758.7
2026-07-11 00:15:00	1124449.1	1068226.6	1180671.5	376690.4	374441.5	373317.1	337334.7	1180671.5	400.50	93704.1
2026-07-11 00:20:00	1123602.5	1067422.4	1179782.6	376406.8	374159.6	373036.0	337080.8	1179782.6	400.50	93633.5
2026-07-11 00:25:00	1105514.5	1050238.8	1160790.3	370347.4	368136.3	367030.8	331654.4	1160790.3	400.50	92126.2
2026-07-11 00:30:00	1107731.5	1052345.0	1163118.1	371090.1	368874.6	367766.9	332319.5	1163118.1	400.50	92311.0
2026-07-11 00:35:00	1110134.6	1054627.9	1165641.4	371895.1	369674.8	368564.7	333040.4	1165641.4	400.50	92511.2
2026-07-11 00:40:00	1086183.7	1031874.5	1140492.9	363871.6	361699.2	360613.0	325855.1	1140492.9	400.50	90515.3
2026-07-11 00:45:00	1093945.3	1039248.0	1148642.6	366471.7	364283.8	363189.8	328183.6	1148642.6	400.50	91162.1
2026-07-11 00:50:00	1095366.9	1040598.5	1150135.2	366947.9	364757.2	363661.8	328610.1	1150135.2	400.50	91280.6
2026-07-11 00:55:00	1082184.5	1028075.2	1136293.7	362531.8	360367.4	359285.2	324655.3	1136293.7	400.50	90182.0
2026-07-11 01:00:00	1077279.8	1023415.8	1131143.8	360888.7	358734.2	357656.9	323183.9	1131143.8	400.50	89773.3
2026-07-11 01:05:00	1061992.4	1008892.7	1115092.0	355767.4	353643.5	352581.5	318597.7	1115092.0	400.50	88499.4
2026-07-11 01:10:00	1058014.7	1005113.9	1110915.4	354434.9	352318.9	351260.9	317404.4	1110915.4	400.50	88167.9
2026-07-11 01:15:00	1066623.9	1013292.7	1119955.1	357319.0	355185.7	354119.1	319987.2	1119955.1	400.50	88885.3
2026-07-11 01:20:00	1054618.7	1001887.8	1107349.7	353297.3	351188.0	350133.4	316385.6	1107349.7	400.50	87884.9
2026-07-11 01:25:00	1051006.7	998456.3	1103557.0	352087.2	349985.2	348934.2	315302.0	1103557.0	400.50	87583.9
2026-07-11 01:30:00	1053138.6	1000481.7	1105795.6	352801.4	350695.2	349642.0	315941.6	1105795.6	400.50	87761.6
2026-07-11 01:35:00	1047486.5	995112.2	1099860.8	350908.0	348813.0	347765.5	314245.9	1099860.8	400.50	87290.5
2026-07-11 01:40:00	1031100.6	979545.6	1082655.7	345418.7	343356.5	342325.4	309330.2	1082655.7	400.50	85925.1
2026-07-11 01:45:00	1028280.4	976866.4	1079694.4	344473.9	342417.4	341389.1	308484.1	1079694.4	400.50	85690.0
2026-07-11 01:50:00	1032266.6	980653.3	1083879.9	345809.3	343744.8	342712.5	309680.0	1083879.9	400.50	86022.2
2026-07-11 01:55:00	1012291.1	961676.5	1062905.6	339117.5	337092.9	336080.6	303687.3	1062905.6	400.50	84357.6
2026-07-11 02:00:00	1026559.1	975231.2	1077887.1	343897.3	341844.2	340817.6	307967.7	1077887.1	400.50	85546.6
2026-07-11 02:05:00	1013807.8	963117.4	1064498.2	339625.6	337598.0	336584.2	304142.3	1064498.2	400.50	84484.0
2026-07-11 02:10:00	999224.2	949263.0	1049185.4	334740.1	332741.7	331742.4	299767.3	1049185.4	400.50	83268.7
2026-07-11 02:15:00	1011876.9	961283.1	1062470.8	338978.8	336955.0	335943.1	303563.1	1062470.8	400.50	84323.1
2026-07-11 02:20:00	1000909.8	950864.3	1050955.2	335304.8	333302.9	332302.0	300272.9	1050955.2	400.50	83409.1
2026-07-11 02:25:00	991398.3	941828.4	1040968.3	332118.4	330135.6	329144.2	297419.5	1040968.3	400.50	82616.5
2026-07-11 02:30:00	994096.5	944391.7	1043801.4	333022.3	331034.2	330040.1	298229.0	1043801.4	400.50	82841.4
2026-07-11 02:35:00	985135.0	935878.3	1034391.8	330020.2	328050.0	327064.8	295540.5	1034391.8	400.50	82094.6
2026-07-11 02:40:00	977431.5	928559.9	1026303.1	327439.5	325484.7	324507.3	293229.4	1026303.1	400.50	81452.6
2026-07-11 02:45:00	971060.6	922507.6	1019613.7	325305.3	323363.2	322392.1	291318.2	1019613.7	400.50	80921.7
2026-07-11 02:50:00	970014.5	921513.8	1018515.2	324954.9	323014.8	322044.8	291004.3	1018515.2	400.50	80834.5
2026-07-11 02:55:00	964795.7	916555.9	1013035.4	323206.5	321277.0	320312.2	289438.7	1013035.4	400.50	80399.6
2026-07-11 03:00:00	966251.2	917938.7	1014563.8	323694.2	321761.7	320795.4	289875.4	1014563.8	400.50	80520.9
2026-07-11 03:05:00	953446.2	905773.9	1001118.6	319404.5	317497.6	316544.2	286033.9	1001118.6	400.50	79453.9
2026-07-11 03:10:00	952864.8	905221.5	1000508.0	319209.7	317304.0	316351.1	285859.4	1000508.0	400.50	79405.4
2026-07-11 03:15:00	945512.4	898236.8	992788.1	316746.7	314855.6	313910.1	283653.7	992788.1	400.50	78792.7
2026-07-11 03:20:00	942351.7	895234.1	989469.2	315687.8	313803.1	312860.8	282705.5	989469.2	400.50	78529.3
2026-07-11 03:25:00	936453.1	889630.5	983275.8	313711.8	311838.9	310902.4	280935.9	983275.8	400.50	78037.8
2026-07-11 03:30:00	929584.3	883105.1	976063.6	311410.8	309551.6	308622.0	278875.3	976063.6	400.50	77465.4
2026-07-11 03:35:00	924564.7	878336.5	970793.0	309729.2	307880.1	306955.5	277369.4	970793.0	400.50	77047.1
2026-07-11 03:40:00	911533.4	865956.7	957110.0	305363.7	303540.6	302629.1	273460.0	957110.0	400.50	75961.1
2026-07-11 03:45:00	908872.3	863428.7	954315.9	304472.2	302654.5	301745.6	272661.7	954315.9	400.50	75739.4
2026-07-11 03:50:00	899255.8	854293.1	944218.6	301250.7	299452.2	298552.9	269776.8	944218.6	400.50	74938.0
2026-07-11 03:55:00	907027.1	861675.8	952378.5	303854.1	302040.0	301133.0	272108.1	952378.5	400.50	75585.6
2026-07-11 04:00:00	893842.3	849150.2	938534.4	299437.2	297649.5	296755.6	268152.7	938534.4	400.50	74486.9
2026-07-11 04:05:00	896921.5	852075.4	941767.6	300468.7	298674.9	297777.9	269076.5	941767.6	400.50	74743.5
2026-07-11 04:10:00	887845.8	843453.6	932238.1	297428.4	295652.7	294764.8	266353.8	932238.1	400.50	73987.2
2026-07-11 04:15:00	894331.1	849614.5	939047.6	299600.9	297812.3	296917.9	268299.3	939047.6	400.50	74527.6
2026-07-11 04:20:00	872509.4	828883.9	916134.8	292290.6	290545.6	289673.1	261752.8	916134.8	400.50	72709.1
2026-07-11 04:25:00	885665.2	841381.9	929948.5	296697.8	294926.5	294040.8	265699.6	929948.5	400.50	73805.4
2026-07-11 04:30:00	875140.3	831383.3	918897.4	293172.0	291421.7	290546.6	262542.1	918897.4	400.50	72928.4
2026-07-11 04:35:00	869773.3	826284.7	913262.0	291374.1	289634.5	288764.7	260932.0	913262.0	400.50	72481.1
2026-07-11 04:40:00	867751.3	824363.8	911138.9	290696.7	288961.2	288093.4	260325.4	911138.9	400.50	72312.6
2026-07-11 04:45:00	866726.2	823389.8	910062.5	290353.3	288619.8	287753.1	260017.8	910062.5	400.50	72227.2
2026-07-11 04:50:00	852614.3	809983.6	895245.0	285625.8	283920.6	283067.9	255784.3	895245.0	400.50	71051.2
2026-07-11 04:55:00	848746.6	806309.3	891183.9	284330.1	282632.6	281783.9	254624.0	891183.9	400.50	70728.9
2026-07-11 05:00:00	852706.8	810071.5	895342.1	285656.8	283951.4	283098.7	255812.0	895342.1	400.50	71058.9
2026-07-11 05:05:00	836444.1	794621.9	878266.3	280208.8	278535.9	277699.4	250933.2	878266.3	400.50	69703.7
2026-07-11 05:10:00	832002.2	790402.1	873602.4	278720.8	277056.7	276224.7	249600.7	873602.4	400.50	69333.5
2026-07-11 05:15:00	824505.4	783280.1	865730.7	276209.3	274560.3	273735.8	247351.6	865730.7	400.50	68708.8
2026-07-11 05:20:00	829711.1	788225.5	871196.6	277953.2	276293.8	275464.1	248913.3	871196.6	400.50	69142.6
2026-07-11 05:25:00	821645.6	780563.3	862727.9	275251.3	273608.0	272786.3	246493.7	862727.9	400.50	68470.5
2026-07-11 05:30:00	826360.1	785042.1	867678.1	276830.6	275177.9	274351.5	247908.0	867678.1	400.50	68863.3
2026-07-11 05:35:00	816159.4	775351.4	856967.3	273413.4	271781.1	270964.9	244847.8	856967.3	400.50	68013.3
2026-07-11 05:40:00	823358.2	782190.3	864526.1	275825.0	274178.3	273354.9	247007.5	864526.1	400.50	68613.2
2026-07-11 05:45:00	805898.1	765603.2	846193.0	269975.9	268364.1	267558.2	241769.4	846193.0	400.50	67158.2
2026-07-11 05:50:00	804018.8	763817.9	844219.8	269346.3	267738.3	266934.3	241205.7	844219.8	400.50	67001.6
2026-07-11 05:55:00	798239.6	758327.6	838151.6	267410.3	265813.8	265015.5	239471.9	838151.6	400.50	66520.0
2026-07-11 06:00:00	808362.3	767944.1	848780.4	270801.4	269184.6	268376.3	242508.7	848780.4	400.50	67363.5
2026-07-11 06:05:00	797447.7	757575.3	837320.1	267145.0	265550.1	264752.6	239234.3	837320.1	400.50	66454.0
2026-07-11 06:10:00	783066.3	743913.0	822219.7	262327.2	260761.1	259978.0	234919.9	822219.7	400.50	65255.5
2026-07-11 06:15:00	794347.0	754629.7	834064.4	266106.3	264517.6	263723.2	238304.1	834064.4	400.50	66195.6
2026-07-11 06:20:00	784145.9	744938.6	823353.2	262688.9	261120.6	260336.4	235243.8	823353.2	400.50	65345.5
2026-07-11 06:25:00	782108.0	743002.6	821213.4	262006.2	260442.0	259659.9	234632.4	821213.4	400.50	65175.7
2026-07-11 06:30:00	771918.5	733322.6	810514.4	258592.7	257048.9	256276.9	231575.5	810514.4	400.50	64326.5
2026-07-11 06:35:00	783671.1	744487.5	822854.6	262529.8	260962.5	260178.8	235101.3	822854.6	400.50	65305.9
2026-07-11 06:40:00	771876.5	733282.7	810470.4	258578.6	257034.9	256263.0	231563.0	810470.4	400.50	64323.0
2026-07-11 06:45:00	769095.9	730641.1	807550.7	257647.1	256108.9	255339.8	230728.8	807550.7	400.50	64091.3
2026-07-11 06:50:00	769548.9	731071.5	808026.4	257798.9	256259.8	255490.2	230864.7	808026.4	400.50	64129.1
2026-07-11 06:55:00	759655.9	721673.1	797638.7	254484.7	252965.4	252205.8	227896.8	797638.7	400.50	63304.7
2026-07-11 07:00:00	762712.4	724576.7	800848.0	255508.6	253983.2	253220.5	228813.7	800848.0	400.50	63559.4
2026-07-11 07:05:00	751085.9	713531.6	788640.2	251613.8	250111.6	249360.5	225325.8	788640.2	400.50	62590.5
2026-07-11 07:10:00	750947.5	713400.1	788494.9	251567.4	250065.5	249314.6	225284.3	788494.9	400.50	62579.0
2026-07-11 07:15:00	754569.2	716840.7	792297.6	252780.7	251271.5	250517.0	226370.7	792297.6	400.50	62880.8
2026-07-11 07:20:00	756571.4	718742.8	794400.0	253451.4	251938.3	251181.7	226971.4	794400.0	400.50	63047.6
2026-07-11 07:25:00	749005.4	711555.2	786455.7	250916.8	249418.8	248669.8	224701.6	786455.7	400.50	62417.1
2026-07-11 07:30:00	748614.3	711183.5	786045.0	250785.8	249288.5	248539.9	224584.3	786045.0	400.50	62384.5
2026-07-11 07:35:00	745779.1	708490.1	783068.0	249836.0	248344.4	247598.6	223733.7	783068.0	400.50	62148.3
2026-07-11 07:40:00	744688.3	707453.9	781922.7	249470.6	247981.2	247236.5	223406.5	781922.7	400.50	62057.4
2026-07-11 07:45:00	740004.7	703004.4	777004.9	247901.6	246421.6	245681.6	222001.4	777004.9	400.50	61667.1
2026-07-11 07:50:00	739162.3	702204.1	776120.4	247619.4	246141.0	245401.9	221748.7	776120.4	400.50	61596.9
2026-07-11 07:55:00	741307.5	704242.1	778372.8	248338.0	246855.4	246114.1	222392.2	778372.8	400.50	61775.6
2026-07-11 08:00:00	732230.0	695618.5	768841.5	245297.0	243832.6	243100.4	219669.0	768841.5	400.50	61019.2
2026-07-11 08:05:00	738785.3	701846.0	775724.5	247493.1	246015.5	245276.7	221635.6	775724.5	400.50	61565.4
2026-07-11 08:10:00	738286.5	701372.1	775200.8	247326.0	245849.4	245111.1	221485.9	775200.8	400.50	61523.9
2026-07-11 08:15:00	726403.4	690083.2	762723.6	243345.1	241892.3	241165.9	217921.0	762723.6	400.50	60533.6
2026-07-11 08:20:00	732363.0	695744.9	768981.2	245341.6	243876.9	243144.5	219708.9	768981.2	400.50	61030.3
2026-07-11 08:25:00	724982.7	688733.6	761231.9	242869.2	241419.2	240694.3	217494.8	761231.9	400.50	60415.2
2026-07-11 08:30:00	713620.0	677939.0	749301.1	239062.7	237635.5	236921.9	214086.0	749301.1	400.50	59468.3
2026-07-11 08:35:00	731232.8	694671.1	767794.4	244963.0	243500.5	242769.3	219369.8	767794.4	400.50	60936.1
2026-07-11 08:40:00	723740.5	687553.5	759927.5	242453.1	241005.6	240281.8	217122.1	759927.5	400.50	60311.7
2026-07-11 08:45:00	726272.3	689958.7	762585.9	243301.2	241848.7	241122.4	217881.7	762585.9	400.50	60522.7
2026-07-11 08:50:00	712162.2	676554.1	747770.3	238574.3	237150.0	236437.8	213648.6	747770.3	400.50	59346.8
2026-07-11 08:55:00	725727.3	689440.9	762013.7	243118.6	241667.2	240941.5	217718.2	762013.7	400.50	60477.3
2026-07-11 09:00:00	716822.4	680981.2	752663.5	240135.5	238701.8	237985.0	215046.7	752663.5	400.50	59735.2
2026-07-11 09:05:00	706365.9	671047.6	741684.2	236632.6	235219.8	234513.5	211909.8	741684.2	400.50	58863.8
2026-07-11 09:10:00	723156.9	686999.1	759314.8	242257.6	240811.3	240088.1	216947.1	759314.8	400.50	60263.1
2026-07-11 09:15:00	705078.7	669824.8	740332.7	236201.4	234791.2	234086.1	211523.6	740332.7	400.50	58756.6
2026-07-11 09:20:00	718008.2	682107.8	753908.6	240532.8	239096.7	238378.7	215402.5	753908.6	400.50	59834.0
2026-07-11 09:25:00	702772.9	667634.2	737911.5	235428.9	234023.4	233320.6	210831.9	737911.5	400.50	58564.4
2026-07-11 09:30:00	703027.9	667876.5	738179.3	235514.4	234108.3	233405.3	210908.4	738179.3	400.50	58585.7
2026-07-11 09:35:00	710798.2	675258.3	746338.1	238117.4	236695.8	235985.0	213239.5	746338.1	400.50	59233.2
2026-07-11 09:40:00	718741.0	682804.0	754678.1	240778.2	239340.8	238622.0	215622.3	754678.1	400.50	59895.1
2026-07-11 09:45:00	717222.9	681361.8	753084.1	240269.7	238835.2	238118.0	215166.9	753084.1	400.50	59768.6
2026-07-11 09:50:00	711646.4	676064.1	747228.7	238401.5	236978.2	236266.6	213493.9	747228.7	400.50	59303.9
2026-07-11 09:55:00	716978.7	681129.8	752827.6	240187.9	238753.9	238036.9	215093.6	752827.6	400.50	59748.2
2026-07-11 10:00:00	709605.0	674124.8	745085.3	237717.7	236298.5	235588.9	212881.5	745085.3	400.50	59133.8
2026-07-11 10:05:00	707128.9	671772.4	742485.3	236888.2	235473.9	234766.8	212138.7	742485.3	400.50	58927.4
2026-07-11 10:10:00	715103.5	679348.4	750858.7	239559.7	238129.5	237414.4	214531.1	750858.7	400.50	59592.0
2026-07-11 10:15:00	716160.8	680352.8	751968.8	239913.9	238481.5	237765.4	214848.2	751968.8	400.50	59680.1
2026-07-11 10:20:00	716392.5	680572.8	752212.1	239991.5	238558.7	237842.3	214917.7	752212.1	400.50	59699.4
2026-07-11 10:25:00	709169.6	673711.1	744628.0	237571.8	236153.5	235444.3	212750.9	744628.0	400.50	59097.5
2026-07-11 10:30:00	702058.8	666955.9	737161.8	235189.7	233785.6	233083.5	210617.7	737161.8	400.50	58504.9
2026-07-11 10:35:00	708027.5	672626.1	743428.9	237189.2	235773.2	235065.1	212408.2	743428.9	400.50	59002.3
2026-07-11 10:40:00	710588.1	675058.7	746117.5	238047.0	236625.8	235915.2	213176.4	746117.5	400.50	59215.7
2026-07-11 10:45:00	716471.0	680647.5	752294.6	240017.8	238584.8	237868.4	214941.3	752294.6	400.50	59705.9
2026-07-11 10:50:00	714517.5	678791.6	750243.4	239363.4	237934.3	237219.8	214355.3	750243.4	400.50	59543.1
2026-07-11 10:55:00	720405.0	684384.7	756425.2	241335.7	239894.9	239174.4	216121.5	756425.2	400.50	60033.7
2026-07-11 11:00:00	715657.4	679874.5	751440.3	239745.2	238313.9	237598.3	214697.2	751440.3	400.50	59638.1
2026-07-11 11:05:00	715826.0	680034.7	751617.3	239801.7	238370.1	237654.2	214747.8	751617.3	400.50	59652.2
2026-07-11 11:10:00	721295.2	685230.4	757360.0	241633.9	240191.3	239470.0	216388.6	757360.0	400.50	60107.9
2026-07-11 11:15:00	728839.9	692397.9	765281.9	244161.4	242703.7	241974.8	218652.0	765281.9	400.50	60736.7
2026-07-11 11:20:00	729040.9	692588.8	765492.9	244228.7	242770.6	242041.6	218712.3	765492.9	400.50	60753.4
2026-07-11 11:25:00	715315.1	679549.3	751080.8	239630.5	238199.9	237484.6	214594.5	751080.8	400.50	59609.6
2026-07-11 11:30:00	729117.4	692661.6	765573.3	244254.3	242796.1	242067.0	218735.2	765573.3	400.50	60759.8
2026-07-11 11:35:00	735060.7	698307.7	771813.8	246245.3	244775.2	244040.2	220518.2	771813.8	400.50	61255.1
2026-07-11 11:40:00	721604.6	685524.4	757684.9	241737.6	240294.3	239572.7	216481.4	757684.9	400.50	60133.7
2026-07-11 11:45:00	731075.6	694521.9	767629.4	244910.3	243448.2	242717.1	219322.7	767629.4	400.50	60923.0
2026-07-11 11:50:00	736090.6	699286.1	772895.1	246590.4	245118.2	244382.1	220827.2	772895.1	400.50	61340.9
2026-07-11 11:55:00	727088.2	690733.8	763442.6	243574.6	242120.4	241393.3	218126.5	763442.6	400.50	60590.7
2026-07-11 12:00:00	1866.8	1773.5	1960.2	622.3	622.3	622.3	560.0	1960.2	400.50	155.6
2026-07-11 12:05:00	2214.5	2103.8	2325.2	738.2	738.2	738.2	664.4	2325.2	400.50	184.5
2026-07-11 12:10:00	1840.0	1748.0	1932.0	613.3	613.3	613.3	552.0	1932.0	400.50	153.3
2026-07-11 12:15:00	2606.6	2476.3	2737.0	868.9	868.9	868.9	782.0	2737.0	400.50	217.2
2026-07-11 12:20:00	1581.3	1502.3	1660.4	527.1	527.1	527.1	474.4	1660.4	400.50	131.8
2026-07-11 12:25:00	1698.5	1613.6	1783.4	566.2	566.2	566.2	509.6	1783.4	400.50	141.5
2026-07-11 12:30:00	2004.9	1904.6	2105.1	668.3	668.3	668.3	601.5	2105.1	400.50	167.1
2026-07-11 12:35:00	2316.0	2200.2	2431.8	772.0	772.0	772.0	694.8	2431.8	400.50	193.0
2026-07-11 12:40:00	1620.4	1539.4	1701.5	540.1	540.1	540.1	486.1	1701.5	400.50	135.0
2026-07-11 12:45:00	1791.2	1701.7	1880.8	597.1	597.1	597.1	537.4	1880.8	400.50	149.3
2026-07-11 12:50:00	2688.2	2553.8	2822.7	896.1	896.1	896.1	806.5	2822.7	400.50	224.0
2026-07-11 12:55:00	1586.2	1506.9	1665.6	528.7	528.7	528.7	475.9	1665.6	400.50	132.2
2026-07-11 13:00:00	1819.0	1728.0	1909.9	606.3	606.3	606.3	545.7	1909.9	400.50	151.6
2026-07-11 13:05:00	1679.3	1595.3	1763.2	559.8	559.8	559.8	503.8	1763.2	400.50	139.9
2026-07-11 13:10:00	1785.6	1696.3	1874.9	595.2	595.2	595.2	535.7	1874.9	400.50	148.8
2026-07-11 13:15:00	2508.8	2383.3	2634.2	836.3	836.3	836.3	752.6	2634.2	400.50	209.1
2026-07-11 13:20:00	1768.0	1679.6	1856.5	589.3	589.3	589.3	530.4	1856.5	400.50	147.3
2026-07-11 13:25:00	1514.8	1439.1	1590.6	504.9	504.9	504.9	454.5	1590.6	400.50	126.2
2026-07-11 13:30:00	2065.7	1962.5	2169.0	688.6	688.6	688.6	619.7	2169.0	400.50	172.1
2026-07-11 13:35:00	2476.6	2352.7	2600.4	825.5	825.5	825.5	743.0	2600.4	400.50	206.4
2026-07-11 13:40:00	1696.7	1611.8	1781.5	565.6	565.6	565.6	509.0	1781.5	400.50	141.4
2026-07-11 13:45:00	1815.6	1724.8	1906.4	605.2	605.2	605.2	544.7	1906.4	400.50	151.3
2026-07-11 13:50:00	1632.0	1550.4	1713.6	544.0	544.0	544.0	489.6	1713.6	400.50	136.0
2026-07-11 13:55:00	2048.5	1946.1	2150.9	682.8	682.8	682.8	614.6	2150.9	400.50	170.7
2026-07-11 14:00:00	2534.7	2407.9	2661.4	844.9	844.9	844.9	760.4	2661.4	400.50	211.2
2026-07-11 14:05:00	1595.7	1515.9	1675.5	531.9	531.9	531.9	478.7	1675.5	400.50	133.0
2026-07-11 14:10:00	1650.4	1567.9	1732.9	550.1	550.1	550.1	495.1	1732.9	400.50	137.5
2026-07-11 14:15:00	2683.2	2549.1	2817.4	894.4	894.4	894.4	805.0	2817.4	400.50	223.6
2026-07-11 14:20:00	1908.7	1813.3	2004.2	636.2	636.2	636.2	572.6	2004.2	400.50	159.1
2026-07-11 14:25:00	1957.1	1859.2	2054.9	652.4	652.4	652.4	587.1	2054.9	400.50	163.1
2026-07-11 14:30:00	1518.0	1442.1	1593.9	506.0	506.0	506.0	455.4	1593.9	400.50	126.5
2026-07-11 14:35:00	2500.6	2375.5	2625.6	833.5	833.5	833.5	750.2	2625.6	400.50	208.4
2026-07-11 14:40:00	2467.1	2343.7	2590.4	822.4	822.4	822.4	740.1	2590.4	400.50	205.6
2026-07-11 14:45:00	2160.1	2052.1	2268.2	720.0	720.0	720.0	648.0	2268.2	400.50	180.0
2026-07-11 14:50:00	1618.4	1537.5	1699.3	539.5	539.5	539.5	485.5	1699.3	400.50	134.9
2026-07-11 14:55:00	1652.3	1569.7	1734.9	550.8	550.8	550.8	495.7	1734.9	400.50	137.7
2026-07-11 15:00:00	1963.4	1865.2	2061.6	654.5	654.5	654.5	589.0	2061.6	400.50	163.6
2026-07-11 15:05:00	1586.2	1506.9	1665.5	528.7	528.7	528.7	475.8	1665.5	400.50	132.2
2026-07-11 15:10:00	2553.6	2425.9	2681.2	851.2	851.2	851.2	766.1	2681.2	400.50	212.8
2026-07-11 15:15:00	1577.0	1498.1	1655.8	525.7	525.7	525.7	473.1	1655.8	400.50	131.4
2026-07-11 15:20:00	1986.0	1886.7	2085.3	662.0	662.0	662.0	595.8	2085.3	400.50	165.5
2026-07-11 15:25:00	1891.3	1796.8	1985.9	630.4	630.4	630.4	567.4	1985.9	400.50	157.6
2026-07-11 15:30:00	2313.0	2197.3	2428.6	771.0	771.0	771.0	693.9	2428.6	400.50	192.7
2026-07-11 15:35:00	2343.4	2226.3	2460.6	781.1	781.1	781.1	703.0	2460.6	400.50	195.3
2026-07-11 15:40:00	2064.7	1961.4	2167.9	688.2	688.2	688.2	619.4	2167.9	400.50	172.1
2026-07-11 15:45:00	1830.8	1739.3	1922.3	610.3	610.3	610.3	549.2	1922.3	400.50	152.6
2026-07-11 15:50:00	2365.4	2247.2	2483.7	788.5	788.5	788.5	709.6	2483.7	400.50	197.1
2026-07-11 15:55:00	1840.7	1748.7	1932.7	613.6	613.6	613.6	552.2	1932.7	400.50	153.4
2026-07-11 16:00:00	2659.9	2526.9	2792.9	886.6	886.6	886.6	798.0	2792.9	400.50	221.7
2026-07-11 16:05:00	1922.8	1826.7	2018.9	640.9	640.9	640.9	576.8	2018.9	400.50	160.2
2026-07-11 16:10:00	1990.1	1890.6	2089.6	663.4	663.4	663.4	597.0	2089.6	400.50	165.8
2026-07-11 16:15:00	1812.3	1721.7	1903.0	604.1	604.1	604.1	543.7	1903.0	400.50	151.0
2026-07-11 16:20:00	1659.2	1576.2	1742.1	553.1	553.1	553.1	497.7	1742.1	400.50	138.3
2026-07-11 16:25:00	2442.7	2320.5	2564.8	814.2	814.2	814.2	732.8	2564.8	400.50	203.6
2026-07-11 16:30:00	1809.8	1719.3	1900.3	603.3	603.3	603.3	542.9	1900.3	400.50	150.8
2026-07-11 16:35:00	2488.8	2364.4	2613.3	829.6	829.6	829.6	746.7	2613.3	400.50	207.4
2026-07-11 16:40:00	2250.6	2138.1	2363.1	750.2	750.2	750.2	675.2	2363.1	400.50	187.5
2026-07-11 16:45:00	2042.3	1940.2	2144.4	680.8	680.8	680.8	612.7	2144.4	400.50	170.2
2026-07-11 16:50:00	1541.7	1464.6	1618.8	513.9	513.9	513.9	462.5	1618.8	400.50	128.5
2026-07-11 16:55:00	1743.5	1656.3	1830.7	581.2	581.2	581.2	523.1	1830.7	400.50	145.3
2026-07-11 17:00:00	1825.0	1733.8	1916.3	608.3	608.3	608.3	547.5	1916.3	400.50	152.1
2026-07-11 17:05:00	1984.0	1884.8	2083.2	661.3	661.3	661.3	595.2	2083.2	400.50	165.3
2026-07-11 17:10:00	2604.7	2474.5	2734.9	868.2	868.2	868.2	781.4	2734.9	400.50	217.1
2026-07-11 17:15:00	2685.2	2551.0	2819.5	895.1	895.1	895.1	805.6	2819.5	400.50	223.8
2026-07-11 17:20:00	2184.4	2075.2	2293.6	728.1	728.1	728.1	655.3	2293.6	400.50	182.0
2026-07-11 17:25:00	2667.0	2533.7	2800.4	889.0	889.0	889.0	800.1	2800.4	400.50	222.3
2026-07-11 17:30:00	1917.2	1821.3	2013.0	639.1	639.1	639.1	575.2	2013.0	400.50	159.8
2026-07-11 17:35:00	1555.8	1478.0	1633.6	518.6	518.6	518.6	466.7	1633.6	400.50	129.6
2026-07-11 17:40:00	1546.3	1468.9	1623.6	515.4	515.4	515.4	463.9	1623.6	400.50	128.9
2026-07-11 17:45:00	1642.9	1560.7	1725.0	547.6	547.6	547.6	492.9	1725.0	400.50	136.9
2026-07-11 17:50:00	2348.7	2231.3	2466.1	782.9	782.9	782.9	704.6	2466.1	400.50	195.7
2026-07-11 17:55:00	2271.4	2157.9	2385.0	757.1	757.1	757.1	681.4	2385.0	400.50	189.3
2026-07-11 18:00:00	2126.7	2020.3	2233.0	708.9	708.9	708.9	638.0	2233.0	400.50	177.2
2026-07-11 18:05:00	2543.6	2416.4	2670.8	847.9	847.9	847.9	763.1	2670.8	400.50	212.0
2026-07-11 18:10:00	2232.0	2120.4	2343.6	744.0	744.0	744.0	669.6	2343.6	400.50	186.0
2026-07-11 18:15:00	1825.2	1734.0	1916.5	608.4	608.4	608.4	547.6	1916.5	400.50	152.1
2026-07-11 18:20:00	2353.5	2235.9	2471.2	784.5	784.5	784.5	706.1	2471.2	400.50	196.1
2026-07-11 18:25:00	1795.2	1705.4	1885.0	598.4	598.4	598.4	538.6	1885.0	400.50	149.6
2026-07-11 18:30:00	2458.2	2335.3	2581.1	819.4	819.4	819.4	737.5	2581.1	400.50	204.9
2026-07-11 18:35:00	2219.6	2108.6	2330.5	739.9	739.9	739.9	665.9	2330.5	400.50	185.0
2026-07-11 18:40:00	1916.6	1820.8	2012.5	638.9	638.9	638.9	575.0	2012.5	400.50	159.7
2026-07-11 18:45:00	1674.5	1590.8	1758.2	558.2	558.2	558.2	502.3	1758.2	400.50	139.5
2026-07-11 18:50:00	2490.2	2365.7	2614.7	830.1	830.1	830.1	747.1	2614.7	400.50	207.5
2026-07-11 18:55:00	1995.7	1895.9	2095.5	665.2	665.2	665.2	598.7	2095.5	400.50	166.3
2026-07-11 19:00:00	2617.6	2486.8	2748.5	872.5	872.5	872.5	785.3	2748.5	400.50	218.1
2026-07-11 19:05:00	2312.0	2196.4	2427.6	770.7	770.7	770.7	693.6	2427.6	400.50	192.7
2026-07-11 19:10:00	2066.6	1963.3	2170.0	688.9	688.9	688.9	620.0	2170.0	400.50	172.2
2026-07-11 19:15:00	1583.7	1504.5	1662.8	527.9	527.9	527.9	475.1	1662.8	400.50	132.0
2026-07-11 19:20:00	1742.0	1654.9	1829.1	580.7	580.7	580.7	522.6	1829.1	400.50	145.2
2026-07-11 19:25:00	1513.7	1438.0	1589.4	504.6	504.6	504.6	454.1	1589.4	400.50	126.1
2026-07-11 19:30:00	2585.3	2456.0	2714.5	861.8	861.8	861.8	775.6	2714.5	400.50	215.4
2026-07-11 19:35:00	1619.3	1538.4	1700.3	539.8	539.8	539.8	485.8	1700.3	400.50	134.9
2026-07-11 19:40:00	2119.0	2013.1	2225.0	706.3	706.3	706.3	635.7	2225.0	400.50	176.6
2026-07-11 19:45:00	2652.7	2520.1	2785.3	884.2	884.2	884.2	795.8	2785.3	400.50	221.1
2026-07-11 19:50:00	2187.3	2077.9	2296.7	729.1	729.1	729.1	656.2	2296.7	400.50	182.3
2026-07-11 19:55:00	2290.3	2175.8	2404.9	763.4	763.4	763.4	687.1	2404.9	400.50	190.9
2026-07-11 20:00:00	2062.7	1959.5	2165.8	687.6	687.6	687.6	618.8	2165.8	400.50	171.9
2026-07-11 20:05:00	1892.7	1798.1	1987.3	630.9	630.9	630.9	567.8	1987.3	400.50	157.7
2026-07-11 20:10:00	1604.6	1524.4	1684.9	534.9	534.9	534.9	481.4	1684.9	400.50	133.7
2026-07-11 20:15:00	1848.1	1755.6	1940.5	616.0	616.0	616.0	554.4	1940.5	400.50	154.0
2026-07-11 20:20:00	2086.4	1982.1	2190.7	695.5	695.5	695.5	625.9	2190.7	400.50	173.9
2026-07-11 20:25:00	1643.8	1561.6	1726.0	547.9	547.9	547.9	493.1	1726.0	400.50	137.0
2026-07-11 20:30:00	1985.5	1886.3	2084.8	661.8	661.8	661.8	595.7	2084.8	400.50	165.5
2026-07-11 20:35:00	2614.9	2484.1	2745.6	871.6	871.6	871.6	784.5	2745.6	400.50	217.9
2026-07-11 20:40:00	1683.8	1599.6	1768.0	561.3	561.3	561.3	505.1	1768.0	400.50	140.3
2026-07-11 20:45:00	2123.9	2017.7	2230.1	708.0	708.0	708.0	637.2	2230.1	400.50	177.0
2026-07-11 20:50:00	2182.6	2073.5	2291.8	727.5	727.5	727.5	654.8	2291.8	400.50	181.9
2026-07-11 20:55:00	2294.5	2179.7	2409.2	764.8	764.8	764.8	688.3	2409.2	400.50	191.2
2026-07-11 21:00:00	2274.3	2160.6	2388.0	758.1	758.1	758.1	682.3	2388.0	400.50	189.5
2026-07-11 21:05:00	2250.7	2138.2	2363.3	750.2	750.2	750.2	675.2	2363.3	400.50	187.6
2026-07-11 21:10:00	2161.0	2053.0	2269.1	720.3	720.3	720.3	648.3	2269.1	400.50	180.1
2026-07-11 21:15:00	1787.2	1697.9	1876.6	595.7	595.7	595.7	536.2	1876.6	400.50	148.9
2026-07-11 21:20:00	2260.2	2147.2	2373.2	753.4	753.4	753.4	678.1	2373.2	400.50	188.4
2026-07-11 21:25:00	2428.5	2307.0	2549.9	809.5	809.5	809.5	728.5	2549.9	400.50	202.4
2026-07-11 21:30:00	2187.1	2077.7	2296.4	729.0	729.0	729.0	656.1	2296.4	400.50	182.3
2026-07-11 21:35:00	2381.1	2262.1	2500.2	793.7	793.7	793.7	714.3	2500.2	400.50	198.4
2026-07-11 21:40:00	2227.6	2116.2	2339.0	742.5	742.5	742.5	668.3	2339.0	400.50	185.6
2026-07-11 21:45:00	2229.9	2118.4	2341.4	743.3	743.3	743.3	669.0	2341.4	400.50	185.8
2026-07-11 21:50:00	2071.1	1967.5	2174.6	690.4	690.4	690.4	621.3	2174.6	400.50	172.6
2026-07-11 21:55:00	1536.3	1459.5	1613.2	512.1	512.1	512.1	460.9	1613.2	400.50	128.0
2026-07-11 22:00:00	1986.0	1886.7	2085.3	662.0	662.0	662.0	595.8	2085.3	400.50	165.5
2026-07-11 22:05:00	2550.1	2422.6	2677.6	850.0	850.0	850.0	765.0	2677.6	400.50	212.5
2026-07-11 22:10:00	2364.9	2246.7	2483.2	788.3	788.3	788.3	709.5	2483.2	400.50	197.1
2026-07-11 22:15:00	2605.7	2475.4	2736.0	868.6	868.6	868.6	781.7	2736.0	400.50	217.1
2026-07-11 22:20:00	1510.8	1435.2	1586.3	503.6	503.6	503.6	453.2	1586.3	400.50	125.9
2026-07-11 22:25:00	2571.7	2443.1	2700.3	857.2	857.2	857.2	771.5	2700.3	400.50	214.3
2026-07-11 22:30:00	1804.7	1714.5	1895.0	601.6	601.6	601.6	541.4	1895.0	400.50	150.4
2026-07-11 22:35:00	2564.4	2436.2	2692.6	854.8	854.8	854.8	769.3	2692.6	400.50	213.7
2026-07-11 22:40:00	1639.4	1557.4	1721.4	546.5	546.5	546.5	491.8	1721.4	400.50	136.6
2026-07-11 22:45:00	1569.2	1490.8	1647.7	523.1	523.1	523.1	470.8	1647.7	400.50	130.8
2026-07-11 22:50:00	1565.3	1487.0	1643.6	521.8	521.8	521.8	469.6	1643.6	400.50	130.4
2026-07-11 22:55:00	2506.0	2380.7	2631.3	835.3	835.3	835.3	751.8	2631.3	400.50	208.8
2026-07-11 23:00:00	1689.4	1604.9	1773.8	563.1	563.1	563.1	506.8	1773.8	400.50	140.8
2026-07-11 23:05:00	2668.9	2535.4	2802.3	889.6	889.6	889.6	800.7	2802.3	400.50	222.4
2026-07-11 23:10:00	1806.1	1715.8	1896.4	602.0	602.0	602.0	541.8	1896.4	400.50	150.5
2026-07-11 23:15:00	2542.7	2415.5	2669.8	847.6	847.6	847.6	762.8	2669.8	400.50	211.9
2026-07-11 23:20:00	2301.8	2186.7	2416.9	767.3	767.3	767.3	690.5	2416.9	400.50	191.8
2026-07-11 23:25:00	2413.9	2293.2	2534.6	804.6	804.6	804.6	724.2	2534.6	400.50	201.2
2026-07-11 23:30:00	2692.4	2557.7	2827.0	897.5	897.5	897.5	807.7	2827.0	400.50	224.4
2026-07-11 23:35:00	2474.2	2350.5	2597.9	824.7	824.7	824.7	742.3	2597.9	400.50	206.2
2026-07-11 23:40:00	2186.3	2077.0	2295.6	728.8	728.8	728.8	655.9	2295.6	400.50	182.2
2026-07-11 23:45:00	1897.0	1802.1	1991.8	632.3	632.3	632.3	569.1	1991.8	400.50	158.1
2026-07-11 23:50:00	2643.8	2511.6	2776.0	881.3	881.3	881.3	793.1	2776.0	400.50	220.3
2026-07-11 23:55:00	1643.6	1561.4	1725.8	547.9	547.9	547.9	493.1	1725.8	400.50	137.0
2026-07-12 00:00:00	2234.0	2122.3	2345.7	744.7	744.7	744.7	670.2	2345.7	400.50	186.2
2026-07-12 00:05:00	1626.5	1545.2	1707.8	542.2	542.2	542.2	488.0	1707.8	400.50	135.5
2026-07-12 00:10:00	1525.0	1448.7	1601.2	508.3	508.3	508.3	457.5	1601.2	400.50	127.1
2026-07-12 00:15:00	2510.8	2385.3	2636.3	836.9	836.9	836.9	753.2	2636.3	400.50	209.2
2026-07-12 00:20:00	2465.5	2342.2	2588.7	821.8	821.8	821.8	739.6	2588.7	400.50	205.5
2026-07-12 00:25:00	2013.0	1912.4	2113.7	671.0	671.0	671.0	603.9	2113.7	400.50	167.8
2026-07-12 00:30:00	2270.3	2156.8	2383.8	756.8	756.8	756.8	681.1	2383.8	400.50	189.2
2026-07-12 00:35:00	1809.9	1719.4	1900.4	603.3	603.3	603.3	543.0	1900.4	400.50	150.8
2026-07-12 00:40:00	2131.5	2024.9	2238.0	710.5	710.5	710.5	639.4	2238.0	400.50	177.6
2026-07-12 00:45:00	1943.0	1845.9	2040.2	647.7	647.7	647.7	582.9	2040.2	400.50	161.9
2026-07-12 00:50:00	1794.5	1704.8	1884.2	598.2	598.2	598.2	538.4	1884.2	400.50	149.5
2026-07-12 00:55:00	1677.4	1593.5	1761.3	559.1	559.1	559.1	503.2	1761.3	400.50	139.8
2026-07-12 01:00:00	2016.7	1915.8	2117.5	672.2	672.2	672.2	605.0	2117.5	400.50	168.1
2026-07-12 01:05:00	2181.1	2072.1	2290.2	727.0	727.0	727.0	654.3	2290.2	400.50	181.8
2026-07-12 01:10:00	2510.3	2384.8	2635.8	836.8	836.8	836.8	753.1	2635.8	400.50	209.2
2026-07-12 01:15:00	2602.1	2472.0	2732.2	867.4	867.4	867.4	780.6	2732.2	400.50	216.8
2026-07-12 01:20:00	1898.5	1803.5	1993.4	632.8	632.8	632.8	569.5	1993.4	400.50	158.2
2026-07-12 01:25:00	1888.0	1793.6	1982.4	629.3	629.3	629.3	566.4	1982.4	400.50	157.3
2026-07-12 01:30:00	1782.1	1693.0	1871.2	594.0	594.0	594.0	534.6	1871.2	400.50	148.5
2026-07-12 01:35:00	2508.9	2383.5	2634.4	836.3	836.3	836.3	752.7	2634.4	400.50	209.1
2026-07-12 01:40:00	2317.3	2201.5	2433.2	772.4	772.4	772.4	695.2	2433.2	400.50	193.1
2026-07-12 01:45:00	1797.3	1707.5	1887.2	599.1	599.1	599.1	539.2	1887.2	400.50	149.8
2026-07-12 01:50:00	2216.0	2105.2	2326.8	738.7	738.7	738.7	664.8	2326.8	400.50	184.7
2026-07-12 01:55:00	2477.9	2354.0	2601.8	826.0	826.0	826.0	743.4	2601.8	400.50	206.5
2026-07-12 02:00:00	1918.2	1822.3	2014.1	639.4	639.4	639.4	575.5	2014.1	400.50	159.8
2026-07-12 02:05:00	2500.8	2375.7	2625.8	833.6	833.6	833.6	750.2	2625.8	400.50	208.4
2026-07-12 02:10:00	1984.1	1884.8	2083.3	661.4	661.4	661.4	595.2	2083.3	400.50	165.3
2026-07-12 02:15:00	2419.6	2298.6	2540.6	806.5	806.5	806.5	725.9	2540.6	400.50	201.6
2026-07-12 02:20:00	1780.2	1691.2	1869.2	593.4	593.4	593.4	534.1	1869.2	400.50	148.4
2026-07-12 02:25:00	2518.1	2392.2	2644.0	839.4	839.4	839.4	755.4	2644.0	400.50	209.8
2026-07-12 02:30:00	2026.7	1925.4	2128.0	675.6	675.6	675.6	608.0	2128.0	400.50	168.9
2026-07-12 02:35:00	2114.2	2008.5	2219.9	704.7	704.7	704.7	634.3	2219.9	400.50	176.2
2026-07-12 02:40:00	2609.1	2478.7	2739.6	869.7	869.7	869.7	782.7	2739.6	400.50	217.4
2026-07-12 02:45:00	1887.6	1793.3	1982.0	629.2	629.2	629.2	566.3	1982.0	400.50	157.3
2026-07-12 02:50:00	1995.4	1895.6	2095.1	665.1	665.1	665.1	598.6	2095.1	400.50	166.3
2026-07-12 02:55:00	1931.6	1835.0	2028.2	643.9	643.9	643.9	579.5	2028.2	400.50	161.0
2026-07-12 03:00:00	1603.0	1522.8	1683.1	534.3	534.3	534.3	480.9	1683.1	400.50	133.6
2026-07-12 03:05:00	2514.0	2388.3	2639.7	838.0	838.0	838.0	754.2	2639.7	400.50	209.5
2026-07-12 03:10:00	1814.7	1724.0	1905.4	604.9	604.9	604.9	544.4	1905.4	400.50	151.2
2026-07-12 03:15:00	1649.0	1566.6	1731.5	549.7	549.7	549.7	494.7	1731.5	400.50	137.4
2026-07-12 03:20:00	2245.5	2133.3	2357.8	748.5	748.5	748.5	673.7	2357.8	400.50	187.1
2026-07-12 03:25:00	2436.6	2314.7	2558.4	812.2	812.2	812.2	731.0	2558.4	400.50	203.0
2026-07-12 03:30:00	1735.5	1648.8	1822.3	578.5	578.5	578.5	520.7	1822.3	400.50	144.6
2026-07-12 03:35:00	2216.4	2105.6	2327.3	738.8	738.8	738.8	664.9	2327.3	400.50	184.7
2026-07-12 03:40:00	2475.7	2351.9	2599.5	825.2	825.2	825.2	742.7	2599.5	400.50	206.3
2026-07-12 03:45:00	2202.6	2092.5	2312.7	734.2	734.2	734.2	660.8	2312.7	400.50	183.6
2026-07-12 03:50:00	1699.3	1614.3	1784.3	566.4	566.4	566.4	509.8	1784.3	400.50	141.6
2026-07-12 03:55:00	2255.8	2143.0	2368.6	751.9	751.9	751.9	676.7	2368.6	400.50	188.0
2026-07-12 04:00:00	2008.2	1907.8	2108.6	669.4	669.4	669.4	602.5	2108.6	400.50	167.4
2026-07-12 04:05:00	2304.4	2189.2	2419.6	768.1	768.1	768.1	691.3	2419.6	400.50	192.0
2026-07-12 04:10:00	2647.7	2515.3	2780.0	882.6	882.6	882.6	794.3	2780.0	400.50	220.6
2026-07-12 04:15:00	1764.5	1676.3	1852.7	588.2	588.2	588.2	529.4	1852.7	400.50	147.0
2026-07-12 04:20:00	2274.0	2160.3	2387.7	758.0	758.0	758.0	682.2	2387.7	400.50	189.5
2026-07-12 04:25:00	2469.8	2346.3	2593.3	823.3	823.3	823.3	740.9	2593.3	400.50	205.8
2026-07-12 04:30:00	2293.7	2179.0	2408.4	764.6	764.6	764.6	688.1	2408.4	400.50	191.1
2026-07-12 04:35:00	1849.4	1756.9	1941.9	616.5	616.5	616.5	554.8	1941.9	400.50	154.1
2026-07-12 04:40:00	2027.3	1925.9	2128.6	675.8	675.8	675.8	608.2	2128.6	400.50	168.9
2026-07-12 04:45:00	2281.7	2167.6	2395.8	760.6	760.6	760.6	684.5	2395.8	400.50	190.1
2026-07-12 04:50:00	2223.9	2112.7	2335.1	741.3	741.3	741.3	667.2	2335.1	400.50	185.3
2026-07-12 04:55:00	1719.2	1633.3	1805.2	573.1	573.1	573.1	515.8	1805.2	400.50	143.3
2026-07-12 05:00:00	2400.9	2280.8	2520.9	800.3	800.3	800.3	720.3	2520.9	400.50	200.1
2026-07-12 05:05:00	1671.7	1588.1	1755.3	557.2	557.2	557.2	501.5	1755.3	400.50	139.3
2026-07-12 05:10:00	2426.3	2305.0	2547.6	808.8	808.8	808.8	727.9	2547.6	400.50	202.2
2026-07-12 05:15:00	2048.0	1945.6	2150.4	682.7	682.7	682.7	614.4	2150.4	400.50	170.7
2026-07-12 05:20:00	1918.9	1822.9	2014.8	639.6	639.6	639.6	575.7	2014.8	400.50	159.9
2026-07-12 05:25:00	1956.1	1858.3	2053.9	652.0	652.0	652.0	586.8	2053.9	400.50	163.0
2026-07-12 05:30:00	1918.3	1822.4	2014.2	639.4	639.4	639.4	575.5	2014.2	400.50	159.9
2026-07-12 05:35:00	2256.2	2143.4	2369.0	752.1	752.1	752.1	676.9	2369.0	400.50	188.0
2026-07-12 05:40:00	2290.1	2175.6	2404.6	763.4	763.4	763.4	687.0	2404.6	400.50	190.8
2026-07-12 05:45:00	2217.1	2106.3	2328.0	739.0	739.0	739.0	665.1	2328.0	400.50	184.8
2026-07-12 05:50:00	1664.5	1581.3	1747.8	554.8	554.8	554.8	499.4	1747.8	400.50	138.7
2026-07-12 05:55:00	2095.0	1990.2	2199.7	698.3	698.3	698.3	628.5	2199.7	400.50	174.6
2026-07-12 06:00:00	2325.4	2209.1	2441.7	775.1	775.1	775.1	697.6	2441.7	400.50	193.8
2026-07-12 06:05:00	2070.0	1966.5	2173.5	690.0	690.0	690.0	621.0	2173.5	400.50	172.5
2026-07-12 06:10:00	2208.8	2098.4	2319.2	736.3	736.3	736.3	662.6	2319.2	400.50	184.1
2026-07-12 06:15:00	1762.1	1674.0	1850.2	587.4	587.4	587.4	528.6	1850.2	400.50	146.8
2026-07-12 06:20:00	2068.2	1964.8	2171.6	689.4	689.4	689.4	620.4	2171.6	400.50	172.3
2026-07-12 06:25:00	2371.2	2252.6	2489.7	790.4	790.4	790.4	711.4	2489.7	400.50	197.6
2026-07-12 06:30:00	2683.3	2549.1	2817.5	894.4	894.4	894.4	805.0	2817.5	400.50	223.6
2026-07-12 06:35:00	1908.5	1813.1	2003.9	636.2	636.2	636.2	572.6	2003.9	400.50	159.0
2026-07-12 06:40:00	2626.4	2495.1	2757.8	875.5	875.5	875.5	787.9	2757.8	400.50	218.9
2026-07-12 06:45:00	2000.1	1900.1	2100.1	666.7	666.7	666.7	600.0	2100.1	400.50	166.7
2026-07-12 06:50:00	1565.1	1486.8	1643.3	521.7	521.7	521.7	469.5	1643.3	400.50	130.4
2026-07-12 06:55:00	1633.7	1552.0	1715.3	544.6	544.6	544.6	490.1	1715.3	400.50	136.1
2026-07-12 07:00:00	2540.9	2413.8	2667.9	847.0	847.0	847.0	762.3	2667.9	400.50	211.7
2026-07-12 07:05:00	2403.5	2283.3	2523.7	801.2	801.2	801.2	721.0	2523.7	400.50	200.3
2026-07-12 07:10:00	1531.7	1455.1	1608.3	510.6	510.6	510.6	459.5	1608.3	400.50	127.6
2026-07-12 07:15:00	2140.0	2033.0	2247.0	713.3	713.3	713.3	642.0	2247.0	400.50	178.3
2026-07-12 07:20:00	2042.2	1940.1	2144.3	680.7	680.7	680.7	612.7	2144.3	400.50	170.2
2026-07-12 07:25:00	1961.5	1863.4	2059.5	653.8	653.8	653.8	588.4	2059.5	400.50	163.5
2026-07-12 07:30:00	1721.0	1634.9	1807.0	573.7	573.7	573.7	516.3	1807.0	400.50	143.4
2026-07-12 07:35:00	2436.4	2314.6	2558.2	812.1	812.1	812.1	730.9	2558.2	400.50	203.0
2026-07-12 07:40:00	2276.6	2162.8	2390.5	758.9	758.9	758.9	683.0	2390.5	400.50	189.7
2026-07-12 07:45:00	2240.3	2128.3	2352.3	746.8	746.8	746.8	672.1	2352.3	400.50	186.7
2026-07-12 07:50:00	2410.3	2289.8	2530.9	803.4	803.4	803.4	723.1	2530.9	400.50	200.9
2026-07-12 07:55:00	2478.4	2354.5	2602.4	826.1	826.1	826.1	743.5	2602.4	400.50	206.5
2026-07-12 08:00:00	2123.0	2016.8	2229.1	707.7	707.7	707.7	636.9	2229.1	400.50	176.9
2026-07-12 08:05:00	1600.8	1520.8	1680.8	533.6	533.6	533.6	480.2	1680.8	400.50	133.4
2026-07-12 08:10:00	2043.5	1941.3	2145.7	681.2	681.2	681.2	613.1	2145.7	400.50	170.3
2026-07-12 08:15:00	2314.0	2198.3	2429.7	771.3	771.3	771.3	694.2	2429.7	400.50	192.8
2026-07-12 08:20:00	2563.6	2435.4	2691.8	854.5	854.5	854.5	769.1	2691.8	400.50	213.6
2026-07-12 08:25:00	2226.4	2115.1	2337.7	742.1	742.1	742.1	667.9	2337.7	400.50	185.5
2026-07-12 08:30:00	2260.8	2147.8	2373.8	753.6	753.6	753.6	678.2	2373.8	400.50	188.4
2026-07-12 08:35:00	1750.4	1662.8	1837.9	583.5	583.5	583.5	525.1	1837.9	400.50	145.9
2026-07-12 08:40:00	1589.6	1510.2	1669.1	529.9	529.9	529.9	476.9	1669.1	400.50	132.5
2026-07-12 08:45:00	2446.9	2324.6	2569.3	815.6	815.6	815.6	734.1	2569.3	400.50	203.9
2026-07-12 08:50:00	2181.0	2071.9	2290.0	727.0	727.0	727.0	654.3	2290.0	400.50	181.7
2026-07-12 08:55:00	1998.8	1898.8	2098.7	666.3	666.3	666.3	599.6	2098.7	400.50	166.6
2026-07-12 09:00:00	2074.9	1971.1	2178.6	691.6	691.6	691.6	622.5	2178.6	400.50	172.9
2026-07-12 09:05:00	1701.4	1616.3	1786.5	567.1	567.1	567.1	510.4	1786.5	400.50	141.8
2026-07-12 09:10:00	1955.9	1858.1	2053.7	652.0	652.0	652.0	586.8	2053.7	400.50	163.0
2026-07-12 09:15:00	2572.4	2443.7	2701.0	857.5	857.5	857.5	771.7	2701.0	400.50	214.4
2026-07-12 09:20:00	1847.7	1755.3	1940.1	615.9	615.9	615.9	554.3	1940.1	400.50	154.0
2026-07-12 09:25:00	1717.7	1631.8	1803.6	572.6	572.6	572.6	515.3	1803.6	400.50	143.1
2026-07-12 09:30:00	2313.3	2197.7	2429.0	771.1	771.1	771.1	694.0	2429.0	400.50	192.8
2026-07-12 09:35:00	1654.0	1571.3	1736.6	551.3	551.3	551.3	496.2	1736.6	400.50	137.8
2026-07-12 09:40:00	1742.5	1655.4	1829.6	580.8	580.8	580.8	522.7	1829.6	400.50	145.2
2026-07-12 09:45:00	2369.4	2251.0	2487.9	789.8	789.8	789.8	710.8	2487.9	400.50	197.5
2026-07-12 09:50:00	2392.5	2272.9	2512.1	797.5	797.5	797.5	717.8	2512.1	400.50	199.4
2026-07-12 09:55:00	1679.3	1595.4	1763.3	559.8	559.8	559.8	503.8	1763.3	400.50	139.9
2026-07-12 10:00:00	2216.2	2105.4	2327.0	738.7	738.7	738.7	664.9	2327.0	400.50	184.7
2026-07-12 10:05:00	2293.5	2178.9	2408.2	764.5	764.5	764.5	688.1	2408.2	400.50	191.1
2026-07-12 10:10:00	2231.0	2119.5	2342.6	743.7	743.7	743.7	669.3	2342.6	400.50	185.9
2026-07-12 10:15:00	1650.5	1568.0	1733.0	550.2	550.2	550.2	495.2	1733.0	400.50	137.5
2026-07-12 10:20:00	2031.8	1930.2	2133.4	677.3	677.3	677.3	609.5	2133.4	400.50	169.3
2026-07-12 10:25:00	1900.0	1805.0	1995.0	633.3	633.3	633.3	570.0	1995.0	400.50	158.3
2026-07-12 10:30:00	2025.1	1923.9	2126.4	675.0	675.0	675.0	607.5	2126.4	400.50	168.8
2026-07-12 10:35:00	1819.3	1728.3	1910.2	606.4	606.4	606.4	545.8	1910.2	400.50	151.6
2026-07-12 10:40:00	1841.6	1749.5	1933.6	613.9	613.9	613.9	552.5	1933.6	400.50	153.5
2026-07-12 10:45:00	2027.3	1925.9	2128.7	675.8	675.8	675.8	608.2	2128.7	400.50	168.9
2026-07-12 10:50:00	1908.3	1812.9	2003.7	636.1	636.1	636.1	572.5	2003.7	400.50	159.0
2026-07-12 10:55:00	1892.8	1798.2	1987.4	630.9	630.9	630.9	567.8	1987.4	400.50	157.7
2026-07-12 11:00:00	1539.6	1462.7	1616.6	513.2	513.2	513.2	461.9	1616.6	400.50	128.3
2026-07-12 11:05:00	2462.8	2339.6	2585.9	820.9	820.9	820.9	738.8	2585.9	400.50	205.2
2026-07-12 11:10:00	2614.0	2483.3	2744.7	871.3	871.3	871.3	784.2	2744.7	400.50	217.8
2026-07-12 11:15:00	2310.8	2195.3	2426.4	770.3	770.3	770.3	693.3	2426.4	400.50	192.6
2026-07-12 11:20:00	2082.1	1978.0	2186.2	694.0	694.0	694.0	624.6	2186.2	400.50	173.5
2026-07-12 11:25:00	2066.6	1963.3	2170.0	688.9	688.9	688.9	620.0	2170.0	400.50	172.2
2026-07-12 11:30:00	2519.6	2393.6	2645.5	839.9	839.9	839.9	755.9	2645.5	400.50	210.0
2026-07-12 11:35:00	2256.7	2143.9	2369.6	752.2	752.2	752.2	677.0	2369.6	400.50	188.1
2026-07-12 11:40:00	2194.6	2084.9	2304.4	731.5	731.5	731.5	658.4	2304.4	400.50	182.9
2026-07-12 11:45:00	2636.6	2504.8	2768.5	878.9	878.9	878.9	791.0	2768.5	400.50	219.7
2026-07-12 11:50:00	2445.0	2322.8	2567.3	815.0	815.0	815.0	733.5	2567.3	400.50	203.8
2026-07-12 11:55:00	2389.4	2269.9	2508.9	796.5	796.5	796.5	716.8	2508.9	400.50	199.1
2026-07-12 12:00:00	2579.1	2450.1	2708.0	859.7	859.7	859.7	773.7	2708.0	400.50	214.9
2026-07-12 12:05:00	2367.0	2248.7	2485.4	789.0	789.0	789.0	710.1	2485.4	400.50	197.3
2026-07-12 12:10:00	2488.0	2363.6	2612.4	829.3	829.3	829.3	746.4	2612.4	400.50	207.3
2026-07-12 12:15:00	2021.1	1920.1	2122.2	673.7	673.7	673.7	606.3	2122.2	400.50	168.4
2026-07-12 12:20:00	2643.7	2511.5	2775.9	881.2	881.2	881.2	793.1	2775.9	400.50	220.3
2026-07-12 12:25:00	2331.0	2214.5	2447.6	777.0	777.0	777.0	699.3	2447.6	400.50	194.3
2026-07-12 12:30:00	2672.7	2539.1	2806.3	890.9	890.9	890.9	801.8	2806.3	400.50	222.7
2026-07-12 12:35:00	2078.2	1974.2	2182.1	692.7	692.7	692.7	623.4	2182.1	400.50	173.2
2026-07-12 12:40:00	2241.0	2129.0	2353.1	747.0	747.0	747.0	672.3	2353.1	400.50	186.8
2026-07-12 12:45:00	2667.2	2533.9	2800.6	889.1	889.1	889.1	800.2	2800.6	400.50	222.3
2026-07-12 12:50:00	2307.4	2192.0	2422.7	769.1	769.1	769.1	692.2	2422.7	400.50	192.3
2026-07-12 12:55:00	2513.2	2387.5	2638.8	837.7	837.7	837.7	754.0	2638.8	400.50	209.4
2026-07-12 13:00:00	2239.1	2127.2	2351.1	746.4	746.4	746.4	671.7	2351.1	400.50	186.6
2026-07-12 13:05:00	1524.4	1448.2	1600.7	508.1	508.1	508.1	457.3	1600.7	400.50	127.0
2026-07-12 13:10:00	1947.3	1849.9	2044.7	649.1	649.1	649.1	584.2	2044.7	400.50	162.3
2026-07-12 13:15:00	2646.4	2514.1	2778.7	882.1	882.1	882.1	793.9	2778.7	400.50	220.5
2026-07-12 13:20:00	1536.2	1459.4	1613.1	512.1	512.1	512.1	460.9	1613.1	400.50	128.0
2026-07-12 13:25:00	2636.4	2504.5	2768.2	878.8	878.8	878.8	790.9	2768.2	400.50	219.7
2026-07-12 13:30:00	2145.6	2038.3	2252.9	715.2	715.2	715.2	643.7	2252.9	400.50	178.8
2026-07-12 13:35:00	2619.8	2488.8	2750.7	873.3	873.3	873.3	785.9	2750.7	400.50	218.3
2026-07-12 13:40:00	2367.6	2249.2	2485.9	789.2	789.2	789.2	710.3	2485.9	400.50	197.3
2026-07-12 13:45:00	1699.1	1614.2	1784.1	566.4	566.4	566.4	509.7	1784.1	400.50	141.6
2026-07-12 13:50:00	1938.8	1841.9	2035.8	646.3	646.3	646.3	581.7	2035.8	400.50	161.6
2026-07-12 13:55:00	1919.2	1823.2	2015.2	639.7	639.7	639.7	575.8	2015.2	400.50	159.9
2026-07-12 14:00:00	2078.7	1974.7	2182.6	692.9	692.9	692.9	623.6	2182.6	400.50	173.2
2026-07-12 14:05:00	2331.0	2214.5	2447.6	777.0	777.0	777.0	699.3	2447.6	400.50	194.3
2026-07-12 14:10:00	2118.4	2012.5	2224.4	706.1	706.1	706.1	635.5	2224.4	400.50	176.5
2026-07-12 14:15:00	2065.7	1962.4	2169.0	688.6	688.6	688.6	619.7	2169.0	400.50	172.1
2026-07-12 14:20:00	1775.0	1686.2	1863.7	591.7	591.7	591.7	532.5	1863.7	400.50	147.9
2026-07-12 14:25:00	2285.3	2171.0	2399.6	761.8	761.8	761.8	685.6	2399.6	400.50	190.4
2026-07-12 14:30:00	2014.2	1913.4	2114.9	671.4	671.4	671.4	604.2	2114.9	400.50	167.8
2026-07-12 14:35:00	2223.9	2112.7	2335.1	741.3	741.3	741.3	667.2	2335.1	400.50	185.3
2026-07-12 14:40:00	2155.9	2048.1	2263.7	718.6	718.6	718.6	646.8	2263.7	400.50	179.7
2026-07-12 14:45:00	2115.4	2009.7	2221.2	705.1	705.1	705.1	634.6	2221.2	400.50	176.3
2026-07-12 14:50:00	1897.7	1802.8	1992.6	632.6	632.6	632.6	569.3	1992.6	400.50	158.1
2026-07-12 14:55:00	2073.7	1970.0	2177.4	691.2	691.2	691.2	622.1	2177.4	400.50	172.8
2026-07-12 15:00:00	2630.4	2498.9	2761.9	876.8	876.8	876.8	789.1	2761.9	400.50	219.2
2026-07-12 15:05:00	1656.8	1574.0	1739.6	552.3	552.3	552.3	497.0	1739.6	400.50	138.1
2026-07-12 15:10:00	2239.1	2127.2	2351.1	746.4	746.4	746.4	671.7	2351.1	400.50	186.6
2026-07-12 15:15:00	2624.6	2493.4	2755.9	874.9	874.9	874.9	787.4	2755.9	400.50	218.7
2026-07-12 15:20:00	1948.7	1851.3	2046.2	649.6	649.6	649.6	584.6	2046.2	400.50	162.4
2026-07-12 15:25:00	2319.4	2203.4	2435.4	773.1	773.1	773.1	695.8	2435.4	400.50	193.3
2026-07-12 15:30:00	1611.8	1531.2	1692.4	537.3	537.3	537.3	483.5	1692.4	400.50	134.3
2026-07-12 15:35:00	1562.9	1484.8	1641.1	521.0	521.0	521.0	468.9	1641.1	400.50	130.2
2026-07-12 15:40:00	2696.0	2561.2	2830.9	898.7	898.7	898.7	808.8	2830.9	400.50	224.7
2026-07-12 15:45:00	2682.8	2548.6	2816.9	894.3	894.3	894.3	804.8	2816.9	400.50	223.6
2026-07-12 15:50:00	2679.2	2545.3	2813.2	893.1	893.1	893.1	803.8	2813.2	400.50	223.3
2026-07-12 15:55:00	2368.7	2250.3	2487.1	789.6	789.6	789.6	710.6	2487.1	400.50	197.4
2026-07-12 16:00:00	1843.8	1751.7	1936.0	614.6	614.6	614.6	553.2	1936.0	400.50	153.7
2026-07-12 16:05:00	1927.3	1830.9	2023.6	642.4	642.4	642.4	578.2	2023.6	400.50	160.6
2026-07-12 16:10:00	2245.0	2132.8	2357.3	748.3	748.3	748.3	673.5	2357.3	400.50	187.1
2026-07-12 16:15:00	2554.1	2426.4	2681.8	851.4	851.4	851.4	766.2	2681.8	400.50	212.8
2026-07-12 16:20:00	2400.8	2280.7	2520.8	800.3	800.3	800.3	720.2	2520.8	400.50	200.1
2026-07-12 16:25:00	1723.2	1637.1	1809.4	574.4	574.4	574.4	517.0	1809.4	400.50	143.6
2026-07-12 16:30:00	2316.1	2200.2	2431.9	772.0	772.0	772.0	694.8	2431.9	400.50	193.0
2026-07-12 16:35:00	1943.8	1846.6	2040.9	647.9	647.9	647.9	583.1	2040.9	400.50	162.0
2026-07-12 16:40:00	1797.7	1707.8	1887.6	599.2	599.2	599.2	539.3	1887.6	400.50	149.8
2026-07-12 16:45:00	2568.3	2439.9	2696.7	856.1	856.1	856.1	770.5	2696.7	400.50	214.0
2026-07-12 16:50:00	1654.0	1571.3	1736.7	551.3	551.3	551.3	496.2	1736.7	400.50	137.8
2026-07-12 16:55:00	2209.9	2099.4	2320.4	736.6	736.6	736.6	663.0	2320.4	400.50	184.2
2026-07-12 17:00:00	2601.0	2470.9	2731.0	867.0	867.0	867.0	780.3	2731.0	400.50	216.7
2026-07-12 17:05:00	1664.6	1581.4	1747.9	554.9	554.9	554.9	499.4	1747.9	400.50	138.7
2026-07-12 17:10:00	1792.6	1703.0	1882.2	597.5	597.5	597.5	537.8	1882.2	400.50	149.4
2026-07-12 17:15:00	2236.7	2124.9	2348.6	745.6	745.6	745.6	671.0	2348.6	400.50	186.4
2026-07-12 17:20:00	2106.9	2001.5	2212.2	702.3	702.3	702.3	632.1	2212.2	400.50	175.6
2026-07-12 17:25:00	1923.4	1827.3	2019.6	641.1	641.1	641.1	577.0	2019.6	400.50	160.3
2026-07-12 17:30:00	2342.4	2225.3	2459.5	780.8	780.8	780.8	702.7	2459.5	400.50	195.2
2026-07-12 17:35:00	1686.5	1602.2	1770.9	562.2	562.2	562.2	506.0	1770.9	400.50	140.5
2026-07-12 17:40:00	1883.8	1789.6	1978.0	627.9	627.9	627.9	565.1	1978.0	400.50	157.0
2026-07-12 17:45:00	2056.4	1953.5	2159.2	685.5	685.5	685.5	616.9	2159.2	400.50	171.4
2026-07-12 17:50:00	2609.4	2478.9	2739.9	869.8	869.8	869.8	782.8	2739.9	400.50	217.4
2026-07-12 17:55:00	2222.9	2111.7	2334.0	741.0	741.0	741.0	666.9	2334.0	400.50	185.2
2026-07-12 18:00:00	2566.3	2437.9	2694.6	855.4	855.4	855.4	769.9	2694.6	400.50	213.9
2026-07-12 18:05:00	2327.3	2211.0	2443.7	775.8	775.8	775.8	698.2	2443.7	400.50	193.9
2026-07-12 18:10:00	1973.2	1874.6	2071.9	657.7	657.7	657.7	592.0	2071.9	400.50	164.4
2026-07-12 18:15:00	2346.5	2229.2	2463.9	782.2	782.2	782.2	704.0	2463.9	400.50	195.5
2026-07-12 18:20:00	2409.8	2289.3	2530.3	803.3	803.3	803.3	722.9	2530.3	400.50	200.8
2026-07-12 18:25:00	2326.8	2210.4	2443.1	775.6	775.6	775.6	698.0	2443.1	400.50	193.9
2026-07-12 18:30:00	1537.7	1460.8	1614.6	512.6	512.6	512.6	461.3	1614.6	400.50	128.1
2026-07-12 18:35:00	2145.8	2038.5	2253.1	715.3	715.3	715.3	643.7	2253.1	400.50	178.8
2026-07-12 18:40:00	2578.3	2449.3	2707.2	859.4	859.4	859.4	773.5	2707.2	400.50	214.9
2026-07-12 18:45:00	2053.5	1950.8	2156.2	684.5	684.5	684.5	616.0	2156.2	400.50	171.1
2026-07-12 18:50:00	2001.0	1900.9	2101.0	667.0	667.0	667.0	600.3	2101.0	400.50	166.7
2026-07-12 18:55:00	1975.2	1876.5	2074.0	658.4	658.4	658.4	592.6	2074.0	400.50	164.6
2026-07-12 19:00:00	1974.4	1875.7	2073.1	658.1	658.1	658.1	592.3	2073.1	400.50	164.5
2026-07-12 19:05:00	1671.0	1587.4	1754.5	557.0	557.0	557.0	501.3	1754.5	400.50	139.2
2026-07-12 19:10:00	2475.5	2351.7	2599.3	825.2	825.2	825.2	742.6	2599.3	400.50	206.3
2026-07-12 19:15:00	2607.6	2477.2	2738.0	869.2	869.2	869.2	782.3	2738.0	400.50	217.3
2026-07-12 19:20:00	2587.9	2458.5	2717.3	862.6	862.6	862.6	776.4	2717.3	400.50	215.7
2026-07-12 19:25:00	2088.2	1983.8	2192.6	696.1	696.1	696.1	626.5	2192.6	400.50	174.0
2026-07-12 19:30:00	2217.1	2106.2	2327.9	739.0	739.0	739.0	665.1	2327.9	400.50	184.8
2026-07-12 19:35:00	1560.7	1482.7	1638.8	520.2	520.2	520.2	468.2	1638.8	400.50	130.1
2026-07-12 19:40:00	1942.5	1845.4	2039.7	647.5	647.5	647.5	582.8	2039.7	400.50	161.9
2026-07-12 19:45:00	2598.3	2468.4	2728.2	866.1	866.1	866.1	779.5	2728.2	400.50	216.5
2026-07-12 19:50:00	2326.5	2210.2	2442.8	775.5	775.5	775.5	697.9	2442.8	400.50	193.9
2026-07-12 19:55:00	2512.4	2386.8	2638.0	837.5	837.5	837.5	753.7	2638.0	400.50	209.4
2026-07-12 20:00:00	1734.0	1647.3	1820.7	578.0	578.0	578.0	520.2	1820.7	400.50	144.5
2026-07-12 20:05:00	2113.8	2008.1	2219.5	704.6	704.6	704.6	634.1	2219.5	400.50	176.2
2026-07-12 20:10:00	2559.1	2431.2	2687.1	853.0	853.0	853.0	767.7	2687.1	400.50	213.3
2026-07-12 20:15:00	2234.6	2122.9	2346.4	744.9	744.9	744.9	670.4	2346.4	400.50	186.2
2026-07-12 20:20:00	1944.4	1847.2	2041.6	648.1	648.1	648.1	583.3	2041.6	400.50	162.0
2026-07-12 20:25:00	2650.5	2517.9	2783.0	883.5	883.5	883.5	795.1	2783.0	400.50	220.9
2026-07-12 20:30:00	2502.8	2377.7	2628.0	834.3	834.3	834.3	750.8	2628.0	400.50	208.6
2026-07-12 20:35:00	2264.9	2151.6	2378.1	755.0	755.0	755.0	679.5	2378.1	400.50	188.7
2026-07-12 20:40:00	2593.1	2463.4	2722.8	864.4	864.4	864.4	777.9	2722.8	400.50	216.1
2026-07-12 20:45:00	2112.7	2007.0	2218.3	704.2	704.2	704.2	633.8	2218.3	400.50	176.1
2026-07-12 20:50:00	1752.9	1665.3	1840.6	584.3	584.3	584.3	525.9	1840.6	400.50	146.1
2026-07-12 20:55:00	1669.7	1586.2	1753.2	556.6	556.6	556.6	500.9	1753.2	400.50	139.1
2026-07-12 21:00:00	1631.1	1549.6	1712.7	543.7	543.7	543.7	489.3	1712.7	400.50	135.9
2026-07-12 21:05:00	2027.5	1926.1	2128.9	675.8	675.8	675.8	608.2	2128.9	400.50	169.0
2026-07-12 21:10:00	1899.9	1804.9	1994.9	633.3	633.3	633.3	570.0	1994.9	400.50	158.3
2026-07-12 21:15:00	1564.2	1486.0	1642.4	521.4	521.4	521.4	469.3	1642.4	400.50	130.3
2026-07-12 21:20:00	2139.2	2032.3	2246.2	713.1	713.1	713.1	641.8	2246.2	400.50	178.3
2026-07-12 21:25:00	1665.5	1582.2	1748.7	555.2	555.2	555.2	499.6	1748.7	400.50	138.8
2026-07-12 21:30:00	1927.2	1830.8	2023.5	642.4	642.4	642.4	578.2	2023.5	400.50	160.6
2026-07-12 21:35:00	1774.5	1685.8	1863.2	591.5	591.5	591.5	532.4	1863.2	400.50	147.9
2026-07-12 21:40:00	2549.7	2422.2	2677.2	849.9	849.9	849.9	764.9	2677.2	400.50	212.5
2026-07-12 21:45:00	2286.5	2172.2	2400.9	762.2	762.2	762.2	686.0	2400.9	400.50	190.5
2026-07-12 21:50:00	2266.9	2153.5	2380.2	755.6	755.6	755.6	680.1	2380.2	400.50	188.9
2026-07-12 21:55:00	2330.5	2213.9	2447.0	776.8	776.8	776.8	699.1	2447.0	400.50	194.2
2026-07-12 22:00:00	2286.4	2172.1	2400.7	762.1	762.1	762.1	685.9	2400.7	400.50	190.5
2026-07-12 22:05:00	2445.2	2322.9	2567.4	815.1	815.1	815.1	733.5	2567.4	400.50	203.8
2026-07-12 22:10:00	2591.1	2461.5	2720.6	863.7	863.7	863.7	777.3	2720.6	400.50	215.9
2026-07-12 22:15:00	2341.8	2224.7	2458.9	780.6	780.6	780.6	702.5	2458.9	400.50	195.2
2026-07-12 22:20:00	2469.3	2345.9	2592.8	823.1	823.1	823.1	740.8	2592.8	400.50	205.8
2026-07-12 22:25:00	2517.4	2391.5	2643.2	839.1	839.1	839.1	755.2	2643.2	400.50	209.8
2026-07-12 22:30:00	2531.2	2404.6	2657.7	843.7	843.7	843.7	759.3	2657.7	400.50	210.9
2026-07-12 22:35:00	1530.7	1454.2	1607.3	510.2	510.2	510.2	459.2	1607.3	400.50	127.6
2026-07-12 22:40:00	2203.5	2093.4	2313.7	734.5	734.5	734.5	661.1	2313.7	400.50	183.6
2026-07-12 22:45:00	1606.8	1526.5	1687.2	535.6	535.6	535.6	482.0	1687.2	400.50	133.9
2026-07-12 22:50:00	1816.5	1725.7	1907.4	605.5	605.5	605.5	545.0	1907.4	400.50	151.4
2026-07-12 22:55:00	2450.9	2328.4	2573.4	817.0	817.0	817.0	735.3	2573.4	400.50	204.2
2026-07-12 23:00:00	2389.5	2270.0	2509.0	796.5	796.5	796.5	716.8	2509.0	400.50	199.1
2026-07-12 23:05:00	1603.5	1523.3	1683.6	534.5	534.5	534.5	481.0	1683.6	400.50	133.6
2026-07-12 23:10:00	1596.9	1517.1	1676.8	532.3	532.3	532.3	479.1	1676.8	400.50	133.1
2026-07-12 23:15:00	1987.1	1887.8	2086.5	662.4	662.4	662.4	596.1	2086.5	400.50	165.6
2026-07-12 23:20:00	2140.5	2033.5	2247.6	713.5	713.5	713.5	642.2	2247.6	400.50	178.4
2026-07-12 23:25:00	1995.9	1896.1	2095.7	665.3	665.3	665.3	598.8	2095.7	400.50	166.3
2026-07-12 23:30:00	2276.6	2162.8	2390.5	758.9	758.9	758.9	683.0	2390.5	400.50	189.7
2026-07-12 23:35:00	1544.2	1466.9	1621.4	514.7	514.7	514.7	463.2	1621.4	400.50	128.7
2026-07-12 23:40:00	2147.7	2040.3	2255.1	715.9	715.9	715.9	644.3	2255.1	400.50	179.0
2026-07-12 23:45:00	2183.6	2074.4	2292.8	727.9	727.9	727.9	655.1	2292.8	400.50	182.0
2026-07-12 23:50:00	2694.2	2559.5	2828.9	898.1	898.1	898.1	808.3	2828.9	400.50	224.5
2026-07-12 23:55:00	2059.5	1956.5	2162.5	686.5	686.5	686.5	617.9	2162.5	400.50	171.6
2026-07-13 00:00:00	2161.5	2053.4	2269.6	720.5	720.5	720.5	648.5	2269.6	400.50	180.1
2026-07-13 00:05:00	2606.9	2476.5	2737.2	869.0	869.0	869.0	782.1	2737.2	400.50	217.2
2026-07-13 00:10:00	2529.4	2402.9	2655.8	843.1	843.1	843.1	758.8	2655.8	400.50	210.8
2026-07-13 00:15:00	2192.7	2083.0	2302.3	730.9	730.9	730.9	657.8	2302.3	400.50	182.7
2026-07-13 00:20:00	1880.0	1786.0	1974.0	626.7	626.7	626.7	564.0	1974.0	400.50	156.7
2026-07-13 00:25:00	1957.9	1860.0	2055.8	652.6	652.6	652.6	587.4	2055.8	400.50	163.2
2026-07-13 00:30:00	2091.9	1987.3	2196.5	697.3	697.3	697.3	627.6	2196.5	400.50	174.3
2026-07-13 00:35:00	2112.5	2006.8	2218.1	704.2	704.2	704.2	633.7	2218.1	400.50	176.0
2026-07-13 00:40:00	2492.6	2367.9	2617.2	830.9	830.9	830.9	747.8	2617.2	400.50	207.7
2026-07-13 00:45:00	1768.5	1680.0	1856.9	589.5	589.5	589.5	530.5	1856.9	400.50	147.4
2026-07-13 00:50:00	2218.6	2107.7	2329.5	739.5	739.5	739.5	665.6	2329.5	400.50	184.9
2026-07-13 00:55:00	2277.9	2164.0	2391.8	759.3	759.3	759.3	683.4	2391.8	400.50	189.8
2026-07-13 01:00:00	2001.0	1901.0	2101.1	667.0	667.0	667.0	600.3	2101.1	400.50	166.8
2026-07-13 01:05:00	1806.7	1716.4	1897.0	602.2	602.2	602.2	542.0	1897.0	400.50	150.6
2026-07-13 01:10:00	2396.9	2277.1	2516.8	799.0	799.0	799.0	719.1	2516.8	400.50	199.7
2026-07-13 01:15:00	2144.8	2037.5	2252.0	714.9	714.9	714.9	643.4	2252.0	400.50	178.7
2026-07-13 01:20:00	2148.1	2040.7	2255.5	716.0	716.0	716.0	644.4	2255.5	400.50	179.0
2026-07-13 01:25:00	2161.1	2053.1	2269.2	720.4	720.4	720.4	648.3	2269.2	400.50	180.1
2026-07-13 01:30:00	1676.8	1592.9	1760.6	558.9	558.9	558.9	503.0	1760.6	400.50	139.7
2026-07-13 01:35:00	1574.6	1495.9	1653.3	524.9	524.9	524.9	472.4	1653.3	400.50	131.2
2026-07-13 01:40:00	2469.9	2346.4	2593.3	823.3	823.3	823.3	741.0	2593.3	400.50	205.8
2026-07-13 01:45:00	2392.9	2273.3	2512.6	797.6	797.6	797.6	717.9	2512.6	400.50	199.4
2026-07-13 01:50:00	1766.7	1678.4	1855.1	588.9	588.9	588.9	530.0	1855.1	400.50	147.2
2026-07-13 01:55:00	1738.8	1651.8	1825.7	579.6	579.6	579.6	521.6	1825.7	400.50	144.9
2026-07-13 02:00:00	2104.1	1998.9	2209.3	701.4	701.4	701.4	631.2	2209.3	400.50	175.3
2026-07-13 02:05:00	1979.1	1880.2	2078.1	659.7	659.7	659.7	593.7	2078.1	400.50	164.9
2026-07-13 02:10:00	2680.9	2546.9	2815.0	893.6	893.6	893.6	804.3	2815.0	400.50	223.4
2026-07-13 02:15:00	1681.5	1597.5	1765.6	560.5	560.5	560.5	504.5	1765.6	400.50	140.1
2026-07-13 02:20:00	1875.5	1781.7	1969.3	625.2	625.2	625.2	562.7	1969.3	400.50	156.3
2026-07-13 02:25:00	1528.6	1452.2	1605.0	509.5	509.5	509.5	458.6	1605.0	400.50	127.4
2026-07-13 02:30:00	2178.6	2069.7	2287.5	726.2	726.2	726.2	653.6	2287.5	400.50	181.6
2026-07-13 02:35:00	1975.4	1876.7	2074.2	658.5	658.5	658.5	592.6	2074.2	400.50	164.6
2026-07-13 02:40:00	1613.3	1532.7	1694.0	537.8	537.8	537.8	484.0	1694.0	400.50	134.4
2026-07-13 02:45:00	1947.8	1850.4	2045.2	649.3	649.3	649.3	584.3	2045.2	400.50	162.3
2026-07-13 02:50:00	2067.5	1964.1	2170.8	689.2	689.2	689.2	620.2	2170.8	400.50	172.3
2026-07-13 02:55:00	1630.4	1548.9	1712.0	543.5	543.5	543.5	489.1	1712.0	400.50	135.9
2026-07-13 03:00:00	1641.6	1559.5	1723.7	547.2	547.2	547.2	492.5	1723.7	400.50	136.8
2026-07-13 03:05:00	1912.1	1816.5	2007.7	637.4	637.4	637.4	573.6	2007.7	400.50	159.3
2026-07-13 03:10:00	2407.4	2287.1	2527.8	802.5	802.5	802.5	722.2	2527.8	400.50	200.6
2026-07-13 03:15:00	2503.3	2378.1	2628.5	834.4	834.4	834.4	751.0	2628.5	400.50	208.6
2026-07-13 03:20:00	2271.2	2157.6	2384.7	757.1	757.1	757.1	681.3	2384.7	400.50	189.3
2026-07-13 03:25:00	2488.4	2363.9	2612.8	829.5	829.5	829.5	746.5	2612.8	400.50	207.4
2026-07-13 03:30:00	2100.1	1995.1	2205.1	700.0	700.0	700.0	630.0	2205.1	400.50	175.0
2026-07-13 03:35:00	1661.3	1578.2	1744.4	553.8	553.8	553.8	498.4	1744.4	400.50	138.4
2026-07-13 03:40:00	1626.5	1545.2	1707.9	542.2	542.2	542.2	488.0	1707.9	400.50	135.5
2026-07-13 03:45:00	2518.6	2392.7	2644.6	839.5	839.5	839.5	755.6	2644.6	400.50	209.9
2026-07-13 03:50:00	1731.6	1645.1	1818.2	577.2	577.2	577.2	519.5	1818.2	400.50	144.3
2026-07-13 03:55:00	1986.3	1887.0	2085.6	662.1	662.1	662.1	595.9	2085.6	400.50	165.5
2026-07-13 04:00:00	2299.3	2184.3	2414.2	766.4	766.4	766.4	689.8	2414.2	400.50	191.6
2026-07-13 04:05:00	2532.4	2405.7	2659.0	844.1	844.1	844.1	759.7	2659.0	400.50	211.0
2026-07-13 04:10:00	1982.8	1883.7	2082.0	660.9	660.9	660.9	594.9	2082.0	400.50	165.2
2026-07-13 04:15:00	1697.6	1612.7	1782.5	565.9	565.9	565.9	509.3	1782.5	400.50	141.5
2026-07-13 04:20:00	2014.0	1913.3	2114.7	671.3	671.3	671.3	604.2	2114.7	400.50	167.8
2026-07-13 04:25:00	1944.5	1847.3	2041.7	648.2	648.2	648.2	583.3	2041.7	400.50	162.0
2026-07-13 04:30:00	1617.0	1536.2	1697.9	539.0	539.0	539.0	485.1	1697.9	400.50	134.8
2026-07-13 04:35:00	1754.0	1666.3	1841.7	584.7	584.7	584.7	526.2	1841.7	400.50	146.2
2026-07-13 04:40:00	2004.5	1904.3	2104.8	668.2	668.2	668.2	601.4	2104.8	400.50	167.0
2026-07-13 04:45:00	1627.3	1546.0	1708.7	542.4	542.4	542.4	488.2	1708.7	400.50	135.6
2026-07-13 04:50:00	2599.5	2469.6	2729.5	866.5	866.5	866.5	779.9	2729.5	400.50	216.6
2026-07-13 04:55:00	1643.6	1561.5	1725.8	547.9	547.9	547.9	493.1	1725.8	400.50	137.0
2026-07-13 05:00:00	1619.2	1538.2	1700.1	539.7	539.7	539.7	485.7	1700.1	400.50	134.9
2026-07-13 05:05:00	2161.2	2053.1	2269.2	720.4	720.4	720.4	648.3	2269.2	400.50	180.1
2026-07-13 05:10:00	2508.8	2383.3	2634.2	836.3	836.3	836.3	752.6	2634.2	400.50	209.1
2026-07-13 05:15:00	2112.6	2007.0	2218.3	704.2	704.2	704.2	633.8	2218.3	400.50	176.1
2026-07-13 05:20:00	1506.7	1431.4	1582.0	502.2	502.2	502.2	452.0	1582.0	400.50	125.6
2026-07-13 05:25:00	2062.7	1959.6	2165.8	687.6	687.6	687.6	618.8	2165.8	400.50	171.9
2026-07-13 05:30:00	2611.6	2481.0	2742.2	870.5	870.5	870.5	783.5	2742.2	400.50	217.6
2026-07-13 05:35:00	2265.2	2151.9	2378.4	755.1	755.1	755.1	679.5	2378.4	400.50	188.8
2026-07-13 05:40:00	2339.2	2222.3	2456.2	779.7	779.7	779.7	701.8	2456.2	400.50	194.9
2026-07-13 05:45:00	2195.8	2086.0	2305.6	731.9	731.9	731.9	658.7	2305.6	400.50	183.0
2026-07-13 05:50:00	1679.4	1595.5	1763.4	559.8	559.8	559.8	503.8	1763.4	400.50	140.0
2026-07-13 05:55:00	2235.9	2124.1	2347.7	745.3	745.3	745.3	670.8	2347.7	400.50	186.3
2026-07-13 06:00:00	2140.5	2033.4	2247.5	713.5	713.5	713.5	642.1	2247.5	400.50	178.4
2026-07-13 06:05:00	2232.3	2120.7	2343.9	744.1	744.1	744.1	669.7	2343.9	400.50	186.0
2026-07-13 06:10:00	2198.8	2088.9	2308.7	732.9	732.9	732.9	659.6	2308.7	400.50	183.2
2026-07-13 06:15:00	2303.0	2187.8	2418.1	767.7	767.7	767.7	690.9	2418.1	400.50	191.9
2026-07-13 06:20:00	1784.2	1695.0	1873.4	594.7	594.7	594.7	535.3	1873.4	400.50	148.7
2026-07-13 06:25:00	2615.1	2484.4	2745.9	871.7	871.7	871.7	784.5	2745.9	400.50	217.9
2026-07-13 06:30:00	2169.9	2061.4	2278.4	723.3	723.3	723.3	651.0	2278.4	400.50	180.8
2026-07-13 06:35:00	2559.6	2431.6	2687.6	853.2	853.2	853.2	767.9	2687.6	400.50	213.3
2026-07-13 06:40:00	2209.6	2099.1	2320.1	736.5	736.5	736.5	662.9	2320.1	400.50	184.1
2026-07-13 06:45:00	1837.4	1745.5	1929.3	612.5	612.5	612.5	551.2	1929.3	400.50	153.1
2026-07-13 06:50:00	2379.1	2260.2	2498.1	793.0	793.0	793.0	713.7	2498.1	400.50	198.3
2026-07-13 06:55:00	2420.5	2299.5	2541.5	806.8	806.8	806.8	726.2	2541.5	400.50	201.7
2026-07-13 07:00:00	2442.6	2320.4	2564.7	814.2	814.2	814.2	732.8	2564.7	400.50	203.5
2026-07-13 07:05:00	1562.0	1483.9	1640.1	520.7	520.7	520.7	468.6	1640.1	400.50	130.2
2026-07-13 07:10:00	1550.2	1472.7	1627.7	516.7	516.7	516.7	465.1	1627.7	400.50	129.2
2026-07-13 07:15:00	2542.6	2415.5	2669.8	847.5	847.5	847.5	762.8	2669.8	400.50	211.9
2026-07-13 07:20:00	1649.4	1566.9	1731.9	549.8	549.8	549.8	494.8	1731.9	400.50	137.5
2026-07-13 07:25:00	2388.9	2269.4	2508.3	796.3	796.3	796.3	716.7	2508.3	400.50	199.1
2026-07-13 07:30:00	1713.9	1628.2	1799.6	571.3	571.3	571.3	514.2	1799.6	400.50	142.8
2026-07-13 07:35:00	2682.8	2548.7	2817.0	894.3	894.3	894.3	804.8	2817.0	400.50	223.6
2026-07-13 07:40:00	2251.5	2138.9	2364.0	750.5	750.5	750.5	675.4	2364.0	400.50	187.6
2026-07-13 07:45:00	2571.1	2442.5	2699.7	857.0	857.0	857.0	771.3	2699.7	400.50	214.3
2026-07-13 07:50:00	1863.0	1769.9	1956.2	621.0	621.0	621.0	558.9	1956.2	400.50	155.3
2026-07-13 07:55:00	1510.6	1435.1	1586.2	503.5	503.5	503.5	453.2	1586.2	400.50	125.9
2026-07-13 08:00:00	1687.6	1603.2	1772.0	562.5	562.5	562.5	506.3	1772.0	400.50	140.6
2026-07-13 08:05:00	2667.7	2534.3	2801.0	889.2	889.2	889.2	800.3	2801.0	400.50	222.3
2026-07-13 08:10:00	2581.3	2452.2	2710.3	860.4	860.4	860.4	774.4	2710.3	400.50	215.1
2026-07-13 08:15:00	1968.5	1870.1	2066.9	656.2	656.2	656.2	590.6	2066.9	400.50	164.0
2026-07-13 08:20:00	2529.2	2402.7	2655.6	843.1	843.1	843.1	758.7	2655.6	400.50	210.8
2026-07-13 08:25:00	2326.3	2210.0	2442.6	775.4	775.4	775.4	697.9	2442.6	400.50	193.9
2026-07-13 08:30:00	2665.8	2532.5	2799.1	888.6	888.6	888.6	799.7	2799.1	400.50	222.2
2026-07-13 08:35:00	2243.4	2131.2	2355.5	747.8	747.8	747.8	673.0	2355.5	400.50	186.9
2026-07-13 08:40:00	2144.5	2037.3	2251.7	714.8	714.8	714.8	643.3	2251.7	400.50	178.7
2026-07-13 08:45:00	2487.5	2363.2	2611.9	829.2	829.2	829.2	746.3	2611.9	400.50	207.3
2026-07-13 08:50:00	2683.8	2549.6	2817.9	894.6	894.6	894.6	805.1	2817.9	400.50	223.6
2026-07-13 08:55:00	1754.9	1667.2	1842.6	585.0	585.0	585.0	526.5	1842.6	400.50	146.2
2026-07-13 09:00:00	2320.8	2204.8	2436.8	773.6	773.6	773.6	696.2	2436.8	400.50	193.4
2026-07-13 09:05:00	1978.9	1880.0	2077.9	659.6	659.6	659.6	593.7	2077.9	400.50	164.9
2026-07-13 09:10:00	1766.4	1678.1	1854.7	588.8	588.8	588.8	529.9	1854.7	400.50	147.2
2026-07-13 09:15:00	1870.6	1777.1	1964.1	623.5	623.5	623.5	561.2	1964.1	400.50	155.9
2026-07-13 09:20:00	2603.8	2473.6	2733.9	867.9	867.9	867.9	781.1	2733.9	400.50	217.0
2026-07-13 09:25:00	2200.2	2090.2	2310.3	733.4	733.4	733.4	660.1	2310.3	400.50	183.4
2026-07-13 09:30:00	1889.0	1794.5	1983.4	629.7	629.7	629.7	566.7	1983.4	400.50	157.4
2026-07-13 09:35:00	2549.7	2422.2	2677.2	849.9	849.9	849.9	764.9	2677.2	400.50	212.5
2026-07-13 09:40:00	2632.1	2500.5	2763.7	877.4	877.4	877.4	789.6	2763.7	400.50	219.3
2026-07-13 09:45:00	2391.3	2271.7	2510.8	797.1	797.1	797.1	717.4	2510.8	400.50	199.3
2026-07-13 09:50:00	2068.0	1964.6	2171.4	689.3	689.3	689.3	620.4	2171.4	400.50	172.3
2026-07-13 09:55:00	2612.1	2481.5	2742.7	870.7	870.7	870.7	783.6	2742.7	400.50	217.7
2026-07-13 10:00:00	2349.9	2232.4	2467.4	783.3	783.3	783.3	705.0	2467.4	400.50	195.8
2026-07-13 10:05:00	1987.5	1888.1	2086.8	662.5	662.5	662.5	596.2	2086.8	400.50	165.6
2026-07-13 10:10:00	1994.8	1895.1	2094.6	664.9	664.9	664.9	598.5	2094.6	400.50	166.2
2026-07-13 10:15:00	1700.7	1615.7	1785.8	566.9	566.9	566.9	510.2	1785.8	400.50	141.7
2026-07-13 10:20:00	2446.5	2324.2	2568.8	815.5	815.5	815.5	733.9	2568.8	400.50	203.9
2026-07-13 10:25:00	2303.6	2188.5	2418.8	767.9	767.9	767.9	691.1	2418.8	400.50	192.0
2026-07-13 10:30:00	1880.2	1786.2	1974.2	626.7	626.7	626.7	564.1	1974.2	400.50	156.7
